time,ghi,solar_pu
2023-01-01 00:30:00,0.0,0.0
2023-01-01 01:30:00,0.0,0.0
2023-01-01 02:30:00,84.1,0.0841
2023-01-01 03:30:00,261.66,0.26166
2023-01-01 04:30:00,438.01,0.43801
2023-01-01 05:30:00,572.61,0.5726100000000001
2023-01-01 06:30:00,648.56,0.6485599999999999
2023-01-01 07:30:00,657.41,0.6574099999999999
2023-01-01 08:30:00,597.81,0.59781
2023-01-01 09:30:00,476.51,0.47651
2023-01-01 10:30:00,308.11,0.30811
2023-01-01 11:30:00,124.35,0.12434999999999999
2023-01-01 12:30:00,0.0,0.0
2023-01-01 13:30:00,0.0,0.0
2023-01-01 14:30:00,0.0,0.0
2023-01-01 15:30:00,0.0,0.0
2023-01-01 16:30:00,0.0,0.0
2023-01-01 17:30:00,0.0,0.0
2023-01-01 18:30:00,0.0,0.0
2023-01-01 19:30:00,0.0,0.0
2023-01-01 20:30:00,0.0,0.0
2023-01-01 21:30:00,0.0,0.0
2023-01-01 22:30:00,0.0,0.0
2023-01-01 23:30:00,0.0,0.0
2023-01-02 00:30:00,0.0,0.0
2023-01-02 01:30:00,0.0,0.0
2023-01-02 02:30:00,82.15,0.08215
2023-01-02 03:30:00,257.56,0.25756
2023-01-02 04:30:00,432.86,0.43286
2023-01-02 05:30:00,567.91,0.5679099999999999
2023-01-02 06:30:00,646.46,0.64646
2023-01-02 07:30:00,656.56,0.6565599999999999
2023-01-02 08:30:00,598.51,0.59851
2023-01-02 09:30:00,478.21,0.47820999999999997
2023-01-02 10:30:00,309.51,0.30951
2023-01-02 11:30:00,125.6,0.1256
2023-01-02 12:30:00,0.0,0.0
2023-01-02 13:30:00,0.0,0.0
2023-01-02 14:30:00,0.0,0.0
2023-01-02 15:30:00,0.0,0.0
2023-01-02 16:30:00,0.0,0.0
2023-01-02 17:30:00,0.0,0.0
2023-01-02 18:30:00,0.0,0.0
2023-01-02 19:30:00,0.0,0.0
2023-01-02 20:30:00,0.0,0.0
2023-01-02 21:30:00,0.0,0.0
2023-01-02 22:30:00,0.0,0.0
2023-01-02 23:30:00,0.0,0.0
2023-01-03 00:30:00,0.0,0.0
2023-01-03 01:30:00,0.0,0.0
2023-01-03 02:30:00,77.0,0.077
2023-01-03 03:30:00,245.16,0.24516
2023-01-03 04:30:00,419.41,0.41941
2023-01-03 05:30:00,553.21,0.5532100000000001
2023-01-03 06:30:00,629.96,0.6299600000000001
2023-01-03 07:30:00,610.41,0.61041
2023-01-03 08:30:00,540.46,0.54046
2023-01-03 09:30:00,402.01,0.40201
2023-01-03 10:30:00,276.26,0.27626
2023-01-03 11:30:00,105.7,0.1057
2023-01-03 12:30:00,0.0,0.0
2023-01-03 13:30:00,0.0,0.0
2023-01-03 14:30:00,0.0,0.0
2023-01-03 15:30:00,0.0,0.0
2023-01-03 16:30:00,0.0,0.0
2023-01-03 17:30:00,0.0,0.0
2023-01-03 18:30:00,0.0,0.0
2023-01-03 19:30:00,0.0,0.0
2023-01-03 20:30:00,0.0,0.0
2023-01-03 21:30:00,0.0,0.0
2023-01-03 22:30:00,0.0,0.0
2023-01-03 23:30:00,0.0,0.0
2023-01-04 00:30:00,0.0,0.0
2023-01-04 01:30:00,0.0,0.0
2023-01-04 02:30:00,54.0,0.054
2023-01-04 03:30:00,151.05,0.15105000000000002
2023-01-04 04:30:00,389.81,0.38981
2023-01-04 05:30:00,521.86,0.52186
2023-01-04 06:30:00,573.41,0.57341
2023-01-04 07:30:00,518.71,0.51871
2023-01-04 08:30:00,250.4,0.2504
2023-01-04 09:30:00,256.05,0.25605
2023-01-04 10:30:00,129.0,0.129
2023-01-04 11:30:00,54.35,0.05435
2023-01-04 12:30:00,0.0,0.0
2023-01-04 13:30:00,0.0,0.0
2023-01-04 14:30:00,0.0,0.0
2023-01-04 15:30:00,0.0,0.0
2023-01-04 16:30:00,0.0,0.0
2023-01-04 17:30:00,0.0,0.0
2023-01-04 18:30:00,0.0,0.0
2023-01-04 19:30:00,0.0,0.0
2023-01-04 20:30:00,0.0,0.0
2023-01-04 21:30:00,0.0,0.0
2023-01-04 22:30:00,0.0,0.0
2023-01-04 23:30:00,0.0,0.0
2023-01-05 00:30:00,0.0,0.0
2023-01-05 01:30:00,0.0,0.0
2023-01-05 02:30:00,66.7,0.06670000000000001
2023-01-05 03:30:00,216.81,0.21681
2023-01-05 04:30:00,363.76,0.36376
2023-01-05 05:30:00,523.01,0.52301
2023-01-05 06:30:00,612.76,0.61276
2023-01-05 07:30:00,465.96,0.46596
2023-01-05 08:30:00,165.2,0.16519999999999999
2023-01-05 09:30:00,145.4,0.1454
2023-01-05 10:30:00,18.75,0.01875
2023-01-05 11:30:00,14.0,0.014
2023-01-05 12:30:00,0.0,0.0
2023-01-05 13:30:00,0.0,0.0
2023-01-05 14:30:00,0.0,0.0
2023-01-05 15:30:00,0.0,0.0
2023-01-05 16:30:00,0.0,0.0
2023-01-05 17:30:00,0.0,0.0
2023-01-05 18:30:00,0.0,0.0
2023-01-05 19:30:00,0.0,0.0
2023-01-05 20:30:00,0.0,0.0
2023-01-05 21:30:00,0.0,0.0
2023-01-05 22:30:00,0.0,0.0
2023-01-05 23:30:00,0.0,0.0
2023-01-06 00:30:00,0.0,0.0
2023-01-06 01:30:00,0.0,0.0
2023-01-06 02:30:00,68.35,0.06835
2023-01-06 03:30:00,232.06,0.23206
2023-01-06 04:30:00,403.06,0.40306000000000003
2023-01-06 05:30:00,547.41,0.54741
2023-01-06 06:30:00,551.96,0.55196
2023-01-06 07:30:00,479.86,0.47986
2023-01-06 08:30:00,405.06,0.40506
2023-01-06 09:30:00,296.26,0.29625999999999997
2023-01-06 10:30:00,225.9,0.22590000000000002
2023-01-06 11:30:00,52.0,0.052
2023-01-06 12:30:00,0.0,0.0
2023-01-06 13:30:00,0.0,0.0
2023-01-06 14:30:00,0.0,0.0
2023-01-06 15:30:00,0.0,0.0
2023-01-06 16:30:00,0.0,0.0
2023-01-06 17:30:00,0.0,0.0
2023-01-06 18:30:00,0.0,0.0
2023-01-06 19:30:00,0.0,0.0
2023-01-06 20:30:00,0.0,0.0
2023-01-06 21:30:00,0.0,0.0
2023-01-06 22:30:00,0.0,0.0
2023-01-06 23:30:00,0.0,0.0
2023-01-07 00:30:00,0.0,0.0
2023-01-07 01:30:00,0.0,0.0
2023-01-07 02:30:00,39.05,0.039049999999999994
2023-01-07 03:30:00,132.85,0.13285
2023-01-07 04:30:00,262.4,0.26239999999999997
2023-01-07 05:30:00,306.5,0.3065
2023-01-07 06:30:00,426.11,0.42611
2023-01-07 07:30:00,447.51,0.44750999999999996
2023-01-07 08:30:00,374.01,0.37401
2023-01-07 09:30:00,237.3,0.2373
2023-01-07 10:30:00,167.75,0.16775
2023-01-07 11:30:00,46.0,0.046
2023-01-07 12:30:00,0.0,0.0
2023-01-07 13:30:00,0.0,0.0
2023-01-07 14:30:00,0.0,0.0
2023-01-07 15:30:00,0.0,0.0
2023-01-07 16:30:00,0.0,0.0
2023-01-07 17:30:00,0.0,0.0
2023-01-07 18:30:00,0.0,0.0
2023-01-07 19:30:00,0.0,0.0
2023-01-07 20:30:00,0.0,0.0
2023-01-07 21:30:00,0.0,0.0
2023-01-07 22:30:00,0.0,0.0
2023-01-07 23:30:00,0.0,0.0
2023-01-08 00:30:00,0.0,0.0
2023-01-08 01:30:00,0.0,0.0
2023-01-08 02:30:00,49.05,0.049049999999999996
2023-01-08 03:30:00,174.15,0.17415
2023-01-08 04:30:00,338.96,0.33896
2023-01-08 05:30:00,535.46,0.53546
2023-01-08 06:30:00,632.81,0.63281
2023-01-08 07:30:00,631.86,0.63186
2023-01-08 08:30:00,535.66,0.5356599999999999
2023-01-08 09:30:00,473.01,0.47301
2023-01-08 10:30:00,314.01,0.31401
2023-01-08 11:30:00,136.35,0.13635
2023-01-08 12:30:00,0.0,0.0
2023-01-08 13:30:00,0.0,0.0
2023-01-08 14:30:00,0.0,0.0
2023-01-08 15:30:00,0.0,0.0
2023-01-08 16:30:00,0.0,0.0
2023-01-08 17:30:00,0.0,0.0
2023-01-08 18:30:00,0.0,0.0
2023-01-08 19:30:00,0.0,0.0
2023-01-08 20:30:00,0.0,0.0
2023-01-08 21:30:00,0.0,0.0
2023-01-08 22:30:00,0.0,0.0
2023-01-08 23:30:00,0.0,0.0
2023-01-09 00:30:00,0.0,0.0
2023-01-09 01:30:00,0.0,0.0
2023-01-09 02:30:00,85.7,0.0857
2023-01-09 03:30:00,270.91,0.27091000000000004
2023-01-09 04:30:00,456.41,0.45641000000000004
2023-01-09 05:30:00,600.56,0.60056
2023-01-09 06:30:00,684.21,0.68421
2023-01-09 07:30:00,697.61,0.6976100000000001
2023-01-09 08:30:00,639.81,0.63981
2023-01-09 09:30:00,516.56,0.5165599999999999
2023-01-09 10:30:00,343.36,0.34336
2023-01-09 11:30:00,149.0,0.149
2023-01-09 12:30:00,0.0,0.0
2023-01-09 13:30:00,0.0,0.0
2023-01-09 14:30:00,0.0,0.0
2023-01-09 15:30:00,0.0,0.0
2023-01-09 16:30:00,0.0,0.0
2023-01-09 17:30:00,0.0,0.0
2023-01-09 18:30:00,0.0,0.0
2023-01-09 19:30:00,0.0,0.0
2023-01-09 20:30:00,0.0,0.0
2023-01-09 21:30:00,0.0,0.0
2023-01-09 22:30:00,0.0,0.0
2023-01-09 23:30:00,0.0,0.0
2023-01-10 00:30:00,0.0,0.0
2023-01-10 01:30:00,0.0,0.0
2023-01-10 02:30:00,87.15,0.08715
2023-01-10 03:30:00,274.86,0.27486
2023-01-10 04:30:00,461.46,0.46146
2023-01-10 05:30:00,605.31,0.6053099999999999
2023-01-10 06:30:00,687.06,0.6870599999999999
2023-01-10 07:30:00,700.31,0.70031
2023-01-10 08:30:00,642.56,0.6425599999999999
2023-01-10 09:30:00,519.91,0.51991
2023-01-10 10:30:00,346.36,0.34636
2023-01-10 11:30:00,151.75,0.15175
2023-01-10 12:30:00,16.05,0.016050000000000002
2023-01-10 13:30:00,0.0,0.0
2023-01-10 14:30:00,0.0,0.0
2023-01-10 15:30:00,0.0,0.0
2023-01-10 16:30:00,0.0,0.0
2023-01-10 17:30:00,0.0,0.0
2023-01-10 18:30:00,0.0,0.0
2023-01-10 19:30:00,0.0,0.0
2023-01-10 20:30:00,0.0,0.0
2023-01-10 21:30:00,0.0,0.0
2023-01-10 22:30:00,0.0,0.0
2023-01-10 23:30:00,0.0,0.0
2023-01-11 00:30:00,0.0,0.0
2023-01-11 01:30:00,0.0,0.0
2023-01-11 02:30:00,85.45,0.08545
2023-01-11 03:30:00,271.71,0.27171
2023-01-11 04:30:00,458.11,0.45811
2023-01-11 05:30:00,601.96,0.60196
2023-01-11 06:30:00,688.11,0.68811
2023-01-11 07:30:00,701.76,0.7017599999999999
2023-01-11 08:30:00,644.01,0.64401
2023-01-11 09:30:00,521.11,0.52111
2023-01-11 10:30:00,347.51,0.34751
2023-01-11 11:30:00,152.8,0.15280000000000002
2023-01-11 12:30:00,16.55,0.016550000000000002
2023-01-11 13:30:00,0.0,0.0
2023-01-11 14:30:00,0.0,0.0
2023-01-11 15:30:00,0.0,0.0
2023-01-11 16:30:00,0.0,0.0
2023-01-11 17:30:00,0.0,0.0
2023-01-11 18:30:00,0.0,0.0
2023-01-11 19:30:00,0.0,0.0
2023-01-11 20:30:00,0.0,0.0
2023-01-11 21:30:00,0.0,0.0
2023-01-11 22:30:00,0.0,0.0
2023-01-11 23:30:00,0.0,0.0
2023-01-12 00:30:00,0.0,0.0
2023-01-12 01:30:00,0.0,0.0
2023-01-12 02:30:00,87.25,0.08725
2023-01-12 03:30:00,276.31,0.27631
2023-01-12 04:30:00,464.36,0.46436
2023-01-12 05:30:00,609.26,0.60926
2023-01-12 06:30:00,693.81,0.6938099999999999
2023-01-12 07:30:00,707.11,0.70711
2023-01-12 08:30:00,649.21,0.6492100000000001
2023-01-12 09:30:00,526.51,0.52651
2023-01-12 10:30:00,353.06,0.35306
2023-01-12 11:30:00,157.2,0.15719999999999998
2023-01-12 12:30:00,17.75,0.01775
2023-01-12 13:30:00,0.0,0.0
2023-01-12 14:30:00,0.0,0.0
2023-01-12 15:30:00,0.0,0.0
2023-01-12 16:30:00,0.0,0.0
2023-01-12 17:30:00,0.0,0.0
2023-01-12 18:30:00,0.0,0.0
2023-01-12 19:30:00,0.0,0.0
2023-01-12 20:30:00,0.0,0.0
2023-01-12 21:30:00,0.0,0.0
2023-01-12 22:30:00,0.0,0.0
2023-01-12 23:30:00,0.0,0.0
2023-01-13 00:30:00,0.0,0.0
2023-01-13 01:30:00,0.0,0.0
2023-01-13 02:30:00,83.25,0.08325
2023-01-13 03:30:00,267.26,0.26726
2023-01-13 04:30:00,461.41,0.46141000000000004
2023-01-13 05:30:00,605.66,0.60566
2023-01-13 06:30:00,687.86,0.68786
2023-01-13 07:30:00,703.11,0.70311
2023-01-13 08:30:00,645.91,0.64591
2023-01-13 09:30:00,523.26,0.52326
2023-01-13 10:30:00,350.61,0.35061000000000003
2023-01-13 11:30:00,155.65,0.15565
2023-01-13 12:30:00,17.75,0.01775
2023-01-13 13:30:00,0.0,0.0
2023-01-13 14:30:00,0.0,0.0
2023-01-13 15:30:00,0.0,0.0
2023-01-13 16:30:00,0.0,0.0
2023-01-13 17:30:00,0.0,0.0
2023-01-13 18:30:00,0.0,0.0
2023-01-13 19:30:00,0.0,0.0
2023-01-13 20:30:00,0.0,0.0
2023-01-13 21:30:00,0.0,0.0
2023-01-13 22:30:00,0.0,0.0
2023-01-13 23:30:00,0.0,0.0
2023-01-14 00:30:00,0.0,0.0
2023-01-14 01:30:00,0.0,0.0
2023-01-14 02:30:00,83.3,0.0833
2023-01-14 03:30:00,268.96,0.26896
2023-01-14 04:30:00,456.26,0.45626
2023-01-14 05:30:00,601.71,0.6017100000000001
2023-01-14 06:30:00,685.06,0.6850599999999999
2023-01-14 07:30:00,700.21,0.70021
2023-01-14 08:30:00,644.21,0.6442100000000001
2023-01-14 09:30:00,522.36,0.52236
2023-01-14 10:30:00,350.26,0.35026
2023-01-14 11:30:00,156.85,0.15685
2023-01-14 12:30:00,18.5,0.0185
2023-01-14 13:30:00,0.0,0.0
2023-01-14 14:30:00,0.0,0.0
2023-01-14 15:30:00,0.0,0.0
2023-01-14 16:30:00,0.0,0.0
2023-01-14 17:30:00,0.0,0.0
2023-01-14 18:30:00,0.0,0.0
2023-01-14 19:30:00,0.0,0.0
2023-01-14 20:30:00,0.0,0.0
2023-01-14 21:30:00,0.0,0.0
2023-01-14 22:30:00,0.0,0.0
2023-01-14 23:30:00,0.0,0.0
2023-01-15 00:30:00,0.0,0.0
2023-01-15 01:30:00,0.0,0.0
2023-01-15 02:30:00,81.05,0.08105
2023-01-15 03:30:00,264.26,0.26426
2023-01-15 04:30:00,451.01,0.45100999999999997
2023-01-15 05:30:00,594.56,0.59456
2023-01-15 06:30:00,679.26,0.67926
2023-01-15 07:30:00,696.11,0.69611
2023-01-15 08:30:00,641.86,0.64186
2023-01-15 09:30:00,522.01,0.52201
2023-01-15 10:30:00,350.36,0.35036
2023-01-15 11:30:00,157.45,0.15744999999999998
2023-01-15 12:30:00,19.05,0.01905
2023-01-15 13:30:00,0.0,0.0
2023-01-15 14:30:00,0.0,0.0
2023-01-15 15:30:00,0.0,0.0
2023-01-15 16:30:00,0.0,0.0
2023-01-15 17:30:00,0.0,0.0
2023-01-15 18:30:00,0.0,0.0
2023-01-15 19:30:00,0.0,0.0
2023-01-15 20:30:00,0.0,0.0
2023-01-15 21:30:00,0.0,0.0
2023-01-15 22:30:00,0.0,0.0
2023-01-15 23:30:00,0.0,0.0
2023-01-16 00:30:00,0.0,0.0
2023-01-16 01:30:00,0.0,0.0
2023-01-16 02:30:00,82.65,0.08265
2023-01-16 03:30:00,269.56,0.26956
2023-01-16 04:30:00,456.51,0.45650999999999997
2023-01-16 05:30:00,603.76,0.60376
2023-01-16 06:30:00,696.36,0.69636
2023-01-16 07:30:00,713.76,0.71376
2023-01-16 08:30:00,658.51,0.65851
2023-01-16 09:30:00,537.86,0.53786
2023-01-16 10:30:00,365.51,0.36551
2023-01-16 11:30:00,167.75,0.16775
2023-01-16 12:30:00,21.3,0.0213
2023-01-16 13:30:00,0.0,0.0
2023-01-16 14:30:00,0.0,0.0
2023-01-16 15:30:00,0.0,0.0
2023-01-16 16:30:00,0.0,0.0
2023-01-16 17:30:00,0.0,0.0
2023-01-16 18:30:00,0.0,0.0
2023-01-16 19:30:00,0.0,0.0
2023-01-16 20:30:00,0.0,0.0
2023-01-16 21:30:00,0.0,0.0
2023-01-16 22:30:00,0.0,0.0
2023-01-16 23:30:00,0.0,0.0
2023-01-17 00:30:00,0.0,0.0
2023-01-17 01:30:00,0.0,0.0
2023-01-17 02:30:00,85.3,0.0853
2023-01-17 03:30:00,273.71,0.27370999999999995
2023-01-17 04:30:00,462.16,0.46216
2023-01-17 05:30:00,609.11,0.60911
2023-01-17 06:30:00,693.41,0.69341
2023-01-17 07:30:00,708.81,0.7088099999999999
2023-01-17 08:30:00,653.06,0.65306
2023-01-17 09:30:00,531.81,0.5318099999999999
2023-01-17 10:30:00,359.96,0.35996
2023-01-17 11:30:00,164.65,0.16465000000000002
2023-01-17 12:30:00,21.2,0.0212
2023-01-17 13:30:00,0.0,0.0
2023-01-17 14:30:00,0.0,0.0
2023-01-17 15:30:00,0.0,0.0
2023-01-17 16:30:00,0.0,0.0
2023-01-17 17:30:00,0.0,0.0
2023-01-17 18:30:00,0.0,0.0
2023-01-17 19:30:00,0.0,0.0
2023-01-17 20:30:00,0.0,0.0
2023-01-17 21:30:00,0.0,0.0
2023-01-17 22:30:00,0.0,0.0
2023-01-17 23:30:00,0.0,0.0
2023-01-18 00:30:00,0.0,0.0
2023-01-18 01:30:00,0.0,0.0
2023-01-18 02:30:00,84.7,0.0847
2023-01-18 03:30:00,273.71,0.27370999999999995
2023-01-18 04:30:00,461.76,0.46176
2023-01-18 05:30:00,607.06,0.6070599999999999
2023-01-18 06:30:00,694.01,0.69401
2023-01-18 07:30:00,710.61,0.71061
2023-01-18 08:30:00,655.66,0.65566
2023-01-18 09:30:00,535.26,0.53526
2023-01-18 10:30:00,363.01,0.36301
2023-01-18 11:30:00,167.1,0.1671
2023-01-18 12:30:00,22.05,0.02205
2023-01-18 13:30:00,0.0,0.0
2023-01-18 14:30:00,0.0,0.0
2023-01-18 15:30:00,0.0,0.0
2023-01-18 16:30:00,0.0,0.0
2023-01-18 17:30:00,0.0,0.0
2023-01-18 18:30:00,0.0,0.0
2023-01-18 19:30:00,0.0,0.0
2023-01-18 20:30:00,0.0,0.0
2023-01-18 21:30:00,0.0,0.0
2023-01-18 22:30:00,0.0,0.0
2023-01-18 23:30:00,0.0,0.0
2023-01-19 00:30:00,0.0,0.0
2023-01-19 01:30:00,0.0,0.0
2023-01-19 02:30:00,81.15,0.08115
2023-01-19 03:30:00,265.81,0.26581
2023-01-19 04:30:00,453.01,0.45300999999999997
2023-01-19 05:30:00,597.01,0.59701
2023-01-19 06:30:00,686.51,0.68651
2023-01-19 07:30:00,704.81,0.7048099999999999
2023-01-19 08:30:00,651.16,0.65116
2023-01-19 09:30:00,531.46,0.53146
2023-01-19 10:30:00,360.21,0.36021
2023-01-19 11:30:00,165.65,0.16565000000000002
2023-01-19 12:30:00,22.1,0.0221
2023-01-19 13:30:00,0.0,0.0
2023-01-19 14:30:00,0.0,0.0
2023-01-19 15:30:00,0.0,0.0
2023-01-19 16:30:00,0.0,0.0
2023-01-19 17:30:00,0.0,0.0
2023-01-19 18:30:00,0.0,0.0
2023-01-19 19:30:00,0.0,0.0
2023-01-19 20:30:00,0.0,0.0
2023-01-19 21:30:00,0.0,0.0
2023-01-19 22:30:00,0.0,0.0
2023-01-19 23:30:00,0.0,0.0
2023-01-20 00:30:00,0.0,0.0
2023-01-20 01:30:00,0.0,0.0
2023-01-20 02:30:00,79.15,0.07915000000000001
2023-01-20 03:30:00,260.61,0.26061
2023-01-20 04:30:00,444.86,0.44486000000000003
2023-01-20 05:30:00,591.11,0.59111
2023-01-20 06:30:00,678.71,0.67871
2023-01-20 07:30:00,697.61,0.6976100000000001
2023-01-20 08:30:00,642.91,0.64291
2023-01-20 09:30:00,526.86,0.52686
2023-01-20 10:30:00,357.61,0.35761000000000004
2023-01-20 11:30:00,164.9,0.16490000000000002
2023-01-20 12:30:00,22.45,0.022449999999999998
2023-01-20 13:30:00,0.0,0.0
2023-01-20 14:30:00,0.0,0.0
2023-01-20 15:30:00,0.0,0.0
2023-01-20 16:30:00,0.0,0.0
2023-01-20 17:30:00,0.0,0.0
2023-01-20 18:30:00,0.0,0.0
2023-01-20 19:30:00,0.0,0.0
2023-01-20 20:30:00,0.0,0.0
2023-01-20 21:30:00,0.0,0.0
2023-01-20 22:30:00,0.0,0.0
2023-01-20 23:30:00,0.0,0.0
2023-01-21 00:30:00,0.0,0.0
2023-01-21 01:30:00,0.0,0.0
2023-01-21 02:30:00,80.25,0.08025
2023-01-21 03:30:00,263.56,0.26356
2023-01-21 04:30:00,450.71,0.45071
2023-01-21 05:30:00,597.46,0.59746
2023-01-21 06:30:00,676.16,0.67616
2023-01-21 07:30:00,693.86,0.69386
2023-01-21 08:30:00,640.86,0.64086
2023-01-21 09:30:00,524.01,0.52401
2023-01-21 10:30:00,354.46,0.35446
2023-01-21 11:30:00,161.8,0.1618
2023-01-21 12:30:00,22.5,0.0225
2023-01-21 13:30:00,0.0,0.0
2023-01-21 14:30:00,0.0,0.0
2023-01-21 15:30:00,0.0,0.0
2023-01-21 16:30:00,0.0,0.0
2023-01-21 17:30:00,0.0,0.0
2023-01-21 18:30:00,0.0,0.0
2023-01-21 19:30:00,0.0,0.0
2023-01-21 20:30:00,0.0,0.0
2023-01-21 21:30:00,0.0,0.0
2023-01-21 22:30:00,0.0,0.0
2023-01-21 23:30:00,0.0,0.0
2023-01-22 00:30:00,0.0,0.0
2023-01-22 01:30:00,0.0,0.0
2023-01-22 02:30:00,77.1,0.07709999999999999
2023-01-22 03:30:00,256.21,0.25621
2023-01-22 04:30:00,440.86,0.44086000000000003
2023-01-22 05:30:00,587.41,0.58741
2023-01-22 06:30:00,673.91,0.67391
2023-01-22 07:30:00,692.66,0.6926599999999999
2023-01-22 08:30:00,644.06,0.64406
2023-01-22 09:30:00,527.86,0.52786
2023-01-22 10:30:00,359.66,0.35966000000000004
2023-01-22 11:30:00,166.85,0.16685
2023-01-22 12:30:00,23.4,0.023399999999999997
2023-01-22 13:30:00,0.0,0.0
2023-01-22 14:30:00,0.0,0.0
2023-01-22 15:30:00,0.0,0.0
2023-01-22 16:30:00,0.0,0.0
2023-01-22 17:30:00,0.0,0.0
2023-01-22 18:30:00,0.0,0.0
2023-01-22 19:30:00,0.0,0.0
2023-01-22 20:30:00,0.0,0.0
2023-01-22 21:30:00,0.0,0.0
2023-01-22 22:30:00,0.0,0.0
2023-01-22 23:30:00,0.0,0.0
2023-01-23 00:30:00,0.0,0.0
2023-01-23 01:30:00,0.0,0.0
2023-01-23 02:30:00,78.25,0.07825
2023-01-23 03:30:00,258.71,0.25871
2023-01-23 04:30:00,443.61,0.44361
2023-01-23 05:30:00,588.26,0.58826
2023-01-23 06:30:00,675.51,0.6755099999999999
2023-01-23 07:30:00,694.81,0.6948099999999999
2023-01-23 08:30:00,643.76,0.64376
2023-01-23 09:30:00,527.26,0.52726
2023-01-23 10:30:00,358.46,0.35846
2023-01-23 11:30:00,163.25,0.16325
2023-01-23 12:30:00,23.5,0.0235
2023-01-23 13:30:00,0.0,0.0
2023-01-23 14:30:00,0.0,0.0
2023-01-23 15:30:00,0.0,0.0
2023-01-23 16:30:00,0.0,0.0
2023-01-23 17:30:00,0.0,0.0
2023-01-23 18:30:00,0.0,0.0
2023-01-23 19:30:00,0.0,0.0
2023-01-23 20:30:00,0.0,0.0
2023-01-23 21:30:00,0.0,0.0
2023-01-23 22:30:00,0.0,0.0
2023-01-23 23:30:00,0.0,0.0
2023-01-24 00:30:00,0.0,0.0
2023-01-24 01:30:00,0.0,0.0
2023-01-24 02:30:00,74.7,0.0747
2023-01-24 03:30:00,250.21,0.25021
2023-01-24 04:30:00,432.36,0.43236
2023-01-24 05:30:00,576.91,0.5769099999999999
2023-01-24 06:30:00,663.46,0.66346
2023-01-24 07:30:00,633.16,0.63316
2023-01-24 08:30:00,498.31,0.49831
2023-01-24 09:30:00,432.16,0.43216000000000004
2023-01-24 10:30:00,264.3,0.26430000000000003
2023-01-24 11:30:00,114.0,0.114
2023-01-24 12:30:00,21.8,0.0218
2023-01-24 13:30:00,0.0,0.0
2023-01-24 14:30:00,0.0,0.0
2023-01-24 15:30:00,0.0,0.0
2023-01-24 16:30:00,0.0,0.0
2023-01-24 17:30:00,0.0,0.0
2023-01-24 18:30:00,0.0,0.0
2023-01-24 19:30:00,0.0,0.0
2023-01-24 20:30:00,0.0,0.0
2023-01-24 21:30:00,0.0,0.0
2023-01-24 22:30:00,0.0,0.0
2023-01-24 23:30:00,0.0,0.0
2023-01-25 00:30:00,0.0,0.0
2023-01-25 01:30:00,0.0,0.0
2023-01-25 02:30:00,50.85,0.05085
2023-01-25 03:30:00,217.0,0.217
2023-01-25 04:30:00,418.46,0.41846
2023-01-25 05:30:00,528.91,0.52891
2023-01-25 06:30:00,613.76,0.61376
2023-01-25 07:30:00,649.91,0.64991
2023-01-25 08:30:00,583.86,0.58386
2023-01-25 09:30:00,310.75,0.31075
2023-01-25 10:30:00,110.55,0.11055
2023-01-25 11:30:00,116.2,0.1162
2023-01-25 12:30:00,17.5,0.0175
2023-01-25 13:30:00,0.0,0.0
2023-01-25 14:30:00,0.0,0.0
2023-01-25 15:30:00,0.0,0.0
2023-01-25 16:30:00,0.0,0.0
2023-01-25 17:30:00,0.0,0.0
2023-01-25 18:30:00,0.0,0.0
2023-01-25 19:30:00,0.0,0.0
2023-01-25 20:30:00,0.0,0.0
2023-01-25 21:30:00,0.0,0.0
2023-01-25 22:30:00,0.0,0.0
2023-01-25 23:30:00,0.0,0.0
2023-01-26 00:30:00,0.0,0.0
2023-01-26 01:30:00,0.0,0.0
2023-01-26 02:30:00,28.4,0.028399999999999998
2023-01-26 03:30:00,121.6,0.1216
2023-01-26 04:30:00,364.16,0.36416000000000004
2023-01-26 05:30:00,498.81,0.49881
2023-01-26 06:30:00,567.81,0.5678099999999999
2023-01-26 07:30:00,495.81,0.49581000000000003
2023-01-26 08:30:00,501.56,0.50156
2023-01-26 09:30:00,336.91,0.33691000000000004
2023-01-26 10:30:00,172.2,0.1722
2023-01-26 11:30:00,81.35,0.08134999999999999
2023-01-26 12:30:00,15.6,0.0156
2023-01-26 13:30:00,0.0,0.0
2023-01-26 14:30:00,0.0,0.0
2023-01-26 15:30:00,0.0,0.0
2023-01-26 16:30:00,0.0,0.0
2023-01-26 17:30:00,0.0,0.0
2023-01-26 18:30:00,0.0,0.0
2023-01-26 19:30:00,0.0,0.0
2023-01-26 20:30:00,0.0,0.0
2023-01-26 21:30:00,0.0,0.0
2023-01-26 22:30:00,0.0,0.0
2023-01-26 23:30:00,0.0,0.0
2023-01-27 00:30:00,0.0,0.0
2023-01-27 01:30:00,0.0,0.0
2023-01-27 02:30:00,78.45,0.07845
2023-01-27 03:30:00,259.16,0.25916
2023-01-27 04:30:00,448.06,0.44806
2023-01-27 05:30:00,597.06,0.5970599999999999
2023-01-27 06:30:00,682.96,0.68296
2023-01-27 07:30:00,703.11,0.70311
2023-01-27 08:30:00,651.96,0.65196
2023-01-27 09:30:00,527.91,0.52791
2023-01-27 10:30:00,341.96,0.34196
2023-01-27 11:30:00,135.95,0.13595
2023-01-27 12:30:00,20.9,0.0209
2023-01-27 13:30:00,0.0,0.0
2023-01-27 14:30:00,0.0,0.0
2023-01-27 15:30:00,0.0,0.0
2023-01-27 16:30:00,0.0,0.0
2023-01-27 17:30:00,0.0,0.0
2023-01-27 18:30:00,0.0,0.0
2023-01-27 19:30:00,0.0,0.0
2023-01-27 20:30:00,0.0,0.0
2023-01-27 21:30:00,0.0,0.0
2023-01-27 22:30:00,0.0,0.0
2023-01-27 23:30:00,0.0,0.0
2023-01-28 00:30:00,0.0,0.0
2023-01-28 01:30:00,0.0,0.0
2023-01-28 02:30:00,84.6,0.0846
2023-01-28 03:30:00,272.56,0.27256
2023-01-28 04:30:00,462.41,0.46241000000000004
2023-01-28 05:30:00,613.16,0.6131599999999999
2023-01-28 06:30:00,704.56,0.70456
2023-01-28 07:30:00,725.81,0.72581
2023-01-28 08:30:00,673.06,0.67306
2023-01-28 09:30:00,552.86,0.55286
2023-01-28 10:30:00,380.21,0.38021
2023-01-28 11:30:00,182.55,0.18255000000000002
2023-01-28 12:30:00,29.35,0.02935
2023-01-28 13:30:00,0.0,0.0
2023-01-28 14:30:00,0.0,0.0
2023-01-28 15:30:00,0.0,0.0
2023-01-28 16:30:00,0.0,0.0
2023-01-28 17:30:00,0.0,0.0
2023-01-28 18:30:00,0.0,0.0
2023-01-28 19:30:00,0.0,0.0
2023-01-28 20:30:00,0.0,0.0
2023-01-28 21:30:00,0.0,0.0
2023-01-28 22:30:00,0.0,0.0
2023-01-28 23:30:00,0.0,0.0
2023-01-29 00:30:00,0.0,0.0
2023-01-29 01:30:00,0.0,0.0
2023-01-29 02:30:00,82.1,0.08209999999999999
2023-01-29 03:30:00,274.31,0.27431
2023-01-29 04:30:00,460.21,0.46020999999999995
2023-01-29 05:30:00,610.41,0.61041
2023-01-29 06:30:00,703.51,0.70351
2023-01-29 07:30:00,717.56,0.71756
2023-01-29 08:30:00,657.56,0.6575599999999999
2023-01-29 09:30:00,541.61,0.54161
2023-01-29 10:30:00,380.36,0.38036000000000003
2023-01-29 11:30:00,171.45,0.17145
2023-01-29 12:30:00,26.8,0.0268
2023-01-29 13:30:00,0.0,0.0
2023-01-29 14:30:00,0.0,0.0
2023-01-29 15:30:00,0.0,0.0
2023-01-29 16:30:00,0.0,0.0
2023-01-29 17:30:00,0.0,0.0
2023-01-29 18:30:00,0.0,0.0
2023-01-29 19:30:00,0.0,0.0
2023-01-29 20:30:00,0.0,0.0
2023-01-29 21:30:00,0.0,0.0
2023-01-29 22:30:00,0.0,0.0
2023-01-29 23:30:00,0.0,0.0
2023-01-30 00:30:00,0.0,0.0
2023-01-30 01:30:00,0.0,0.0
2023-01-30 02:30:00,7.2,0.0072
2023-01-30 03:30:00,58.8,0.0588
2023-01-30 04:30:00,382.21,0.38221
2023-01-30 05:30:00,589.26,0.58926
2023-01-30 06:30:00,682.01,0.68201
2023-01-30 07:30:00,675.86,0.67586
2023-01-30 08:30:00,616.31,0.6163099999999999
2023-01-30 09:30:00,506.61,0.50661
2023-01-30 10:30:00,337.36,0.33736
2023-01-30 11:30:00,136.05,0.13605
2023-01-30 12:30:00,22.05,0.02205
2023-01-30 13:30:00,0.0,0.0
2023-01-30 14:30:00,0.0,0.0
2023-01-30 15:30:00,0.0,0.0
2023-01-30 16:30:00,0.0,0.0
2023-01-30 17:30:00,0.0,0.0
2023-01-30 18:30:00,0.0,0.0
2023-01-30 19:30:00,0.0,0.0
2023-01-30 20:30:00,0.0,0.0
2023-01-30 21:30:00,0.0,0.0
2023-01-30 22:30:00,0.0,0.0
2023-01-30 23:30:00,0.0,0.0
2023-01-31 00:30:00,0.0,0.0
2023-01-31 01:30:00,0.0,0.0
2023-01-31 02:30:00,78.9,0.07890000000000001
2023-01-31 03:30:00,261.96,0.26195999999999997
2023-01-31 04:30:00,451.96,0.45196
2023-01-31 05:30:00,599.51,0.59951
2023-01-31 06:30:00,561.16,0.56116
2023-01-31 07:30:00,522.96,0.5229600000000001
2023-01-31 08:30:00,613.56,0.61356
2023-01-31 09:30:00,439.06,0.43906
2023-01-31 10:30:00,278.5,0.2785
2023-01-31 11:30:00,84.45,0.08445
2023-01-31 12:30:00,15.6,0.0156
2023-01-31 13:30:00,0.0,0.0
2023-01-31 14:30:00,0.0,0.0
2023-01-31 15:30:00,0.0,0.0
2023-01-31 16:30:00,0.0,0.0
2023-01-31 17:30:00,0.0,0.0
2023-01-31 18:30:00,0.0,0.0
2023-01-31 19:30:00,0.0,0.0
2023-01-31 20:30:00,0.0,0.0
2023-01-31 21:30:00,0.0,0.0
2023-01-31 22:30:00,0.0,0.0
2023-01-31 23:30:00,0.0,0.0
2023-02-01 00:30:00,0.0,0.0
2023-02-01 01:30:00,0.0,0.0
2023-02-01 02:30:00,66.65,0.06665
2023-02-01 03:30:00,235.8,0.2358
2023-02-01 04:30:00,360.16,0.36016000000000004
2023-02-01 05:30:00,434.76,0.43476
2023-02-01 06:30:00,521.31,0.5213099999999999
2023-02-01 07:30:00,359.0,0.359
2023-02-01 08:30:00,454.06,0.45406
2023-02-01 09:30:00,242.0,0.242
2023-02-01 10:30:00,229.75,0.22975
2023-02-01 11:30:00,126.6,0.1266
2023-02-01 12:30:00,23.25,0.02325
2023-02-01 13:30:00,0.0,0.0
2023-02-01 14:30:00,0.0,0.0
2023-02-01 15:30:00,0.0,0.0
2023-02-01 16:30:00,0.0,0.0
2023-02-01 17:30:00,0.0,0.0
2023-02-01 18:30:00,0.0,0.0
2023-02-01 19:30:00,0.0,0.0
2023-02-01 20:30:00,0.0,0.0
2023-02-01 21:30:00,0.0,0.0
2023-02-01 22:30:00,0.0,0.0
2023-02-01 23:30:00,0.0,0.0
2023-02-02 00:30:00,0.0,0.0
2023-02-02 01:30:00,0.0,0.0
2023-02-02 02:30:00,76.7,0.0767
2023-02-02 03:30:00,255.3,0.2553
2023-02-02 04:30:00,446.01,0.44601
2023-02-02 05:30:00,592.81,0.59281
2023-02-02 06:30:00,690.51,0.69051
2023-02-02 07:30:00,670.96,0.67096
2023-02-02 08:30:00,521.21,0.5212100000000001
2023-02-02 09:30:00,525.11,0.52511
2023-02-02 10:30:00,345.26,0.34526
2023-02-02 11:30:00,174.35,0.17435
2023-02-02 12:30:00,30.25,0.03025
2023-02-02 13:30:00,0.0,0.0
2023-02-02 14:30:00,0.0,0.0
2023-02-02 15:30:00,0.0,0.0
2023-02-02 16:30:00,0.0,0.0
2023-02-02 17:30:00,0.0,0.0
2023-02-02 18:30:00,0.0,0.0
2023-02-02 19:30:00,0.0,0.0
2023-02-02 20:30:00,0.0,0.0
2023-02-02 21:30:00,0.0,0.0
2023-02-02 22:30:00,0.0,0.0
2023-02-02 23:30:00,0.0,0.0
2023-02-03 00:30:00,0.0,0.0
2023-02-03 01:30:00,0.0,0.0
2023-02-03 02:30:00,83.75,0.08375
2023-02-03 03:30:00,263.45,0.26344999999999996
2023-02-03 04:30:00,467.01,0.46701
2023-02-03 05:30:00,622.86,0.62286
2023-02-03 06:30:00,714.26,0.71426
2023-02-03 07:30:00,737.01,0.7370099999999999
2023-02-03 08:30:00,684.76,0.68476
2023-02-03 09:30:00,564.61,0.5646100000000001
2023-02-03 10:30:00,395.01,0.39501
2023-02-03 11:30:00,195.3,0.1953
2023-02-03 12:30:00,34.9,0.0349
2023-02-03 13:30:00,0.0,0.0
2023-02-03 14:30:00,0.0,0.0
2023-02-03 15:30:00,0.0,0.0
2023-02-03 16:30:00,0.0,0.0
2023-02-03 17:30:00,0.0,0.0
2023-02-03 18:30:00,0.0,0.0
2023-02-03 19:30:00,0.0,0.0
2023-02-03 20:30:00,0.0,0.0
2023-02-03 21:30:00,0.0,0.0
2023-02-03 22:30:00,0.0,0.0
2023-02-03 23:30:00,0.0,0.0
2023-02-04 00:30:00,0.0,0.0
2023-02-04 01:30:00,0.0,0.0
2023-02-04 02:30:00,88.4,0.0884
2023-02-04 03:30:00,281.41,0.28141000000000005
2023-02-04 04:30:00,476.76,0.47676
2023-02-04 05:30:00,631.81,0.63181
2023-02-04 06:30:00,725.86,0.7258600000000001
2023-02-04 07:30:00,744.16,0.7441599999999999
2023-02-04 08:30:00,692.86,0.69286
2023-02-04 09:30:00,573.71,0.57371
2023-02-04 10:30:00,399.91,0.39991000000000004
2023-02-04 11:30:00,198.8,0.1988
2023-02-04 12:30:00,36.2,0.0362
2023-02-04 13:30:00,0.0,0.0
2023-02-04 14:30:00,0.0,0.0
2023-02-04 15:30:00,0.0,0.0
2023-02-04 16:30:00,0.0,0.0
2023-02-04 17:30:00,0.0,0.0
2023-02-04 18:30:00,0.0,0.0
2023-02-04 19:30:00,0.0,0.0
2023-02-04 20:30:00,0.0,0.0
2023-02-04 21:30:00,0.0,0.0
2023-02-04 22:30:00,0.0,0.0
2023-02-04 23:30:00,0.0,0.0
2023-02-05 00:30:00,0.0,0.0
2023-02-05 01:30:00,0.0,0.0
2023-02-05 02:30:00,89.95,0.08995
2023-02-05 03:30:00,283.71,0.28370999999999996
2023-02-05 04:30:00,479.06,0.47906
2023-02-05 05:30:00,633.31,0.6333099999999999
2023-02-05 06:30:00,725.76,0.72576
2023-02-05 07:30:00,745.21,0.74521
2023-02-05 08:30:00,692.56,0.69256
2023-02-05 09:30:00,572.36,0.57236
2023-02-05 10:30:00,398.81,0.39881
2023-02-05 11:30:00,198.4,0.1984
2023-02-05 12:30:00,36.5,0.0365
2023-02-05 13:30:00,0.0,0.0
2023-02-05 14:30:00,0.0,0.0
2023-02-05 15:30:00,0.0,0.0
2023-02-05 16:30:00,0.0,0.0
2023-02-05 17:30:00,0.0,0.0
2023-02-05 18:30:00,0.0,0.0
2023-02-05 19:30:00,0.0,0.0
2023-02-05 20:30:00,0.0,0.0
2023-02-05 21:30:00,0.0,0.0
2023-02-05 22:30:00,0.0,0.0
2023-02-05 23:30:00,0.0,0.0
2023-02-06 00:30:00,0.0,0.0
2023-02-06 01:30:00,0.0,0.0
2023-02-06 02:30:00,88.9,0.0889
2023-02-06 03:30:00,280.66,0.28066
2023-02-06 04:30:00,475.11,0.47511000000000003
2023-02-06 05:30:00,628.81,0.62881
2023-02-06 06:30:00,725.11,0.72511
2023-02-06 07:30:00,746.36,0.74636
2023-02-06 08:30:00,695.41,0.69541
2023-02-06 09:30:00,575.96,0.57596
2023-02-06 10:30:00,402.06,0.40206000000000003
2023-02-06 11:30:00,201.0,0.201
2023-02-06 12:30:00,37.65,0.037649999999999996
2023-02-06 13:30:00,0.0,0.0
2023-02-06 14:30:00,0.0,0.0
2023-02-06 15:30:00,0.0,0.0
2023-02-06 16:30:00,0.0,0.0
2023-02-06 17:30:00,0.0,0.0
2023-02-06 18:30:00,0.0,0.0
2023-02-06 19:30:00,0.0,0.0
2023-02-06 20:30:00,0.0,0.0
2023-02-06 21:30:00,0.0,0.0
2023-02-06 22:30:00,0.0,0.0
2023-02-06 23:30:00,0.0,0.0
2023-02-07 00:30:00,0.0,0.0
2023-02-07 01:30:00,0.0,0.0
2023-02-07 02:30:00,92.6,0.09259999999999999
2023-02-07 03:30:00,289.11,0.28911000000000003
2023-02-07 04:30:00,486.11,0.48611
2023-02-07 05:30:00,642.01,0.64201
2023-02-07 06:30:00,733.61,0.73361
2023-02-07 07:30:00,754.56,0.7545599999999999
2023-02-07 08:30:00,699.96,0.69996
2023-02-07 09:30:00,580.81,0.5808099999999999
2023-02-07 10:30:00,405.66,0.40566
2023-02-07 11:30:00,203.25,0.20325
2023-02-07 12:30:00,38.3,0.038299999999999994
2023-02-07 13:30:00,0.0,0.0
2023-02-07 14:30:00,0.0,0.0
2023-02-07 15:30:00,0.0,0.0
2023-02-07 16:30:00,0.0,0.0
2023-02-07 17:30:00,0.0,0.0
2023-02-07 18:30:00,0.0,0.0
2023-02-07 19:30:00,0.0,0.0
2023-02-07 20:30:00,0.0,0.0
2023-02-07 21:30:00,0.0,0.0
2023-02-07 22:30:00,0.0,0.0
2023-02-07 23:30:00,0.0,0.0
2023-02-08 00:30:00,0.0,0.0
2023-02-08 01:30:00,0.0,0.0
2023-02-08 02:30:00,92.55,0.09255
2023-02-08 03:30:00,286.45,0.28645
2023-02-08 04:30:00,481.51,0.48151
2023-02-08 05:30:00,637.16,0.63716
2023-02-08 06:30:00,728.36,0.72836
2023-02-08 07:30:00,749.16,0.7491599999999999
2023-02-08 08:30:00,699.06,0.6990599999999999
2023-02-08 09:30:00,580.36,0.58036
2023-02-08 10:30:00,408.86,0.40886
2023-02-08 11:30:00,205.8,0.2058
2023-02-08 12:30:00,39.45,0.039450000000000006
2023-02-08 13:30:00,0.0,0.0
2023-02-08 14:30:00,0.0,0.0
2023-02-08 15:30:00,0.0,0.0
2023-02-08 16:30:00,0.0,0.0
2023-02-08 17:30:00,0.0,0.0
2023-02-08 18:30:00,0.0,0.0
2023-02-08 19:30:00,0.0,0.0
2023-02-08 20:30:00,0.0,0.0
2023-02-08 21:30:00,0.0,0.0
2023-02-08 22:30:00,0.0,0.0
2023-02-08 23:30:00,0.0,0.0
2023-02-09 00:30:00,0.0,0.0
2023-02-09 01:30:00,0.0,0.0
2023-02-09 02:30:00,94.35,0.09434999999999999
2023-02-09 03:30:00,291.95,0.29195
2023-02-09 04:30:00,491.76,0.49176
2023-02-09 05:30:00,646.31,0.6463099999999999
2023-02-09 06:30:00,742.06,0.7420599999999999
2023-02-09 07:30:00,763.86,0.76386
2023-02-09 08:30:00,712.31,0.71231
2023-02-09 09:30:00,593.81,0.59381
2023-02-09 10:30:00,415.81,0.41581
2023-02-09 11:30:00,211.05,0.21105000000000002
2023-02-09 12:30:00,40.85,0.040850000000000004
2023-02-09 13:30:00,0.0,0.0
2023-02-09 14:30:00,0.0,0.0
2023-02-09 15:30:00,0.0,0.0
2023-02-09 16:30:00,0.0,0.0
2023-02-09 17:30:00,0.0,0.0
2023-02-09 18:30:00,0.0,0.0
2023-02-09 19:30:00,0.0,0.0
2023-02-09 20:30:00,0.0,0.0
2023-02-09 21:30:00,0.0,0.0
2023-02-09 22:30:00,0.0,0.0
2023-02-09 23:30:00,0.0,0.0
2023-02-10 00:30:00,0.0,0.0
2023-02-10 01:30:00,0.0,0.0
2023-02-10 02:30:00,95.9,0.0959
2023-02-10 03:30:00,293.75,0.29375
2023-02-10 04:30:00,492.31,0.49231
2023-02-10 05:30:00,649.06,0.64906
2023-02-10 06:30:00,743.66,0.74366
2023-02-10 07:30:00,765.81,0.76581
2023-02-10 08:30:00,714.01,0.71401
2023-02-10 09:30:00,593.46,0.59346
2023-02-10 10:30:00,417.56,0.41756
2023-02-10 11:30:00,212.1,0.21209999999999998
2023-02-10 12:30:00,42.1,0.0421
2023-02-10 13:30:00,0.0,0.0
2023-02-10 14:30:00,0.0,0.0
2023-02-10 15:30:00,0.0,0.0
2023-02-10 16:30:00,0.0,0.0
2023-02-10 17:30:00,0.0,0.0
2023-02-10 18:30:00,0.0,0.0
2023-02-10 19:30:00,0.0,0.0
2023-02-10 20:30:00,0.0,0.0
2023-02-10 21:30:00,0.0,0.0
2023-02-10 22:30:00,0.0,0.0
2023-02-10 23:30:00,0.0,0.0
2023-02-11 00:30:00,0.0,0.0
2023-02-11 01:30:00,0.0,0.0
2023-02-11 02:30:00,97.45,0.09745000000000001
2023-02-11 03:30:00,296.7,0.29669999999999996
2023-02-11 04:30:00,496.06,0.49606
2023-02-11 05:30:00,652.61,0.65261
2023-02-11 06:30:00,744.96,0.7449600000000001
2023-02-11 07:30:00,767.51,0.76751
2023-02-11 08:30:00,716.56,0.71656
2023-02-11 09:30:00,596.86,0.5968600000000001
2023-02-11 10:30:00,421.56,0.42156
2023-02-11 11:30:00,215.8,0.21580000000000002
2023-02-11 12:30:00,43.85,0.04385
2023-02-11 13:30:00,0.0,0.0
2023-02-11 14:30:00,0.0,0.0
2023-02-11 15:30:00,0.0,0.0
2023-02-11 16:30:00,0.0,0.0
2023-02-11 17:30:00,0.0,0.0
2023-02-11 18:30:00,0.0,0.0
2023-02-11 19:30:00,0.0,0.0
2023-02-11 20:30:00,0.0,0.0
2023-02-11 21:30:00,0.0,0.0
2023-02-11 22:30:00,0.0,0.0
2023-02-11 23:30:00,0.0,0.0
2023-02-12 00:30:00,0.0,0.0
2023-02-12 01:30:00,0.0,0.0
2023-02-12 02:30:00,101.05,0.10105
2023-02-12 03:30:00,303.8,0.3038
2023-02-12 04:30:00,504.81,0.50481
2023-02-12 05:30:00,661.71,0.66171
2023-02-12 06:30:00,751.51,0.75151
2023-02-12 07:30:00,772.96,0.7729600000000001
2023-02-12 08:30:00,719.96,0.71996
2023-02-12 09:30:00,598.31,0.5983099999999999
2023-02-12 10:30:00,421.66,0.42166000000000003
2023-02-12 11:30:00,215.55,0.21555000000000002
2023-02-12 12:30:00,44.1,0.0441
2023-02-12 13:30:00,0.0,0.0
2023-02-12 14:30:00,0.0,0.0
2023-02-12 15:30:00,0.0,0.0
2023-02-12 16:30:00,0.0,0.0
2023-02-12 17:30:00,0.0,0.0
2023-02-12 18:30:00,0.0,0.0
2023-02-12 19:30:00,0.0,0.0
2023-02-12 20:30:00,0.0,0.0
2023-02-12 21:30:00,0.0,0.0
2023-02-12 22:30:00,0.0,0.0
2023-02-12 23:30:00,0.0,0.0
2023-02-13 00:30:00,0.0,0.0
2023-02-13 01:30:00,0.0,0.0
2023-02-13 02:30:00,100.55,0.10055
2023-02-13 03:30:00,302.25,0.30225
2023-02-13 04:30:00,503.21,0.5032099999999999
2023-02-13 05:30:00,660.51,0.66051
2023-02-13 06:30:00,756.81,0.75681
2023-02-13 07:30:00,780.51,0.78051
2023-02-13 08:30:00,729.36,0.72936
2023-02-13 09:30:00,608.26,0.60826
2023-02-13 10:30:00,430.61,0.43061
2023-02-13 11:30:00,221.85,0.22185
2023-02-13 12:30:00,46.1,0.0461
2023-02-13 13:30:00,0.0,0.0
2023-02-13 14:30:00,0.0,0.0
2023-02-13 15:30:00,0.0,0.0
2023-02-13 16:30:00,0.0,0.0
2023-02-13 17:30:00,0.0,0.0
2023-02-13 18:30:00,0.0,0.0
2023-02-13 19:30:00,0.0,0.0
2023-02-13 20:30:00,0.0,0.0
2023-02-13 21:30:00,0.0,0.0
2023-02-13 22:30:00,0.0,0.0
2023-02-13 23:30:00,0.0,0.0
2023-02-14 00:30:00,0.0,0.0
2023-02-14 01:30:00,0.0,0.0
2023-02-14 02:30:00,103.55,0.10355
2023-02-14 03:30:00,307.6,0.30760000000000004
2023-02-14 04:30:00,509.96,0.50996
2023-02-14 05:30:00,668.11,0.66811
2023-02-14 06:30:00,765.26,0.7652599999999999
2023-02-14 07:30:00,787.46,0.78746
2023-02-14 08:30:00,734.46,0.73446
2023-02-14 09:30:00,611.71,0.6117100000000001
2023-02-14 10:30:00,432.86,0.43286
2023-02-14 11:30:00,223.3,0.2233
2023-02-14 12:30:00,46.6,0.0466
2023-02-14 13:30:00,0.0,0.0
2023-02-14 14:30:00,0.0,0.0
2023-02-14 15:30:00,0.0,0.0
2023-02-14 16:30:00,0.0,0.0
2023-02-14 17:30:00,0.0,0.0
2023-02-14 18:30:00,0.0,0.0
2023-02-14 19:30:00,0.0,0.0
2023-02-14 20:30:00,0.0,0.0
2023-02-14 21:30:00,0.0,0.0
2023-02-14 22:30:00,0.0,0.0
2023-02-14 23:30:00,0.0,0.0
2023-02-15 00:30:00,0.0,0.0
2023-02-15 01:30:00,0.0,0.0
2023-02-15 02:30:00,106.0,0.106
2023-02-15 03:30:00,311.55,0.31155
2023-02-15 04:30:00,513.96,0.5139600000000001
2023-02-15 05:30:00,671.86,0.67186
2023-02-15 06:30:00,767.61,0.76761
2023-02-15 07:30:00,789.01,0.78901
2023-02-15 08:30:00,735.31,0.7353099999999999
2023-02-15 09:30:00,612.41,0.61241
2023-02-15 10:30:00,433.86,0.43386
2023-02-15 11:30:00,224.55,0.22455
2023-02-15 12:30:00,47.15,0.04715
2023-02-15 13:30:00,0.0,0.0
2023-02-15 14:30:00,0.0,0.0
2023-02-15 15:30:00,0.0,0.0
2023-02-15 16:30:00,0.0,0.0
2023-02-15 17:30:00,0.0,0.0
2023-02-15 18:30:00,0.0,0.0
2023-02-15 19:30:00,0.0,0.0
2023-02-15 20:30:00,0.0,0.0
2023-02-15 21:30:00,0.0,0.0
2023-02-15 22:30:00,0.0,0.0
2023-02-15 23:30:00,0.0,0.0
2023-02-16 00:30:00,0.0,0.0
2023-02-16 01:30:00,0.0,0.0
2023-02-16 02:30:00,107.1,0.1071
2023-02-16 03:30:00,312.45,0.31245
2023-02-16 04:30:00,514.66,0.51466
2023-02-16 05:30:00,672.51,0.6725099999999999
2023-02-16 06:30:00,769.46,0.76946
2023-02-16 07:30:00,791.46,0.79146
2023-02-16 08:30:00,738.51,0.73851
2023-02-16 09:30:00,615.91,0.61591
2023-02-16 10:30:00,437.26,0.43726
2023-02-16 11:30:00,227.35,0.22735
2023-02-16 12:30:00,48.3,0.048299999999999996
2023-02-16 13:30:00,0.0,0.0
2023-02-16 14:30:00,0.0,0.0
2023-02-16 15:30:00,0.0,0.0
2023-02-16 16:30:00,0.0,0.0
2023-02-16 17:30:00,0.0,0.0
2023-02-16 18:30:00,0.0,0.0
2023-02-16 19:30:00,0.0,0.0
2023-02-16 20:30:00,0.0,0.0
2023-02-16 21:30:00,0.0,0.0
2023-02-16 22:30:00,0.0,0.0
2023-02-16 23:30:00,0.0,0.0
2023-02-17 00:30:00,0.0,0.0
2023-02-17 01:30:00,0.0,0.0
2023-02-17 02:30:00,107.85,0.10784999999999999
2023-02-17 03:30:00,312.6,0.31260000000000004
2023-02-17 04:30:00,514.21,0.5142100000000001
2023-02-17 05:30:00,671.91,0.67191
2023-02-17 06:30:00,768.81,0.76881
2023-02-17 07:30:00,791.66,0.7916599999999999
2023-02-17 08:30:00,739.61,0.73961
2023-02-17 09:30:00,617.76,0.61776
2023-02-17 10:30:00,439.31,0.43931
2023-02-17 11:30:00,229.15,0.22915
2023-02-17 12:30:00,49.15,0.04915
2023-02-17 13:30:00,0.0,0.0
2023-02-17 14:30:00,0.0,0.0
2023-02-17 15:30:00,0.0,0.0
2023-02-17 16:30:00,0.0,0.0
2023-02-17 17:30:00,0.0,0.0
2023-02-17 18:30:00,0.0,0.0
2023-02-17 19:30:00,0.0,0.0
2023-02-17 20:30:00,0.0,0.0
2023-02-17 21:30:00,0.0,0.0
2023-02-17 22:30:00,0.0,0.0
2023-02-17 23:30:00,0.0,0.0
2023-02-18 00:30:00,0.0,0.0
2023-02-18 01:30:00,0.0,0.0
2023-02-18 02:30:00,112.0,0.112
2023-02-18 03:30:00,320.95,0.32095
2023-02-18 04:30:00,525.91,0.52591
2023-02-18 05:30:00,685.71,0.68571
2023-02-18 06:30:00,780.81,0.7808099999999999
2023-02-18 07:30:00,803.06,0.80306
2023-02-18 08:30:00,749.56,0.7495599999999999
2023-02-18 09:30:00,625.71,0.62571
2023-02-18 10:30:00,445.26,0.44526
2023-02-18 11:30:00,233.0,0.233
2023-02-18 12:30:00,50.55,0.05055
2023-02-18 13:30:00,0.0,0.0
2023-02-18 14:30:00,0.0,0.0
2023-02-18 15:30:00,0.0,0.0
2023-02-18 16:30:00,0.0,0.0
2023-02-18 17:30:00,0.0,0.0
2023-02-18 18:30:00,0.0,0.0
2023-02-18 19:30:00,0.0,0.0
2023-02-18 20:30:00,0.0,0.0
2023-02-18 21:30:00,0.0,0.0
2023-02-18 22:30:00,0.0,0.0
2023-02-18 23:30:00,0.0,0.0
2023-02-19 00:30:00,0.0,0.0
2023-02-19 01:30:00,0.0,0.0
2023-02-19 02:30:00,113.0,0.113
2023-02-19 03:30:00,320.85,0.32085
2023-02-19 04:30:00,524.16,0.52416
2023-02-19 05:30:00,683.21,0.68321
2023-02-19 06:30:00,779.31,0.77931
2023-02-19 07:30:00,802.01,0.80201
2023-02-19 08:30:00,748.96,0.7489600000000001
2023-02-19 09:30:00,625.76,0.62576
2023-02-19 10:30:00,445.81,0.44581
2023-02-19 11:30:00,234.05,0.23405
2023-02-19 12:30:00,51.35,0.05135
2023-02-19 13:30:00,0.0,0.0
2023-02-19 14:30:00,0.0,0.0
2023-02-19 15:30:00,0.0,0.0
2023-02-19 16:30:00,0.0,0.0
2023-02-19 17:30:00,0.0,0.0
2023-02-19 18:30:00,0.0,0.0
2023-02-19 19:30:00,0.0,0.0
2023-02-19 20:30:00,0.0,0.0
2023-02-19 21:30:00,0.0,0.0
2023-02-19 22:30:00,0.0,0.0
2023-02-19 23:30:00,0.0,0.0
2023-02-20 00:30:00,0.0,0.0
2023-02-20 01:30:00,0.0,0.0
2023-02-20 02:30:00,112.8,0.1128
2023-02-20 03:30:00,319.25,0.31925
2023-02-20 04:30:00,521.61,0.52161
2023-02-20 05:30:00,679.36,0.67936
2023-02-20 06:30:00,776.36,0.77636
2023-02-20 07:30:00,798.56,0.7985599999999999
2023-02-20 08:30:00,744.91,0.74491
2023-02-20 09:30:00,621.36,0.62136
2023-02-20 10:30:00,441.71,0.44171
2023-02-20 11:30:00,231.05,0.23105
2023-02-20 12:30:00,50.65,0.05065
2023-02-20 13:30:00,0.0,0.0
2023-02-20 14:30:00,0.0,0.0
2023-02-20 15:30:00,0.0,0.0
2023-02-20 16:30:00,0.0,0.0
2023-02-20 17:30:00,0.0,0.0
2023-02-20 18:30:00,0.0,0.0
2023-02-20 19:30:00,0.0,0.0
2023-02-20 20:30:00,0.0,0.0
2023-02-20 21:30:00,0.0,0.0
2023-02-20 22:30:00,0.0,0.0
2023-02-20 23:30:00,0.0,0.0
2023-02-21 00:30:00,0.0,0.0
2023-02-21 01:30:00,0.0,0.0
2023-02-21 02:30:00,115.1,0.1151
2023-02-21 03:30:00,323.25,0.32325
2023-02-21 04:30:00,525.66,0.52566
2023-02-21 05:30:00,683.46,0.6834600000000001
2023-02-21 06:30:00,781.06,0.78106
2023-02-21 07:30:00,803.76,0.80376
2023-02-21 08:30:00,750.06,0.75006
2023-02-21 09:30:00,626.31,0.6263099999999999
2023-02-21 10:30:00,446.66,0.44666
2023-02-21 11:30:00,235.1,0.2351
2023-02-21 12:30:00,52.25,0.05225
2023-02-21 13:30:00,0.0,0.0
2023-02-21 14:30:00,0.0,0.0
2023-02-21 15:30:00,0.0,0.0
2023-02-21 16:30:00,0.0,0.0
2023-02-21 17:30:00,0.0,0.0
2023-02-21 18:30:00,0.0,0.0
2023-02-21 19:30:00,0.0,0.0
2023-02-21 20:30:00,0.0,0.0
2023-02-21 21:30:00,0.0,0.0
2023-02-21 22:30:00,0.0,0.0
2023-02-21 23:30:00,0.0,0.0
2023-02-22 00:30:00,0.0,0.0
2023-02-22 01:30:00,0.0,0.0
2023-02-22 02:30:00,117.95,0.11795
2023-02-22 03:30:00,327.15,0.32715
2023-02-22 04:30:00,530.51,0.53051
2023-02-22 05:30:00,689.41,0.68941
2023-02-22 06:30:00,766.31,0.7663099999999999
2023-02-22 07:30:00,718.86,0.71886
2023-02-22 08:30:00,654.21,0.6542100000000001
2023-02-22 09:30:00,515.46,0.51546
2023-02-22 10:30:00,424.7,0.42469999999999997
2023-02-22 11:30:00,231.75,0.23175
2023-02-22 12:30:00,52.35,0.05235
2023-02-22 13:30:00,0.0,0.0
2023-02-22 14:30:00,0.0,0.0
2023-02-22 15:30:00,0.0,0.0
2023-02-22 16:30:00,0.0,0.0
2023-02-22 17:30:00,0.0,0.0
2023-02-22 18:30:00,0.0,0.0
2023-02-22 19:30:00,0.0,0.0
2023-02-22 20:30:00,0.0,0.0
2023-02-22 21:30:00,0.0,0.0
2023-02-22 22:30:00,0.0,0.0
2023-02-22 23:30:00,0.0,0.0
2023-02-23 00:30:00,0.0,0.0
2023-02-23 01:30:00,0.0,0.0
2023-02-23 02:30:00,119.65,0.11965
2023-02-23 03:30:00,328.65,0.32865
2023-02-23 04:30:00,531.96,0.53196
2023-02-23 05:30:00,690.86,0.69086
2023-02-23 06:30:00,785.56,0.7855599999999999
2023-02-23 07:30:00,807.26,0.80726
2023-02-23 08:30:00,753.71,0.75371
2023-02-23 09:30:00,630.11,0.6301100000000001
2023-02-23 10:30:00,449.86,0.44986000000000004
2023-02-23 11:30:00,237.85,0.23785
2023-02-23 12:30:00,53.75,0.05375
2023-02-23 13:30:00,0.0,0.0
2023-02-23 14:30:00,0.0,0.0
2023-02-23 15:30:00,0.0,0.0
2023-02-23 16:30:00,0.0,0.0
2023-02-23 17:30:00,0.0,0.0
2023-02-23 18:30:00,0.0,0.0
2023-02-23 19:30:00,0.0,0.0
2023-02-23 20:30:00,0.0,0.0
2023-02-23 21:30:00,0.0,0.0
2023-02-23 22:30:00,0.0,0.0
2023-02-23 23:30:00,0.0,0.0
2023-02-24 00:30:00,0.0,0.0
2023-02-24 01:30:00,0.0,0.0
2023-02-24 02:30:00,121.55,0.12154999999999999
2023-02-24 03:30:00,331.15,0.33115
2023-02-24 04:30:00,534.51,0.53451
2023-02-24 05:30:00,692.81,0.6928099999999999
2023-02-24 06:30:00,789.86,0.78986
2023-02-24 07:30:00,811.66,0.8116599999999999
2023-02-24 08:30:00,757.96,0.7579600000000001
2023-02-24 09:30:00,633.71,0.63371
2023-02-24 10:30:00,452.76,0.45276
2023-02-24 11:30:00,239.95,0.23995
2023-02-24 12:30:00,54.7,0.054700000000000006
2023-02-24 13:30:00,0.0,0.0
2023-02-24 14:30:00,0.0,0.0
2023-02-24 15:30:00,0.0,0.0
2023-02-24 16:30:00,0.0,0.0
2023-02-24 17:30:00,0.0,0.0
2023-02-24 18:30:00,0.0,0.0
2023-02-24 19:30:00,0.0,0.0
2023-02-24 20:30:00,0.0,0.0
2023-02-24 21:30:00,0.0,0.0
2023-02-24 22:30:00,0.0,0.0
2023-02-24 23:30:00,0.0,0.0
2023-02-25 00:30:00,0.0,0.0
2023-02-25 01:30:00,0.0,0.0
2023-02-25 02:30:00,123.75,0.12375
2023-02-25 03:30:00,334.0,0.334
2023-02-25 04:30:00,537.11,0.53711
2023-02-25 05:30:00,694.51,0.69451
2023-02-25 06:30:00,791.36,0.7913600000000001
2023-02-25 07:30:00,812.41,0.81241
2023-02-25 08:30:00,758.61,0.75861
2023-02-25 09:30:00,634.31,0.6343099999999999
2023-02-25 10:30:00,453.05,0.45305
2023-02-25 11:30:00,240.75,0.24075
2023-02-25 12:30:00,54.95,0.054950000000000006
2023-02-25 13:30:00,0.0,0.0
2023-02-25 14:30:00,0.0,0.0
2023-02-25 15:30:00,0.0,0.0
2023-02-25 16:30:00,0.0,0.0
2023-02-25 17:30:00,0.0,0.0
2023-02-25 18:30:00,0.0,0.0
2023-02-25 19:30:00,0.0,0.0
2023-02-25 20:30:00,0.0,0.0
2023-02-25 21:30:00,0.0,0.0
2023-02-25 22:30:00,0.0,0.0
2023-02-25 23:30:00,0.0,0.0
2023-02-26 00:30:00,0.0,0.0
2023-02-26 01:30:00,0.0,0.0
2023-02-26 02:30:00,124.6,0.12459999999999999
2023-02-26 03:30:00,333.9,0.3339
2023-02-26 04:30:00,536.21,0.5362100000000001
2023-02-26 05:30:00,693.61,0.6936100000000001
2023-02-26 06:30:00,790.31,0.79031
2023-02-26 07:30:00,811.61,0.81161
2023-02-26 08:30:00,757.61,0.75761
2023-02-26 09:30:00,633.86,0.63386
2023-02-26 10:30:00,453.45,0.45344999999999996
2023-02-26 11:30:00,241.2,0.2412
2023-02-26 12:30:00,55.75,0.05575
2023-02-26 13:30:00,0.0,0.0
2023-02-26 14:30:00,0.0,0.0
2023-02-26 15:30:00,0.0,0.0
2023-02-26 16:30:00,0.0,0.0
2023-02-26 17:30:00,0.0,0.0
2023-02-26 18:30:00,0.0,0.0
2023-02-26 19:30:00,0.0,0.0
2023-02-26 20:30:00,0.0,0.0
2023-02-26 21:30:00,0.0,0.0
2023-02-26 22:30:00,0.0,0.0
2023-02-26 23:30:00,0.0,0.0
2023-02-27 00:30:00,0.0,0.0
2023-02-27 01:30:00,0.0,0.0
2023-02-27 02:30:00,126.1,0.1261
2023-02-27 03:30:00,335.25,0.33525
2023-02-27 04:30:00,537.06,0.53706
2023-02-27 05:30:00,693.81,0.6938099999999999
2023-02-27 06:30:00,787.51,0.78751
2023-02-27 07:30:00,808.46,0.8084600000000001
2023-02-27 08:30:00,753.96,0.7539600000000001
2023-02-27 09:30:00,629.86,0.62986
2023-02-27 10:30:00,449.5,0.4495
2023-02-27 11:30:00,237.4,0.2374
2023-02-27 12:30:00,54.15,0.05415
2023-02-27 13:30:00,0.0,0.0
2023-02-27 14:30:00,0.0,0.0
2023-02-27 15:30:00,0.0,0.0
2023-02-27 16:30:00,0.0,0.0
2023-02-27 17:30:00,0.0,0.0
2023-02-27 18:30:00,0.0,0.0
2023-02-27 19:30:00,0.0,0.0
2023-02-27 20:30:00,0.0,0.0
2023-02-27 21:30:00,0.0,0.0
2023-02-27 22:30:00,0.0,0.0
2023-02-27 23:30:00,0.0,0.0
2023-02-28 00:30:00,0.0,0.0
2023-02-28 01:30:00,0.0,0.0
2023-02-28 02:30:00,127.25,0.12725
2023-02-28 03:30:00,334.4,0.3344
2023-02-28 04:30:00,535.86,0.53586
2023-02-28 05:30:00,693.61,0.6936100000000001
2023-02-28 06:30:00,784.51,0.78451
2023-02-28 07:30:00,803.36,0.80336
2023-02-28 08:30:00,720.96,0.72096
2023-02-28 09:30:00,599.51,0.59951
2023-02-28 10:30:00,355.95,0.35595
2023-02-28 11:30:00,139.65,0.13965
2023-02-28 12:30:00,31.45,0.03145
2023-02-28 13:30:00,0.0,0.0
2023-02-28 14:30:00,0.0,0.0
2023-02-28 15:30:00,0.0,0.0
2023-02-28 16:30:00,0.0,0.0
2023-02-28 17:30:00,0.0,0.0
2023-02-28 18:30:00,0.0,0.0
2023-02-28 19:30:00,0.0,0.0
2023-02-28 20:30:00,0.0,0.0
2023-02-28 21:30:00,0.0,0.0
2023-02-28 22:30:00,0.0,0.0
2023-02-28 23:30:00,0.0,0.0
2023-03-01 00:30:00,0.0,0.0
2023-03-01 01:30:00,0.0,0.0
2023-03-01 02:30:00,129.95,0.12994999999999998
2023-03-01 03:30:00,340.6,0.3406
2023-03-01 04:30:00,543.41,0.54341
2023-03-01 05:30:00,700.86,0.70086
2023-03-01 06:30:00,793.71,0.79371
2023-03-01 07:30:00,813.76,0.81376
2023-03-01 08:30:00,758.41,0.7584099999999999
2023-03-01 09:30:00,633.51,0.63351
2023-03-01 10:30:00,447.5,0.4475
2023-03-01 11:30:00,235.35,0.23535
2023-03-01 12:30:00,52.4,0.052399999999999995
2023-03-01 13:30:00,0.0,0.0
2023-03-01 14:30:00,0.0,0.0
2023-03-01 15:30:00,0.0,0.0
2023-03-01 16:30:00,0.0,0.0
2023-03-01 17:30:00,0.0,0.0
2023-03-01 18:30:00,0.0,0.0
2023-03-01 19:30:00,0.0,0.0
2023-03-01 20:30:00,0.0,0.0
2023-03-01 21:30:00,0.0,0.0
2023-03-01 22:30:00,0.0,0.0
2023-03-01 23:30:00,0.0,0.0
2023-03-02 00:30:00,0.0,0.0
2023-03-02 01:30:00,0.0,0.0
2023-03-02 02:30:00,131.5,0.1315
2023-03-02 03:30:00,341.2,0.3412
2023-03-02 04:30:00,542.76,0.54276
2023-03-02 05:30:00,699.31,0.69931
2023-03-02 06:30:00,791.71,0.79171
2023-03-02 07:30:00,811.21,0.81121
2023-03-02 08:30:00,756.16,0.7561599999999999
2023-03-02 09:30:00,622.21,0.62221
2023-03-02 10:30:00,432.85,0.43285
2023-03-02 11:30:00,195.85,0.19585
2023-03-02 12:30:00,57.3,0.0573
2023-03-02 13:30:00,0.0,0.0
2023-03-02 14:30:00,0.0,0.0
2023-03-02 15:30:00,0.0,0.0
2023-03-02 16:30:00,0.0,0.0
2023-03-02 17:30:00,0.0,0.0
2023-03-02 18:30:00,0.0,0.0
2023-03-02 19:30:00,0.0,0.0
2023-03-02 20:30:00,0.0,0.0
2023-03-02 21:30:00,0.0,0.0
2023-03-02 22:30:00,0.0,0.0
2023-03-02 23:30:00,0.0,0.0
2023-03-03 00:30:00,0.0,0.0
2023-03-03 01:30:00,0.0,0.0
2023-03-03 02:30:00,133.65,0.13365000000000002
2023-03-03 03:30:00,343.4,0.3434
2023-03-03 04:30:00,544.95,0.54495
2023-03-03 05:30:00,701.76,0.7017599999999999
2023-03-03 06:30:00,794.86,0.79486
2023-03-03 07:30:00,814.16,0.81416
2023-03-03 08:30:00,759.71,0.75971
2023-03-03 09:30:00,583.56,0.58356
2023-03-03 10:30:00,411.55,0.41155
2023-03-03 11:30:00,216.95,0.21694999999999998
2023-03-03 12:30:00,55.9,0.0559
2023-03-03 13:30:00,0.0,0.0
2023-03-03 14:30:00,0.0,0.0
2023-03-03 15:30:00,0.0,0.0
2023-03-03 16:30:00,0.0,0.0
2023-03-03 17:30:00,0.0,0.0
2023-03-03 18:30:00,0.0,0.0
2023-03-03 19:30:00,0.0,0.0
2023-03-03 20:30:00,0.0,0.0
2023-03-03 21:30:00,0.0,0.0
2023-03-03 22:30:00,0.0,0.0
2023-03-03 23:30:00,0.0,0.0
2023-03-04 00:30:00,0.0,0.0
2023-03-04 01:30:00,0.0,0.0
2023-03-04 02:30:00,126.5,0.1265
2023-03-04 03:30:00,332.55,0.33255
2023-03-04 04:30:00,540.85,0.54085
2023-03-04 05:30:00,694.41,0.69441
2023-03-04 06:30:00,786.76,0.78676
2023-03-04 07:30:00,809.96,0.80996
2023-03-04 08:30:00,747.36,0.74736
2023-03-04 09:30:00,600.06,0.6000599999999999
2023-03-04 10:30:00,370.6,0.37060000000000004
2023-03-04 11:30:00,186.95,0.18694999999999998
2023-03-04 12:30:00,46.3,0.046299999999999994
2023-03-04 13:30:00,0.0,0.0
2023-03-04 14:30:00,0.0,0.0
2023-03-04 15:30:00,0.0,0.0
2023-03-04 16:30:00,0.0,0.0
2023-03-04 17:30:00,0.0,0.0
2023-03-04 18:30:00,0.0,0.0
2023-03-04 19:30:00,0.0,0.0
2023-03-04 20:30:00,0.0,0.0
2023-03-04 21:30:00,0.0,0.0
2023-03-04 22:30:00,0.0,0.0
2023-03-04 23:30:00,0.0,0.0
2023-03-05 00:30:00,0.0,0.0
2023-03-05 01:30:00,0.0,0.0
2023-03-05 02:30:00,136.35,0.13635
2023-03-05 03:30:00,342.1,0.3421
2023-03-05 04:30:00,545.3,0.5453
2023-03-05 05:30:00,699.11,0.69911
2023-03-05 06:30:00,791.26,0.79126
2023-03-05 07:30:00,767.46,0.76746
2023-03-05 08:30:00,748.11,0.74811
2023-03-05 09:30:00,618.11,0.61811
2023-03-05 10:30:00,385.25,0.38525
2023-03-05 11:30:00,182.85,0.18284999999999998
2023-03-05 12:30:00,51.2,0.0512
2023-03-05 13:30:00,0.0,0.0
2023-03-05 14:30:00,0.0,0.0
2023-03-05 15:30:00,0.0,0.0
2023-03-05 16:30:00,0.0,0.0
2023-03-05 17:30:00,0.0,0.0
2023-03-05 18:30:00,0.0,0.0
2023-03-05 19:30:00,0.0,0.0
2023-03-05 20:30:00,0.0,0.0
2023-03-05 21:30:00,0.0,0.0
2023-03-05 22:30:00,0.0,0.0
2023-03-05 23:30:00,0.0,0.0
2023-03-06 00:30:00,0.0,0.0
2023-03-06 01:30:00,0.0,0.0
2023-03-06 02:30:00,127.95,0.12795
2023-03-06 03:30:00,325.55,0.32555
2023-03-06 04:30:00,516.1,0.5161
2023-03-06 05:30:00,688.66,0.6886599999999999
2023-03-06 06:30:00,616.65,0.61665
2023-03-06 07:30:00,566.3,0.5662999999999999
2023-03-06 08:30:00,669.66,0.6696599999999999
2023-03-06 09:30:00,586.6,0.5866
2023-03-06 10:30:00,266.25,0.26625
2023-03-06 11:30:00,90.2,0.0902
2023-03-06 12:30:00,25.55,0.02555
2023-03-06 13:30:00,0.0,0.0
2023-03-06 14:30:00,0.0,0.0
2023-03-06 15:30:00,0.0,0.0
2023-03-06 16:30:00,0.0,0.0
2023-03-06 17:30:00,0.0,0.0
2023-03-06 18:30:00,0.0,0.0
2023-03-06 19:30:00,0.0,0.0
2023-03-06 20:30:00,0.0,0.0
2023-03-06 21:30:00,0.0,0.0
2023-03-06 22:30:00,0.0,0.0
2023-03-06 23:30:00,0.0,0.0
2023-03-07 00:30:00,0.0,0.0
2023-03-07 01:30:00,0.0,0.0
2023-03-07 02:30:00,84.6,0.0846
2023-03-07 03:30:00,195.85,0.19585
2023-03-07 04:30:00,428.75,0.42875
2023-03-07 05:30:00,438.4,0.43839999999999996
2023-03-07 06:30:00,513.35,0.51335
2023-03-07 07:30:00,496.65,0.49665
2023-03-07 08:30:00,365.2,0.36519999999999997
2023-03-07 09:30:00,565.6,0.5656
2023-03-07 10:30:00,418.3,0.4183
2023-03-07 11:30:00,226.95,0.22694999999999999
2023-03-07 12:30:00,37.4,0.037399999999999996
2023-03-07 13:30:00,0.0,0.0
2023-03-07 14:30:00,0.0,0.0
2023-03-07 15:30:00,0.0,0.0
2023-03-07 16:30:00,0.0,0.0
2023-03-07 17:30:00,0.0,0.0
2023-03-07 18:30:00,0.0,0.0
2023-03-07 19:30:00,0.0,0.0
2023-03-07 20:30:00,0.0,0.0
2023-03-07 21:30:00,0.0,0.0
2023-03-07 22:30:00,0.0,0.0
2023-03-07 23:30:00,0.0,0.0
2023-03-08 00:30:00,0.0,0.0
2023-03-08 01:30:00,0.0,0.0
2023-03-08 02:30:00,129.15,0.12915000000000001
2023-03-08 03:30:00,337.05,0.33705
2023-03-08 04:30:00,526.55,0.52655
2023-03-08 05:30:00,701.01,0.70101
2023-03-08 06:30:00,695.66,0.69566
2023-03-08 07:30:00,543.5,0.5435
2023-03-08 08:30:00,514.75,0.51475
2023-03-08 09:30:00,513.55,0.51355
2023-03-08 10:30:00,406.25,0.40625
2023-03-08 11:30:00,202.8,0.2028
2023-03-08 12:30:00,43.25,0.04325
2023-03-08 13:30:00,0.0,0.0
2023-03-08 14:30:00,0.0,0.0
2023-03-08 15:30:00,0.0,0.0
2023-03-08 16:30:00,0.0,0.0
2023-03-08 17:30:00,0.0,0.0
2023-03-08 18:30:00,0.0,0.0
2023-03-08 19:30:00,0.0,0.0
2023-03-08 20:30:00,0.0,0.0
2023-03-08 21:30:00,0.0,0.0
2023-03-08 22:30:00,0.0,0.0
2023-03-08 23:30:00,0.0,0.0
2023-03-09 00:30:00,0.0,0.0
2023-03-09 01:30:00,0.0,0.0
2023-03-09 02:30:00,77.4,0.07740000000000001
2023-03-09 03:30:00,167.85,0.16785
2023-03-09 04:30:00,437.2,0.4372
2023-03-09 05:30:00,556.0,0.556
2023-03-09 06:30:00,561.55,0.56155
2023-03-09 07:30:00,689.61,0.6896100000000001
2023-03-09 08:30:00,559.35,0.55935
2023-03-09 09:30:00,428.0,0.428
2023-03-09 10:30:00,355.55,0.35555000000000003
2023-03-09 11:30:00,202.9,0.2029
2023-03-09 12:30:00,33.45,0.03345
2023-03-09 13:30:00,0.0,0.0
2023-03-09 14:30:00,0.0,0.0
2023-03-09 15:30:00,0.0,0.0
2023-03-09 16:30:00,0.0,0.0
2023-03-09 17:30:00,0.0,0.0
2023-03-09 18:30:00,0.0,0.0
2023-03-09 19:30:00,0.0,0.0
2023-03-09 20:30:00,0.0,0.0
2023-03-09 21:30:00,0.0,0.0
2023-03-09 22:30:00,0.0,0.0
2023-03-09 23:30:00,0.0,0.0
2023-03-10 00:30:00,0.0,0.0
2023-03-10 01:30:00,0.0,0.0
2023-03-10 02:30:00,143.05,0.14305
2023-03-10 03:30:00,349.25,0.34925
2023-03-10 04:30:00,531.15,0.53115
2023-03-10 05:30:00,697.66,0.69766
2023-03-10 06:30:00,744.01,0.74401
2023-03-10 07:30:00,530.4,0.5304
2023-03-10 08:30:00,720.76,0.72076
2023-03-10 09:30:00,493.85,0.49385
2023-03-10 10:30:00,352.25,0.35225
2023-03-10 11:30:00,219.6,0.2196
2023-03-10 12:30:00,51.55,0.05155
2023-03-10 13:30:00,0.0,0.0
2023-03-10 14:30:00,0.0,0.0
2023-03-10 15:30:00,0.0,0.0
2023-03-10 16:30:00,0.0,0.0
2023-03-10 17:30:00,0.0,0.0
2023-03-10 18:30:00,0.0,0.0
2023-03-10 19:30:00,0.0,0.0
2023-03-10 20:30:00,0.0,0.0
2023-03-10 21:30:00,0.0,0.0
2023-03-10 22:30:00,0.0,0.0
2023-03-10 23:30:00,0.0,0.0
2023-03-11 00:30:00,0.0,0.0
2023-03-11 01:30:00,0.0,0.0
2023-03-11 02:30:00,88.1,0.0881
2023-03-11 03:30:00,262.6,0.2626
2023-03-11 04:30:00,503.1,0.5031
2023-03-11 05:30:00,690.01,0.69001
2023-03-11 06:30:00,692.1,0.6921
2023-03-11 07:30:00,745.41,0.74541
2023-03-11 08:30:00,558.4,0.5584
2023-03-11 09:30:00,366.0,0.366
2023-03-11 10:30:00,231.15,0.23115
2023-03-11 11:30:00,87.1,0.0871
2023-03-11 12:30:00,30.65,0.03065
2023-03-11 13:30:00,0.0,0.0
2023-03-11 14:30:00,0.0,0.0
2023-03-11 15:30:00,0.0,0.0
2023-03-11 16:30:00,0.0,0.0
2023-03-11 17:30:00,0.0,0.0
2023-03-11 18:30:00,0.0,0.0
2023-03-11 19:30:00,0.0,0.0
2023-03-11 20:30:00,0.0,0.0
2023-03-11 21:30:00,0.0,0.0
2023-03-11 22:30:00,0.0,0.0
2023-03-11 23:30:00,0.0,0.0
2023-03-12 00:30:00,0.0,0.0
2023-03-12 01:30:00,13.9,0.013900000000000001
2023-03-12 02:30:00,118.45,0.11845
2023-03-12 03:30:00,298.35,0.29835
2023-03-12 04:30:00,484.0,0.484
2023-03-12 05:30:00,659.55,0.65955
2023-03-12 06:30:00,710.75,0.71075
2023-03-12 07:30:00,598.9,0.5989
2023-03-12 08:30:00,416.6,0.4166
2023-03-12 09:30:00,277.1,0.2771
2023-03-12 10:30:00,201.05,0.20105
2023-03-12 11:30:00,146.75,0.14675
2023-03-12 12:30:00,31.25,0.03125
2023-03-12 13:30:00,0.0,0.0
2023-03-12 14:30:00,0.0,0.0
2023-03-12 15:30:00,0.0,0.0
2023-03-12 16:30:00,0.0,0.0
2023-03-12 17:30:00,0.0,0.0
2023-03-12 18:30:00,0.0,0.0
2023-03-12 19:30:00,0.0,0.0
2023-03-12 20:30:00,0.0,0.0
2023-03-12 21:30:00,0.0,0.0
2023-03-12 22:30:00,0.0,0.0
2023-03-12 23:30:00,0.0,0.0
2023-03-13 00:30:00,0.0,0.0
2023-03-13 01:30:00,9.5,0.0095
2023-03-13 02:30:00,56.7,0.0567
2023-03-13 03:30:00,174.75,0.17475
2023-03-13 04:30:00,409.2,0.4092
2023-03-13 05:30:00,651.65,0.65165
2023-03-13 06:30:00,718.45,0.71845
2023-03-13 07:30:00,571.75,0.57175
2023-03-13 08:30:00,170.35,0.17035
2023-03-13 09:30:00,95.35,0.09534999999999999
2023-03-13 10:30:00,122.2,0.1222
2023-03-13 11:30:00,125.75,0.12575
2023-03-13 12:30:00,20.9,0.0209
2023-03-13 13:30:00,0.0,0.0
2023-03-13 14:30:00,0.0,0.0
2023-03-13 15:30:00,0.0,0.0
2023-03-13 16:30:00,0.0,0.0
2023-03-13 17:30:00,0.0,0.0
2023-03-13 18:30:00,0.0,0.0
2023-03-13 19:30:00,0.0,0.0
2023-03-13 20:30:00,0.0,0.0
2023-03-13 21:30:00,0.0,0.0
2023-03-13 22:30:00,0.0,0.0
2023-03-13 23:30:00,0.0,0.0
2023-03-14 00:30:00,0.0,0.0
2023-03-14 01:30:00,13.2,0.0132
2023-03-14 02:30:00,142.45,0.14245
2023-03-14 03:30:00,300.05,0.30005000000000004
2023-03-14 04:30:00,517.7,0.5177
2023-03-14 05:30:00,644.2,0.6442
2023-03-14 06:30:00,649.75,0.64975
2023-03-14 07:30:00,695.65,0.69565
2023-03-14 08:30:00,473.5,0.4735
2023-03-14 09:30:00,472.6,0.4726
2023-03-14 10:30:00,318.95,0.31895
2023-03-14 11:30:00,99.35,0.09935
2023-03-14 12:30:00,35.7,0.0357
2023-03-14 13:30:00,0.0,0.0
2023-03-14 14:30:00,0.0,0.0
2023-03-14 15:30:00,0.0,0.0
2023-03-14 16:30:00,0.0,0.0
2023-03-14 17:30:00,0.0,0.0
2023-03-14 18:30:00,0.0,0.0
2023-03-14 19:30:00,0.0,0.0
2023-03-14 20:30:00,0.0,0.0
2023-03-14 21:30:00,0.0,0.0
2023-03-14 22:30:00,0.0,0.0
2023-03-14 23:30:00,0.0,0.0
2023-03-15 00:30:00,0.0,0.0
2023-03-15 01:30:00,15.95,0.01595
2023-03-15 02:30:00,126.1,0.1261
2023-03-15 03:30:00,210.05,0.21005000000000001
2023-03-15 04:30:00,237.4,0.2374
2023-03-15 05:30:00,383.8,0.38380000000000003
2023-03-15 06:30:00,271.1,0.2711
2023-03-15 07:30:00,166.75,0.16675
2023-03-15 08:30:00,110.5,0.1105
2023-03-15 09:30:00,139.25,0.13925
2023-03-15 10:30:00,147.85,0.14784999999999998
2023-03-15 11:30:00,79.2,0.0792
2023-03-15 12:30:00,27.55,0.02755
2023-03-15 13:30:00,0.0,0.0
2023-03-15 14:30:00,0.0,0.0
2023-03-15 15:30:00,0.0,0.0
2023-03-15 16:30:00,0.0,0.0
2023-03-15 17:30:00,0.0,0.0
2023-03-15 18:30:00,0.0,0.0
2023-03-15 19:30:00,0.0,0.0
2023-03-15 20:30:00,0.0,0.0
2023-03-15 21:30:00,0.0,0.0
2023-03-15 22:30:00,0.0,0.0
2023-03-15 23:30:00,0.0,0.0
2023-03-16 00:30:00,0.0,0.0
2023-03-16 01:30:00,10.7,0.0107
2023-03-16 02:30:00,107.0,0.107
2023-03-16 03:30:00,155.55,0.15555000000000002
2023-03-16 04:30:00,309.05,0.30905
2023-03-16 05:30:00,462.2,0.4622
2023-03-16 06:30:00,602.15,0.60215
2023-03-16 07:30:00,534.3,0.5343
2023-03-16 08:30:00,448.35,0.44835
2023-03-16 09:30:00,452.5,0.4525
2023-03-16 10:30:00,154.9,0.1549
2023-03-16 11:30:00,130.7,0.13069999999999998
2023-03-16 12:30:00,22.6,0.022600000000000002
2023-03-16 13:30:00,0.0,0.0
2023-03-16 14:30:00,0.0,0.0
2023-03-16 15:30:00,0.0,0.0
2023-03-16 16:30:00,0.0,0.0
2023-03-16 17:30:00,0.0,0.0
2023-03-16 18:30:00,0.0,0.0
2023-03-16 19:30:00,0.0,0.0
2023-03-16 20:30:00,0.0,0.0
2023-03-16 21:30:00,0.0,0.0
2023-03-16 22:30:00,0.0,0.0
2023-03-16 23:30:00,0.0,0.0
2023-03-17 00:30:00,0.0,0.0
2023-03-17 01:30:00,3.0,0.003
2023-03-17 02:30:00,57.4,0.0574
2023-03-17 03:30:00,242.85,0.24284999999999998
2023-03-17 04:30:00,472.0,0.472
2023-03-17 05:30:00,356.95,0.35695
2023-03-17 06:30:00,461.5,0.4615
2023-03-17 07:30:00,439.0,0.439
2023-03-17 08:30:00,381.75,0.38175
2023-03-17 09:30:00,392.1,0.3921
2023-03-17 10:30:00,284.0,0.284
2023-03-17 11:30:00,115.05,0.11505
2023-03-17 12:30:00,51.0,0.051
2023-03-17 13:30:00,0.0,0.0
2023-03-17 14:30:00,0.0,0.0
2023-03-17 15:30:00,0.0,0.0
2023-03-17 16:30:00,0.0,0.0
2023-03-17 17:30:00,0.0,0.0
2023-03-17 18:30:00,0.0,0.0
2023-03-17 19:30:00,0.0,0.0
2023-03-17 20:30:00,0.0,0.0
2023-03-17 21:30:00,0.0,0.0
2023-03-17 22:30:00,0.0,0.0
2023-03-17 23:30:00,0.0,0.0
2023-03-18 00:30:00,0.0,0.0
2023-03-18 01:30:00,14.7,0.0147
2023-03-18 02:30:00,157.5,0.1575
2023-03-18 03:30:00,352.55,0.35255000000000003
2023-03-18 04:30:00,528.8,0.5287999999999999
2023-03-18 05:30:00,712.75,0.71275
2023-03-18 06:30:00,602.5,0.6025
2023-03-18 07:30:00,506.65,0.5066499999999999
2023-03-18 08:30:00,408.8,0.4088
2023-03-18 09:30:00,399.95,0.39994999999999997
2023-03-18 10:30:00,255.3,0.2553
2023-03-18 11:30:00,148.3,0.14830000000000002
2023-03-18 12:30:00,41.25,0.04125
2023-03-18 13:30:00,0.0,0.0
2023-03-18 14:30:00,0.0,0.0
2023-03-18 15:30:00,0.0,0.0
2023-03-18 16:30:00,0.0,0.0
2023-03-18 17:30:00,0.0,0.0
2023-03-18 18:30:00,0.0,0.0
2023-03-18 19:30:00,0.0,0.0
2023-03-18 20:30:00,0.0,0.0
2023-03-18 21:30:00,0.0,0.0
2023-03-18 22:30:00,0.0,0.0
2023-03-18 23:30:00,0.0,0.0
2023-03-19 00:30:00,0.0,0.0
2023-03-19 01:30:00,8.95,0.00895
2023-03-19 02:30:00,36.0,0.036
2023-03-19 03:30:00,266.0,0.266
2023-03-19 04:30:00,528.45,0.5284500000000001
2023-03-19 05:30:00,724.9,0.7249
2023-03-19 06:30:00,672.75,0.67275
2023-03-19 07:30:00,776.0,0.776
2023-03-19 08:30:00,702.1,0.7021000000000001
2023-03-19 09:30:00,591.9,0.5919
2023-03-19 10:30:00,401.5,0.4015
2023-03-19 11:30:00,199.65,0.19965
2023-03-19 12:30:00,65.4,0.0654
2023-03-19 13:30:00,0.0,0.0
2023-03-19 14:30:00,0.0,0.0
2023-03-19 15:30:00,0.0,0.0
2023-03-19 16:30:00,0.0,0.0
2023-03-19 17:30:00,0.0,0.0
2023-03-19 18:30:00,0.0,0.0
2023-03-19 19:30:00,0.0,0.0
2023-03-19 20:30:00,0.0,0.0
2023-03-19 21:30:00,0.0,0.0
2023-03-19 22:30:00,0.0,0.0
2023-03-19 23:30:00,0.0,0.0
2023-03-20 00:30:00,0.0,0.0
2023-03-20 01:30:00,19.05,0.01905
2023-03-20 02:30:00,107.15,0.10715000000000001
2023-03-20 03:30:00,327.3,0.32730000000000004
2023-03-20 04:30:00,596.1,0.5961000000000001
2023-03-20 05:30:00,735.35,0.7353500000000001
2023-03-20 06:30:00,817.1,0.8171
2023-03-20 07:30:00,795.5,0.7955
2023-03-20 08:30:00,715.05,0.71505
2023-03-20 09:30:00,528.35,0.52835
2023-03-20 10:30:00,381.95,0.38195
2023-03-20 11:30:00,215.05,0.21505000000000002
2023-03-20 12:30:00,60.75,0.06075
2023-03-20 13:30:00,0.0,0.0
2023-03-20 14:30:00,0.0,0.0
2023-03-20 15:30:00,0.0,0.0
2023-03-20 16:30:00,0.0,0.0
2023-03-20 17:30:00,0.0,0.0
2023-03-20 18:30:00,0.0,0.0
2023-03-20 19:30:00,0.0,0.0
2023-03-20 20:30:00,0.0,0.0
2023-03-20 21:30:00,0.0,0.0
2023-03-20 22:30:00,0.0,0.0
2023-03-20 23:30:00,0.0,0.0
2023-03-21 00:30:00,0.0,0.0
2023-03-21 01:30:00,18.85,0.018850000000000002
2023-03-21 02:30:00,155.2,0.15519999999999998
2023-03-21 03:30:00,341.2,0.3412
2023-03-21 04:30:00,494.95,0.49495
2023-03-21 05:30:00,528.35,0.52835
2023-03-21 06:30:00,464.1,0.4641
2023-03-21 07:30:00,559.75,0.55975
2023-03-21 08:30:00,283.2,0.2832
2023-03-21 09:30:00,360.2,0.36019999999999996
2023-03-21 10:30:00,298.8,0.2988
2023-03-21 11:30:00,222.0,0.222
2023-03-21 12:30:00,55.0,0.055
2023-03-21 13:30:00,0.0,0.0
2023-03-21 14:30:00,0.0,0.0
2023-03-21 15:30:00,0.0,0.0
2023-03-21 16:30:00,0.0,0.0
2023-03-21 17:30:00,0.0,0.0
2023-03-21 18:30:00,0.0,0.0
2023-03-21 19:30:00,0.0,0.0
2023-03-21 20:30:00,0.0,0.0
2023-03-21 21:30:00,0.0,0.0
2023-03-21 22:30:00,0.0,0.0
2023-03-21 23:30:00,0.0,0.0
2023-03-22 00:30:00,0.0,0.0
2023-03-22 01:30:00,22.7,0.022699999999999998
2023-03-22 02:30:00,164.55,0.16455
2023-03-22 03:30:00,381.75,0.38175
2023-03-22 04:30:00,595.7,0.5957
2023-03-22 05:30:00,747.05,0.74705
2023-03-22 06:30:00,833.25,0.83325
2023-03-22 07:30:00,791.0,0.791
2023-03-22 08:30:00,727.75,0.72775
2023-03-22 09:30:00,493.9,0.49389999999999995
2023-03-22 10:30:00,357.3,0.3573
2023-03-22 11:30:00,222.55,0.22255
2023-03-22 12:30:00,65.35,0.06534999999999999
2023-03-22 13:30:00,0.0,0.0
2023-03-22 14:30:00,0.0,0.0
2023-03-22 15:30:00,0.0,0.0
2023-03-22 16:30:00,0.0,0.0
2023-03-22 17:30:00,0.0,0.0
2023-03-22 18:30:00,0.0,0.0
2023-03-22 19:30:00,0.0,0.0
2023-03-22 20:30:00,0.0,0.0
2023-03-22 21:30:00,0.0,0.0
2023-03-22 22:30:00,0.0,0.0
2023-03-22 23:30:00,0.0,0.0
2023-03-23 00:30:00,0.0,0.0
2023-03-23 01:30:00,25.15,0.02515
2023-03-23 02:30:00,172.85,0.17285
2023-03-23 03:30:00,370.2,0.3702
2023-03-23 04:30:00,586.95,0.5869500000000001
2023-03-23 05:30:00,738.2,0.7382000000000001
2023-03-23 06:30:00,787.15,0.78715
2023-03-23 07:30:00,791.75,0.79175
2023-03-23 08:30:00,758.95,0.75895
2023-03-23 09:30:00,623.45,0.6234500000000001
2023-03-23 10:30:00,383.3,0.38330000000000003
2023-03-23 11:30:00,186.55,0.18655000000000002
2023-03-23 12:30:00,51.55,0.05155
2023-03-23 13:30:00,0.0,0.0
2023-03-23 14:30:00,0.0,0.0
2023-03-23 15:30:00,0.0,0.0
2023-03-23 16:30:00,0.0,0.0
2023-03-23 17:30:00,0.0,0.0
2023-03-23 18:30:00,0.0,0.0
2023-03-23 19:30:00,0.0,0.0
2023-03-23 20:30:00,0.0,0.0
2023-03-23 21:30:00,0.0,0.0
2023-03-23 22:30:00,0.0,0.0
2023-03-23 23:30:00,0.0,0.0
2023-03-24 00:30:00,0.0,0.0
2023-03-24 01:30:00,27.55,0.02755
2023-03-24 02:30:00,188.6,0.1886
2023-03-24 03:30:00,407.6,0.4076
2023-03-24 04:30:00,606.6,0.6066
2023-03-24 05:30:00,758.4,0.7584
2023-03-24 06:30:00,841.8,0.8418
2023-03-24 07:30:00,856.0,0.856
2023-03-24 08:30:00,739.65,0.73965
2023-03-24 09:30:00,585.35,0.58535
2023-03-24 10:30:00,309.0,0.309
2023-03-24 11:30:00,166.45,0.16645
2023-03-24 12:30:00,58.15,0.05815
2023-03-24 13:30:00,0.0,0.0
2023-03-24 14:30:00,0.0,0.0
2023-03-24 15:30:00,0.0,0.0
2023-03-24 16:30:00,0.0,0.0
2023-03-24 17:30:00,0.0,0.0
2023-03-24 18:30:00,0.0,0.0
2023-03-24 19:30:00,0.0,0.0
2023-03-24 20:30:00,0.0,0.0
2023-03-24 21:30:00,0.0,0.0
2023-03-24 22:30:00,0.0,0.0
2023-03-24 23:30:00,0.0,0.0
2023-03-25 00:30:00,0.0,0.0
2023-03-25 01:30:00,29.05,0.02905
2023-03-25 02:30:00,191.55,0.19155
2023-03-25 03:30:00,413.55,0.41355000000000003
2023-03-25 04:30:00,612.4,0.6123999999999999
2023-03-25 05:30:00,766.55,0.76655
2023-03-25 06:30:00,856.65,0.85665
2023-03-25 07:30:00,869.65,0.8696499999999999
2023-03-25 08:30:00,806.55,0.80655
2023-03-25 09:30:00,674.7,0.6747000000000001
2023-03-25 10:30:00,487.9,0.4879
2023-03-25 11:30:00,269.2,0.2692
2023-03-25 12:30:00,71.15,0.07115
2023-03-25 13:30:00,0.0,0.0
2023-03-25 14:30:00,0.0,0.0
2023-03-25 15:30:00,0.0,0.0
2023-03-25 16:30:00,0.0,0.0
2023-03-25 17:30:00,0.0,0.0
2023-03-25 18:30:00,0.0,0.0
2023-03-25 19:30:00,0.0,0.0
2023-03-25 20:30:00,0.0,0.0
2023-03-25 21:30:00,0.0,0.0
2023-03-25 22:30:00,0.0,0.0
2023-03-25 23:30:00,0.0,0.0
2023-03-26 00:30:00,0.0,0.0
2023-03-26 01:30:00,30.9,0.030899999999999997
2023-03-26 02:30:00,197.4,0.1974
2023-03-26 03:30:00,418.65,0.41864999999999997
2023-03-26 04:30:00,620.1,0.6201
2023-03-26 05:30:00,775.05,0.7750499999999999
2023-03-26 06:30:00,864.7,0.8647
2023-03-26 07:30:00,877.0,0.877
2023-03-26 08:30:00,814.95,0.8149500000000001
2023-03-26 09:30:00,683.2,0.6832
2023-03-26 10:30:00,494.6,0.49460000000000004
2023-03-26 11:30:00,273.35,0.27335000000000004
2023-03-26 12:30:00,72.55,0.07255
2023-03-26 13:30:00,0.0,0.0
2023-03-26 14:30:00,0.0,0.0
2023-03-26 15:30:00,0.0,0.0
2023-03-26 16:30:00,0.0,0.0
2023-03-26 17:30:00,0.0,0.0
2023-03-26 18:30:00,0.0,0.0
2023-03-26 19:30:00,0.0,0.0
2023-03-26 20:30:00,0.0,0.0
2023-03-26 21:30:00,0.0,0.0
2023-03-26 22:30:00,0.0,0.0
2023-03-26 23:30:00,0.0,0.0
2023-03-27 00:30:00,0.0,0.0
2023-03-27 01:30:00,32.7,0.0327
2023-03-27 02:30:00,204.3,0.2043
2023-03-27 03:30:00,432.35,0.43235
2023-03-27 04:30:00,637.55,0.63755
2023-03-27 05:30:00,791.05,0.7910499999999999
2023-03-27 06:30:00,876.25,0.87625
2023-03-27 07:30:00,886.5,0.8865
2023-03-27 08:30:00,819.35,0.81935
2023-03-27 09:30:00,680.15,0.68015
2023-03-27 10:30:00,492.65,0.49265
2023-03-27 11:30:00,271.45,0.27144999999999997
2023-03-27 12:30:00,71.6,0.0716
2023-03-27 13:30:00,0.0,0.0
2023-03-27 14:30:00,0.0,0.0
2023-03-27 15:30:00,0.0,0.0
2023-03-27 16:30:00,0.0,0.0
2023-03-27 17:30:00,0.0,0.0
2023-03-27 18:30:00,0.0,0.0
2023-03-27 19:30:00,0.0,0.0
2023-03-27 20:30:00,0.0,0.0
2023-03-27 21:30:00,0.0,0.0
2023-03-27 22:30:00,0.0,0.0
2023-03-27 23:30:00,0.0,0.0
2023-03-28 00:30:00,0.0,0.0
2023-03-28 01:30:00,6.55,0.006549999999999999
2023-03-28 02:30:00,91.35,0.09135
2023-03-28 03:30:00,372.75,0.37275
2023-03-28 04:30:00,621.1,0.6211
2023-03-28 05:30:00,767.05,0.76705
2023-03-28 06:30:00,858.25,0.85825
2023-03-28 07:30:00,869.5,0.8695
2023-03-28 08:30:00,805.85,0.8058500000000001
2023-03-28 09:30:00,675.25,0.67525
2023-03-28 10:30:00,488.85,0.48885
2023-03-28 11:30:00,270.35,0.27035000000000003
2023-03-28 12:30:00,72.1,0.0721
2023-03-28 13:30:00,0.0,0.0
2023-03-28 14:30:00,0.0,0.0
2023-03-28 15:30:00,0.0,0.0
2023-03-28 16:30:00,0.0,0.0
2023-03-28 17:30:00,0.0,0.0
2023-03-28 18:30:00,0.0,0.0
2023-03-28 19:30:00,0.0,0.0
2023-03-28 20:30:00,0.0,0.0
2023-03-28 21:30:00,0.0,0.0
2023-03-28 22:30:00,0.0,0.0
2023-03-28 23:30:00,0.0,0.0
2023-03-29 00:30:00,0.0,0.0
2023-03-29 01:30:00,34.2,0.0342
2023-03-29 02:30:00,203.4,0.2034
2023-03-29 03:30:00,425.2,0.42519999999999997
2023-03-29 04:30:00,627.15,0.62715
2023-03-29 05:30:00,776.85,0.77685
2023-03-29 06:30:00,865.8,0.8657999999999999
2023-03-29 07:30:00,873.5,0.8735
2023-03-29 08:30:00,810.2,0.8102
2023-03-29 09:30:00,678.75,0.67875
2023-03-29 10:30:00,491.6,0.49160000000000004
2023-03-29 11:30:00,271.9,0.2719
2023-03-29 12:30:00,72.8,0.0728
2023-03-29 13:30:00,0.0,0.0
2023-03-29 14:30:00,0.0,0.0
2023-03-29 15:30:00,0.0,0.0
2023-03-29 16:30:00,0.0,0.0
2023-03-29 17:30:00,0.0,0.0
2023-03-29 18:30:00,0.0,0.0
2023-03-29 19:30:00,0.0,0.0
2023-03-29 20:30:00,0.0,0.0
2023-03-29 21:30:00,0.0,0.0
2023-03-29 22:30:00,0.0,0.0
2023-03-29 23:30:00,0.0,0.0
2023-03-30 00:30:00,0.0,0.0
2023-03-30 01:30:00,27.9,0.027899999999999998
2023-03-30 02:30:00,109.5,0.1095
2023-03-30 03:30:00,390.45,0.39044999999999996
2023-03-30 04:30:00,620.5,0.6205
2023-03-30 05:30:00,770.05,0.7700499999999999
2023-03-30 06:30:00,864.8,0.8647999999999999
2023-03-30 07:30:00,863.2,0.8632000000000001
2023-03-30 08:30:00,782.35,0.78235
2023-03-30 09:30:00,669.15,0.66915
2023-03-30 10:30:00,478.85,0.47885
2023-03-30 11:30:00,262.05,0.26205
2023-03-30 12:30:00,69.45,0.06945
2023-03-30 13:30:00,0.0,0.0
2023-03-30 14:30:00,0.0,0.0
2023-03-30 15:30:00,0.0,0.0
2023-03-30 16:30:00,0.0,0.0
2023-03-30 17:30:00,0.0,0.0
2023-03-30 18:30:00,0.0,0.0
2023-03-30 19:30:00,0.0,0.0
2023-03-30 20:30:00,0.0,0.0
2023-03-30 21:30:00,0.0,0.0
2023-03-30 22:30:00,0.0,0.0
2023-03-30 23:30:00,0.0,0.0
2023-03-31 00:30:00,0.0,0.0
2023-03-31 01:30:00,21.5,0.0215
2023-03-31 02:30:00,146.8,0.1468
2023-03-31 03:30:00,313.5,0.3135
2023-03-31 04:30:00,509.8,0.5098
2023-03-31 05:30:00,577.75,0.57775
2023-03-31 06:30:00,763.75,0.76375
2023-03-31 07:30:00,817.3,0.8172999999999999
2023-03-31 08:30:00,715.7,0.7157
2023-03-31 09:30:00,510.85,0.51085
2023-03-31 10:30:00,358.25,0.35825
2023-03-31 11:30:00,178.95,0.17895
2023-03-31 12:30:00,53.8,0.0538
2023-03-31 13:30:00,0.0,0.0
2023-03-31 14:30:00,0.0,0.0
2023-03-31 15:30:00,0.0,0.0
2023-03-31 16:30:00,0.0,0.0
2023-03-31 17:30:00,0.0,0.0
2023-03-31 18:30:00,0.0,0.0
2023-03-31 19:30:00,0.0,0.0
2023-03-31 20:30:00,0.0,0.0
2023-03-31 21:30:00,0.0,0.0
2023-03-31 22:30:00,0.0,0.0
2023-03-31 23:30:00,0.0,0.0
2023-04-01 00:30:00,0.0,0.0
2023-04-01 01:30:00,37.15,0.037149999999999996
2023-04-01 02:30:00,208.0,0.208
2023-04-01 03:30:00,436.05,0.43605
2023-04-01 04:30:00,639.85,0.63985
2023-04-01 05:30:00,791.45,0.7914500000000001
2023-04-01 06:30:00,881.95,0.88195
2023-04-01 07:30:00,892.35,0.89235
2023-04-01 08:30:00,827.0,0.827
2023-04-01 09:30:00,692.25,0.69225
2023-04-01 10:30:00,501.85,0.50185
2023-04-01 11:30:00,278.85,0.27885000000000004
2023-04-01 12:30:00,75.65,0.07565000000000001
2023-04-01 13:30:00,0.0,0.0
2023-04-01 14:30:00,0.0,0.0
2023-04-01 15:30:00,0.0,0.0
2023-04-01 16:30:00,0.0,0.0
2023-04-01 17:30:00,0.0,0.0
2023-04-01 18:30:00,0.0,0.0
2023-04-01 19:30:00,0.0,0.0
2023-04-01 20:30:00,0.0,0.0
2023-04-01 21:30:00,0.0,0.0
2023-04-01 22:30:00,0.0,0.0
2023-04-01 23:30:00,0.0,0.0
2023-04-02 00:30:00,0.0,0.0
2023-04-02 01:30:00,21.55,0.02155
2023-04-02 02:30:00,107.1,0.1071
2023-04-02 03:30:00,418.9,0.4189
2023-04-02 04:30:00,629.8,0.6297999999999999
2023-04-02 05:30:00,782.0,0.782
2023-04-02 06:30:00,863.25,0.86325
2023-04-02 07:30:00,870.7,0.8707
2023-04-02 08:30:00,805.1,0.8051
2023-04-02 09:30:00,673.85,0.6738500000000001
2023-04-02 10:30:00,487.45,0.48745
2023-04-02 11:30:00,269.7,0.2697
2023-04-02 12:30:00,72.4,0.0724
2023-04-02 13:30:00,0.0,0.0
2023-04-02 14:30:00,0.0,0.0
2023-04-02 15:30:00,0.0,0.0
2023-04-02 16:30:00,0.0,0.0
2023-04-02 17:30:00,0.0,0.0
2023-04-02 18:30:00,0.0,0.0
2023-04-02 19:30:00,0.0,0.0
2023-04-02 20:30:00,0.0,0.0
2023-04-02 21:30:00,0.0,0.0
2023-04-02 22:30:00,0.0,0.0
2023-04-02 23:30:00,0.0,0.0
2023-04-03 00:30:00,0.0,0.0
2023-04-03 01:30:00,27.85,0.02785
2023-04-03 02:30:00,107.35,0.10735
2023-04-03 03:30:00,419.2,0.41919999999999996
2023-04-03 04:30:00,640.0,0.64
2023-04-03 05:30:00,795.2,0.7952
2023-04-03 06:30:00,874.3,0.8743
2023-04-03 07:30:00,878.3,0.8783
2023-04-03 08:30:00,812.5,0.8125
2023-04-03 09:30:00,676.55,0.67655
2023-04-03 10:30:00,485.9,0.4859
2023-04-03 11:30:00,266.65,0.26665
2023-04-03 12:30:00,71.75,0.07175
2023-04-03 13:30:00,0.0,0.0
2023-04-03 14:30:00,0.0,0.0
2023-04-03 15:30:00,0.0,0.0
2023-04-03 16:30:00,0.0,0.0
2023-04-03 17:30:00,0.0,0.0
2023-04-03 18:30:00,0.0,0.0
2023-04-03 19:30:00,0.0,0.0
2023-04-03 20:30:00,0.0,0.0
2023-04-03 21:30:00,0.0,0.0
2023-04-03 22:30:00,0.0,0.0
2023-04-03 23:30:00,0.0,0.0
2023-04-04 00:30:00,0.0,0.0
2023-04-04 01:30:00,35.65,0.03565
2023-04-04 02:30:00,194.3,0.1943
2023-04-04 03:30:00,428.85,0.42885
2023-04-04 04:30:00,624.3,0.6243
2023-04-04 05:30:00,771.1,0.7711
2023-04-04 06:30:00,854.75,0.85475
2023-04-04 07:30:00,829.2,0.8292
2023-04-04 08:30:00,775.15,0.77515
2023-04-04 09:30:00,518.4,0.5184
2023-04-04 10:30:00,303.0,0.303
2023-04-04 11:30:00,93.85,0.09384999999999999
2023-04-04 12:30:00,37.05,0.03705
2023-04-04 13:30:00,0.0,0.0
2023-04-04 14:30:00,0.0,0.0
2023-04-04 15:30:00,0.0,0.0
2023-04-04 16:30:00,0.0,0.0
2023-04-04 17:30:00,0.0,0.0
2023-04-04 18:30:00,0.0,0.0
2023-04-04 19:30:00,0.0,0.0
2023-04-04 20:30:00,0.0,0.0
2023-04-04 21:30:00,0.0,0.0
2023-04-04 22:30:00,0.0,0.0
2023-04-04 23:30:00,0.0,0.0
2023-04-05 00:30:00,0.0,0.0
2023-04-05 01:30:00,29.05,0.02905
2023-04-05 02:30:00,164.15,0.16415000000000002
2023-04-05 03:30:00,401.05,0.40105
2023-04-05 04:30:00,628.3,0.6283
2023-04-05 05:30:00,775.45,0.7754500000000001
2023-04-05 06:30:00,793.6,0.7936
2023-04-05 07:30:00,679.85,0.6798500000000001
2023-04-05 08:30:00,679.5,0.6795
2023-04-05 09:30:00,448.6,0.4486
2023-04-05 10:30:00,256.05,0.25605
2023-04-05 11:30:00,127.0,0.127
2023-04-05 12:30:00,46.15,0.04615
2023-04-05 13:30:00,0.0,0.0
2023-04-05 14:30:00,0.0,0.0
2023-04-05 15:30:00,0.0,0.0
2023-04-05 16:30:00,0.0,0.0
2023-04-05 17:30:00,0.0,0.0
2023-04-05 18:30:00,0.0,0.0
2023-04-05 19:30:00,0.0,0.0
2023-04-05 20:30:00,0.0,0.0
2023-04-05 21:30:00,0.0,0.0
2023-04-05 22:30:00,0.0,0.0
2023-04-05 23:30:00,0.0,0.0
2023-04-06 00:30:00,0.0,0.0
2023-04-06 01:30:00,31.55,0.03155
2023-04-06 02:30:00,166.3,0.1663
2023-04-06 03:30:00,305.55,0.30555
2023-04-06 04:30:00,469.9,0.4699
2023-04-06 05:30:00,673.75,0.67375
2023-04-06 06:30:00,513.3,0.5133
2023-04-06 07:30:00,666.0,0.666
2023-04-06 08:30:00,395.4,0.3954
2023-04-06 09:30:00,338.9,0.3389
2023-04-06 10:30:00,202.15,0.20215
2023-04-06 11:30:00,62.0,0.062
2023-04-06 12:30:00,33.75,0.03375
2023-04-06 13:30:00,0.0,0.0
2023-04-06 14:30:00,0.0,0.0
2023-04-06 15:30:00,0.0,0.0
2023-04-06 16:30:00,0.0,0.0
2023-04-06 17:30:00,0.0,0.0
2023-04-06 18:30:00,0.0,0.0
2023-04-06 19:30:00,0.0,0.0
2023-04-06 20:30:00,0.0,0.0
2023-04-06 21:30:00,0.0,0.0
2023-04-06 22:30:00,0.0,0.0
2023-04-06 23:30:00,0.0,0.0
2023-04-07 00:30:00,0.0,0.0
2023-04-07 01:30:00,38.45,0.038450000000000005
2023-04-07 02:30:00,149.15,0.14915
2023-04-07 03:30:00,375.15,0.37515
2023-04-07 04:30:00,525.7,0.5257000000000001
2023-04-07 05:30:00,595.4,0.5953999999999999
2023-04-07 06:30:00,715.25,0.71525
2023-04-07 07:30:00,673.5,0.6735
2023-04-07 08:30:00,235.6,0.2356
2023-04-07 09:30:00,267.9,0.26789999999999997
2023-04-07 10:30:00,378.85,0.37885
2023-04-07 11:30:00,137.95,0.13795
2023-04-07 12:30:00,36.3,0.0363
2023-04-07 13:30:00,0.0,0.0
2023-04-07 14:30:00,0.0,0.0
2023-04-07 15:30:00,0.0,0.0
2023-04-07 16:30:00,0.0,0.0
2023-04-07 17:30:00,0.0,0.0
2023-04-07 18:30:00,0.0,0.0
2023-04-07 19:30:00,0.0,0.0
2023-04-07 20:30:00,0.0,0.0
2023-04-07 21:30:00,0.0,0.0
2023-04-07 22:30:00,0.0,0.0
2023-04-07 23:30:00,0.0,0.0
2023-04-08 00:30:00,0.0,0.0
2023-04-08 01:30:00,30.65,0.03065
2023-04-08 02:30:00,168.7,0.1687
2023-04-08 03:30:00,306.05,0.30605
2023-04-08 04:30:00,477.8,0.4778
2023-04-08 05:30:00,530.35,0.53035
2023-04-08 06:30:00,529.0,0.529
2023-04-08 07:30:00,751.85,0.75185
2023-04-08 08:30:00,540.5,0.5405
2023-04-08 09:30:00,289.2,0.2892
2023-04-08 10:30:00,116.15,0.11615
2023-04-08 11:30:00,71.85,0.07185
2023-04-08 12:30:00,27.15,0.027149999999999997
2023-04-08 13:30:00,0.0,0.0
2023-04-08 14:30:00,0.0,0.0
2023-04-08 15:30:00,0.0,0.0
2023-04-08 16:30:00,0.0,0.0
2023-04-08 17:30:00,0.0,0.0
2023-04-08 18:30:00,0.0,0.0
2023-04-08 19:30:00,0.0,0.0
2023-04-08 20:30:00,0.0,0.0
2023-04-08 21:30:00,0.0,0.0
2023-04-08 22:30:00,0.0,0.0
2023-04-08 23:30:00,0.0,0.0
2023-04-09 00:30:00,0.0,0.0
2023-04-09 01:30:00,24.2,0.0242
2023-04-09 02:30:00,126.05,0.12605
2023-04-09 03:30:00,409.7,0.4097
2023-04-09 04:30:00,594.0,0.594
2023-04-09 05:30:00,721.2,0.7212000000000001
2023-04-09 06:30:00,588.25,0.58825
2023-04-09 07:30:00,675.3,0.6752999999999999
2023-04-09 08:30:00,535.8,0.5357999999999999
2023-04-09 09:30:00,456.25,0.45625
2023-04-09 10:30:00,312.8,0.3128
2023-04-09 11:30:00,87.85,0.08785
2023-04-09 12:30:00,24.05,0.024050000000000002
2023-04-09 13:30:00,0.0,0.0
2023-04-09 14:30:00,0.0,0.0
2023-04-09 15:30:00,0.0,0.0
2023-04-09 16:30:00,0.0,0.0
2023-04-09 17:30:00,0.0,0.0
2023-04-09 18:30:00,0.0,0.0
2023-04-09 19:30:00,0.0,0.0
2023-04-09 20:30:00,0.0,0.0
2023-04-09 21:30:00,0.0,0.0
2023-04-09 22:30:00,0.0,0.0
2023-04-09 23:30:00,0.0,0.0
2023-04-10 00:30:00,0.0,0.0
2023-04-10 01:30:00,46.2,0.046200000000000005
2023-04-10 02:30:00,215.6,0.21559999999999999
2023-04-10 03:30:00,422.2,0.42219999999999996
2023-04-10 04:30:00,621.05,0.62105
2023-04-10 05:30:00,757.15,0.75715
2023-04-10 06:30:00,674.85,0.6748500000000001
2023-04-10 07:30:00,772.8,0.7727999999999999
2023-04-10 08:30:00,688.65,0.68865
2023-04-10 09:30:00,581.05,0.58105
2023-04-10 10:30:00,366.35,0.36635
2023-04-10 11:30:00,140.9,0.1409
2023-04-10 12:30:00,55.65,0.05565
2023-04-10 13:30:00,0.0,0.0
2023-04-10 14:30:00,0.0,0.0
2023-04-10 15:30:00,0.0,0.0
2023-04-10 16:30:00,0.0,0.0
2023-04-10 17:30:00,0.0,0.0
2023-04-10 18:30:00,0.0,0.0
2023-04-10 19:30:00,0.0,0.0
2023-04-10 20:30:00,0.0,0.0
2023-04-10 21:30:00,0.0,0.0
2023-04-10 22:30:00,0.0,0.0
2023-04-10 23:30:00,0.0,0.0
2023-04-11 00:30:00,0.0,0.0
2023-04-11 01:30:00,45.9,0.045899999999999996
2023-04-11 02:30:00,216.35,0.21635
2023-04-11 03:30:00,414.8,0.4148
2023-04-11 04:30:00,619.25,0.61925
2023-04-11 05:30:00,775.4,0.7754
2023-04-11 06:30:00,751.8,0.7517999999999999
2023-04-11 07:30:00,790.3,0.7903
2023-04-11 08:30:00,693.05,0.6930499999999999
2023-04-11 09:30:00,385.65,0.38565
2023-04-11 10:30:00,265.8,0.26580000000000004
2023-04-11 11:30:00,154.55,0.15455000000000002
2023-04-11 12:30:00,58.15,0.05815
2023-04-11 13:30:00,0.0,0.0
2023-04-11 14:30:00,0.0,0.0
2023-04-11 15:30:00,0.0,0.0
2023-04-11 16:30:00,0.0,0.0
2023-04-11 17:30:00,0.0,0.0
2023-04-11 18:30:00,0.0,0.0
2023-04-11 19:30:00,0.0,0.0
2023-04-11 20:30:00,0.0,0.0
2023-04-11 21:30:00,0.0,0.0
2023-04-11 22:30:00,0.0,0.0
2023-04-11 23:30:00,0.0,0.0
2023-04-12 00:30:00,0.0,0.0
2023-04-12 01:30:00,46.9,0.0469
2023-04-12 02:30:00,219.3,0.21930000000000002
2023-04-12 03:30:00,436.0,0.436
2023-04-12 04:30:00,600.05,0.60005
2023-04-12 05:30:00,750.35,0.7503500000000001
2023-04-12 06:30:00,719.85,0.71985
2023-04-12 07:30:00,646.4,0.6464
2023-04-12 08:30:00,522.55,0.52255
2023-04-12 09:30:00,524.45,0.5244500000000001
2023-04-12 10:30:00,366.2,0.36619999999999997
2023-04-12 11:30:00,163.6,0.1636
2023-04-12 12:30:00,40.9,0.0409
2023-04-12 13:30:00,0.0,0.0
2023-04-12 14:30:00,0.0,0.0
2023-04-12 15:30:00,0.0,0.0
2023-04-12 16:30:00,0.0,0.0
2023-04-12 17:30:00,0.0,0.0
2023-04-12 18:30:00,0.0,0.0
2023-04-12 19:30:00,0.0,0.0
2023-04-12 20:30:00,0.0,0.0
2023-04-12 21:30:00,0.0,0.0
2023-04-12 22:30:00,0.0,0.0
2023-04-12 23:30:00,0.0,0.0
2023-04-13 00:30:00,0.0,0.0
2023-04-13 01:30:00,22.1,0.0221
2023-04-13 02:30:00,141.05,0.14105
2023-04-13 03:30:00,307.35,0.30735
2023-04-13 04:30:00,470.55,0.47055
2023-04-13 05:30:00,652.75,0.65275
2023-04-13 06:30:00,430.95,0.43095
2023-04-13 07:30:00,438.35,0.43835
2023-04-13 08:30:00,354.95,0.35495
2023-04-13 09:30:00,408.95,0.40895
2023-04-13 10:30:00,237.0,0.237
2023-04-13 11:30:00,36.6,0.0366
2023-04-13 12:30:00,35.7,0.0357
2023-04-13 13:30:00,0.0,0.0
2023-04-13 14:30:00,0.0,0.0
2023-04-13 15:30:00,0.0,0.0
2023-04-13 16:30:00,0.0,0.0
2023-04-13 17:30:00,0.0,0.0
2023-04-13 18:30:00,0.0,0.0
2023-04-13 19:30:00,0.0,0.0
2023-04-13 20:30:00,0.0,0.0
2023-04-13 21:30:00,0.0,0.0
2023-04-13 22:30:00,0.0,0.0
2023-04-13 23:30:00,0.0,0.0
2023-04-14 00:30:00,0.0,0.0
2023-04-14 01:30:00,52.45,0.052450000000000004
2023-04-14 02:30:00,231.1,0.2311
2023-04-14 03:30:00,443.15,0.44315
2023-04-14 04:30:00,621.7,0.6217
2023-04-14 05:30:00,706.95,0.7069500000000001
2023-04-14 06:30:00,586.1,0.5861000000000001
2023-04-14 07:30:00,423.1,0.42310000000000003
2023-04-14 08:30:00,287.45,0.28745
2023-04-14 09:30:00,227.0,0.227
2023-04-14 10:30:00,101.7,0.1017
2023-04-14 11:30:00,61.05,0.06105
2023-04-14 12:30:00,20.05,0.020050000000000002
2023-04-14 13:30:00,0.0,0.0
2023-04-14 14:30:00,0.0,0.0
2023-04-14 15:30:00,0.0,0.0
2023-04-14 16:30:00,0.0,0.0
2023-04-14 17:30:00,0.0,0.0
2023-04-14 18:30:00,0.0,0.0
2023-04-14 19:30:00,0.0,0.0
2023-04-14 20:30:00,0.0,0.0
2023-04-14 21:30:00,0.0,0.0
2023-04-14 22:30:00,0.0,0.0
2023-04-14 23:30:00,0.0,0.0
2023-04-15 00:30:00,0.0,0.0
2023-04-15 01:30:00,44.75,0.04475
2023-04-15 02:30:00,226.6,0.2266
2023-04-15 03:30:00,397.75,0.39775
2023-04-15 04:30:00,601.6,0.6016
2023-04-15 05:30:00,745.95,0.74595
2023-04-15 06:30:00,837.65,0.83765
2023-04-15 07:30:00,793.6,0.7936
2023-04-15 08:30:00,678.1,0.6781
2023-04-15 09:30:00,263.7,0.2637
2023-04-15 10:30:00,193.2,0.19319999999999998
2023-04-15 11:30:00,76.15,0.07615000000000001
2023-04-15 12:30:00,42.4,0.0424
2023-04-15 13:30:00,0.0,0.0
2023-04-15 14:30:00,0.0,0.0
2023-04-15 15:30:00,0.0,0.0
2023-04-15 16:30:00,0.0,0.0
2023-04-15 17:30:00,0.0,0.0
2023-04-15 18:30:00,0.0,0.0
2023-04-15 19:30:00,0.0,0.0
2023-04-15 20:30:00,0.0,0.0
2023-04-15 21:30:00,0.0,0.0
2023-04-15 22:30:00,0.0,0.0
2023-04-15 23:30:00,0.0,0.0
2023-04-16 00:30:00,0.0,0.0
2023-04-16 01:30:00,53.95,0.053950000000000005
2023-04-16 02:30:00,230.25,0.23025
2023-04-16 03:30:00,409.75,0.40975
2023-04-16 04:30:00,586.0,0.586
2023-04-16 05:30:00,762.2,0.7622000000000001
2023-04-16 06:30:00,793.15,0.79315
2023-04-16 07:30:00,698.65,0.69865
2023-04-16 08:30:00,550.9,0.5509
2023-04-16 09:30:00,416.3,0.4163
2023-04-16 10:30:00,362.1,0.36210000000000003
2023-04-16 11:30:00,186.5,0.1865
2023-04-16 12:30:00,40.15,0.04015
2023-04-16 13:30:00,0.0,0.0
2023-04-16 14:30:00,0.0,0.0
2023-04-16 15:30:00,0.0,0.0
2023-04-16 16:30:00,0.0,0.0
2023-04-16 17:30:00,0.0,0.0
2023-04-16 18:30:00,0.0,0.0
2023-04-16 19:30:00,0.0,0.0
2023-04-16 20:30:00,0.0,0.0
2023-04-16 21:30:00,0.0,0.0
2023-04-16 22:30:00,0.0,0.0
2023-04-16 23:30:00,0.0,0.0
2023-04-17 00:30:00,0.0,0.0
2023-04-17 01:30:00,37.4,0.037399999999999996
2023-04-17 02:30:00,195.2,0.19519999999999998
2023-04-17 03:30:00,386.1,0.3861
2023-04-17 04:30:00,538.55,0.53855
2023-04-17 05:30:00,711.2,0.7112
2023-04-17 06:30:00,554.8,0.5548
2023-04-17 07:30:00,463.75,0.46375
2023-04-17 08:30:00,576.15,0.5761499999999999
2023-04-17 09:30:00,560.4,0.5604
2023-04-17 10:30:00,382.8,0.38280000000000003
2023-04-17 11:30:00,95.65,0.09565
2023-04-17 12:30:00,31.2,0.0312
2023-04-17 13:30:00,0.0,0.0
2023-04-17 14:30:00,0.0,0.0
2023-04-17 15:30:00,0.0,0.0
2023-04-17 16:30:00,0.0,0.0
2023-04-17 17:30:00,0.0,0.0
2023-04-17 18:30:00,0.0,0.0
2023-04-17 19:30:00,0.0,0.0
2023-04-17 20:30:00,0.0,0.0
2023-04-17 21:30:00,0.0,0.0
2023-04-17 22:30:00,0.0,0.0
2023-04-17 23:30:00,0.0,0.0
2023-04-18 00:30:00,0.0,0.0
2023-04-18 01:30:00,41.15,0.04115
2023-04-18 02:30:00,174.65,0.17465
2023-04-18 03:30:00,373.75,0.37375
2023-04-18 04:30:00,604.6,0.6046
2023-04-18 05:30:00,745.75,0.74575
2023-04-18 06:30:00,740.65,0.74065
2023-04-18 07:30:00,690.95,0.6909500000000001
2023-04-18 08:30:00,702.5,0.7025
2023-04-18 09:30:00,540.45,0.5404500000000001
2023-04-18 10:30:00,245.45,0.24545
2023-04-18 11:30:00,174.35,0.17435
2023-04-18 12:30:00,34.45,0.03445
2023-04-18 13:30:00,0.0,0.0
2023-04-18 14:30:00,0.0,0.0
2023-04-18 15:30:00,0.0,0.0
2023-04-18 16:30:00,0.0,0.0
2023-04-18 17:30:00,0.0,0.0
2023-04-18 18:30:00,0.0,0.0
2023-04-18 19:30:00,0.0,0.0
2023-04-18 20:30:00,0.0,0.0
2023-04-18 21:30:00,0.0,0.0
2023-04-18 22:30:00,0.0,0.0
2023-04-18 23:30:00,0.0,0.0
2023-04-19 00:30:00,0.0,0.0
2023-04-19 01:30:00,60.9,0.060899999999999996
2023-04-19 02:30:00,244.5,0.2445
2023-04-19 03:30:00,456.4,0.4564
2023-04-19 04:30:00,643.4,0.6434
2023-04-19 05:30:00,781.05,0.7810499999999999
2023-04-19 06:30:00,757.3,0.7573
2023-04-19 07:30:00,808.45,0.80845
2023-04-19 08:30:00,673.85,0.6738500000000001
2023-04-19 09:30:00,514.2,0.5142
2023-04-19 10:30:00,262.1,0.2621
2023-04-19 11:30:00,92.55,0.09255
2023-04-19 12:30:00,62.3,0.062299999999999994
2023-04-19 13:30:00,0.0,0.0
2023-04-19 14:30:00,0.0,0.0
2023-04-19 15:30:00,0.0,0.0
2023-04-19 16:30:00,0.0,0.0
2023-04-19 17:30:00,0.0,0.0
2023-04-19 18:30:00,0.0,0.0
2023-04-19 19:30:00,0.0,0.0
2023-04-19 20:30:00,0.0,0.0
2023-04-19 21:30:00,0.0,0.0
2023-04-19 22:30:00,0.0,0.0
2023-04-19 23:30:00,0.0,0.0
2023-04-20 00:30:00,0.0,0.0
2023-04-20 01:30:00,48.7,0.0487
2023-04-20 02:30:00,210.25,0.21025
2023-04-20 03:30:00,396.85,0.39685000000000004
2023-04-20 04:30:00,548.45,0.54845
2023-04-20 05:30:00,734.45,0.73445
2023-04-20 06:30:00,758.85,0.75885
2023-04-20 07:30:00,742.1,0.7421
2023-04-20 08:30:00,369.55,0.36955
2023-04-20 09:30:00,406.55,0.40655
2023-04-20 10:30:00,221.7,0.22169999999999998
2023-04-20 11:30:00,231.2,0.2312
2023-04-20 12:30:00,66.8,0.0668
2023-04-20 13:30:00,0.0,0.0
2023-04-20 14:30:00,0.0,0.0
2023-04-20 15:30:00,0.0,0.0
2023-04-20 16:30:00,0.0,0.0
2023-04-20 17:30:00,0.0,0.0
2023-04-20 18:30:00,0.0,0.0
2023-04-20 19:30:00,0.0,0.0
2023-04-20 20:30:00,0.0,0.0
2023-04-20 21:30:00,0.0,0.0
2023-04-20 22:30:00,0.0,0.0
2023-04-20 23:30:00,0.0,0.0
2023-04-21 00:30:00,0.0,0.0
2023-04-21 01:30:00,61.75,0.06175
2023-04-21 02:30:00,251.95,0.25195
2023-04-21 03:30:00,465.55,0.46555
2023-04-21 04:30:00,643.8,0.6437999999999999
2023-04-21 05:30:00,793.85,0.7938500000000001
2023-04-21 06:30:00,865.1,0.8651
2023-04-21 07:30:00,793.95,0.79395
2023-04-21 08:30:00,674.25,0.67425
2023-04-21 09:30:00,537.5,0.5375
2023-04-21 10:30:00,405.7,0.4057
2023-04-21 11:30:00,253.0,0.253
2023-04-21 12:30:00,72.8,0.0728
2023-04-21 13:30:00,0.0,0.0
2023-04-21 14:30:00,0.0,0.0
2023-04-21 15:30:00,0.0,0.0
2023-04-21 16:30:00,0.0,0.0
2023-04-21 17:30:00,0.0,0.0
2023-04-21 18:30:00,0.0,0.0
2023-04-21 19:30:00,0.0,0.0
2023-04-21 20:30:00,0.0,0.0
2023-04-21 21:30:00,0.0,0.0
2023-04-21 22:30:00,0.0,0.0
2023-04-21 23:30:00,0.0,0.0
2023-04-22 00:30:00,0.0,0.0
2023-04-22 01:30:00,65.65,0.06565
2023-04-22 02:30:00,256.5,0.2565
2023-04-22 03:30:00,471.25,0.47125
2023-04-22 04:30:00,657.6,0.6576000000000001
2023-04-22 05:30:00,791.5,0.7915
2023-04-22 06:30:00,861.1,0.8611
2023-04-22 07:30:00,861.8,0.8617999999999999
2023-04-22 08:30:00,770.6,0.7706000000000001
2023-04-22 09:30:00,565.6,0.5656
2023-04-22 10:30:00,449.95,0.44994999999999996
2023-04-22 11:30:00,267.5,0.2675
2023-04-22 12:30:00,76.9,0.07690000000000001
2023-04-22 13:30:00,0.0,0.0
2023-04-22 14:30:00,0.0,0.0
2023-04-22 15:30:00,0.0,0.0
2023-04-22 16:30:00,0.0,0.0
2023-04-22 17:30:00,0.0,0.0
2023-04-22 18:30:00,0.0,0.0
2023-04-22 19:30:00,0.0,0.0
2023-04-22 20:30:00,0.0,0.0
2023-04-22 21:30:00,0.0,0.0
2023-04-22 22:30:00,0.0,0.0
2023-04-22 23:30:00,0.0,0.0
2023-04-23 00:30:00,0.0,0.0
2023-04-23 01:30:00,57.7,0.0577
2023-04-23 02:30:00,218.65,0.21865
2023-04-23 03:30:00,464.45,0.46445
2023-04-23 04:30:00,653.85,0.65385
2023-04-23 05:30:00,781.3,0.7813
2023-04-23 06:30:00,820.05,0.82005
2023-04-23 07:30:00,676.85,0.6768500000000001
2023-04-23 08:30:00,645.65,0.64565
2023-04-23 09:30:00,542.75,0.54275
2023-04-23 10:30:00,382.65,0.38265
2023-04-23 11:30:00,175.2,0.1752
2023-04-23 12:30:00,63.7,0.0637
2023-04-23 13:30:00,0.0,0.0
2023-04-23 14:30:00,0.0,0.0
2023-04-23 15:30:00,0.0,0.0
2023-04-23 16:30:00,0.0,0.0
2023-04-23 17:30:00,0.0,0.0
2023-04-23 18:30:00,0.0,0.0
2023-04-23 19:30:00,0.0,0.0
2023-04-23 20:30:00,0.0,0.0
2023-04-23 21:30:00,0.0,0.0
2023-04-23 22:30:00,0.0,0.0
2023-04-23 23:30:00,0.0,0.0
2023-04-24 00:30:00,0.0,0.0
2023-04-24 01:30:00,30.15,0.03015
2023-04-24 02:30:00,168.0,0.168
2023-04-24 03:30:00,329.45,0.32944999999999997
2023-04-24 04:30:00,634.5,0.6345
2023-04-24 05:30:00,777.4,0.7774
2023-04-24 06:30:00,678.9,0.6789
2023-04-24 07:30:00,697.2,0.6972
2023-04-24 08:30:00,566.55,0.56655
2023-04-24 09:30:00,518.2,0.5182
2023-04-24 10:30:00,237.55,0.23755
2023-04-24 11:30:00,140.65,0.14065
2023-04-24 12:30:00,43.15,0.04315
2023-04-24 13:30:00,0.0,0.0
2023-04-24 14:30:00,0.0,0.0
2023-04-24 15:30:00,0.0,0.0
2023-04-24 16:30:00,0.0,0.0
2023-04-24 17:30:00,0.0,0.0
2023-04-24 18:30:00,0.0,0.0
2023-04-24 19:30:00,0.0,0.0
2023-04-24 20:30:00,0.0,0.0
2023-04-24 21:30:00,0.0,0.0
2023-04-24 22:30:00,0.0,0.0
2023-04-24 23:30:00,0.0,0.0
2023-04-25 00:30:00,0.0,0.0
2023-04-25 01:30:00,59.3,0.0593
2023-04-25 02:30:00,252.5,0.2525
2023-04-25 03:30:00,450.15,0.45015
2023-04-25 04:30:00,646.95,0.64695
2023-04-25 05:30:00,784.8,0.7847999999999999
2023-04-25 06:30:00,858.2,0.8582000000000001
2023-04-25 07:30:00,814.4,0.8144
2023-04-25 08:30:00,560.8,0.5608
2023-04-25 09:30:00,321.2,0.3212
2023-04-25 10:30:00,121.7,0.1217
2023-04-25 11:30:00,79.75,0.07975
2023-04-25 12:30:00,53.15,0.053149999999999996
2023-04-25 13:30:00,0.0,0.0
2023-04-25 14:30:00,0.0,0.0
2023-04-25 15:30:00,0.0,0.0
2023-04-25 16:30:00,0.0,0.0
2023-04-25 17:30:00,0.0,0.0
2023-04-25 18:30:00,0.0,0.0
2023-04-25 19:30:00,0.0,0.0
2023-04-25 20:30:00,0.0,0.0
2023-04-25 21:30:00,0.0,0.0
2023-04-25 22:30:00,0.0,0.0
2023-04-25 23:30:00,0.0,0.0
2023-04-26 00:30:00,0.0,0.0
2023-04-26 01:30:00,40.4,0.0404
2023-04-26 02:30:00,188.65,0.18865
2023-04-26 03:30:00,382.25,0.38225
2023-04-26 04:30:00,506.9,0.5069
2023-04-26 05:30:00,769.5,0.7695
2023-04-26 06:30:00,550.7,0.5507000000000001
2023-04-26 07:30:00,527.15,0.52715
2023-04-26 08:30:00,637.1,0.6371
2023-04-26 09:30:00,508.6,0.5086
2023-04-26 10:30:00,295.85,0.29585
2023-04-26 11:30:00,187.75,0.18775
2023-04-26 12:30:00,40.7,0.0407
2023-04-26 13:30:00,0.0,0.0
2023-04-26 14:30:00,0.0,0.0
2023-04-26 15:30:00,0.0,0.0
2023-04-26 16:30:00,0.0,0.0
2023-04-26 17:30:00,0.0,0.0
2023-04-26 18:30:00,0.0,0.0
2023-04-26 19:30:00,0.0,0.0
2023-04-26 20:30:00,0.0,0.0
2023-04-26 21:30:00,0.0,0.0
2023-04-26 22:30:00,0.0,0.0
2023-04-26 23:30:00,0.0,0.0
2023-04-27 00:30:00,0.0,0.0
2023-04-27 01:30:00,44.85,0.04485
2023-04-27 02:30:00,203.2,0.2032
2023-04-27 03:30:00,290.25,0.29025
2023-04-27 04:30:00,526.85,0.52685
2023-04-27 05:30:00,603.2,0.6032000000000001
2023-04-27 06:30:00,593.9,0.5939
2023-04-27 07:30:00,609.95,0.60995
2023-04-27 08:30:00,642.7,0.6427
2023-04-27 09:30:00,564.5,0.5645
2023-04-27 10:30:00,340.9,0.3409
2023-04-27 11:30:00,193.15,0.19315000000000002
2023-04-27 12:30:00,62.75,0.06275
2023-04-27 13:30:00,0.0,0.0
2023-04-27 14:30:00,0.0,0.0
2023-04-27 15:30:00,0.0,0.0
2023-04-27 16:30:00,0.0,0.0
2023-04-27 17:30:00,0.0,0.0
2023-04-27 18:30:00,0.0,0.0
2023-04-27 19:30:00,0.0,0.0
2023-04-27 20:30:00,0.0,0.0
2023-04-27 21:30:00,0.0,0.0
2023-04-27 22:30:00,0.0,0.0
2023-04-27 23:30:00,0.0,0.0
2023-04-28 00:30:00,0.0,0.0
2023-04-28 01:30:00,60.4,0.060399999999999995
2023-04-28 02:30:00,228.15,0.22815000000000002
2023-04-28 03:30:00,388.5,0.3885
2023-04-28 04:30:00,572.35,0.57235
2023-04-28 05:30:00,715.25,0.71525
2023-04-28 06:30:00,586.0,0.586
2023-04-28 07:30:00,301.6,0.30160000000000003
2023-04-28 08:30:00,391.7,0.3917
2023-04-28 09:30:00,338.95,0.33895
2023-04-28 10:30:00,261.15,0.26115
2023-04-28 11:30:00,147.75,0.14775
2023-04-28 12:30:00,66.5,0.0665
2023-04-28 13:30:00,0.0,0.0
2023-04-28 14:30:00,0.0,0.0
2023-04-28 15:30:00,0.0,0.0
2023-04-28 16:30:00,0.0,0.0
2023-04-28 17:30:00,0.0,0.0
2023-04-28 18:30:00,0.0,0.0
2023-04-28 19:30:00,0.0,0.0
2023-04-28 20:30:00,0.0,0.0
2023-04-28 21:30:00,0.0,0.0
2023-04-28 22:30:00,0.0,0.0
2023-04-28 23:30:00,0.0,0.0
2023-04-29 00:30:00,0.0,0.0
2023-04-29 01:30:00,60.35,0.06035
2023-04-29 02:30:00,230.5,0.2305
2023-04-29 03:30:00,382.35,0.38235
2023-04-29 04:30:00,505.0,0.505
2023-04-29 05:30:00,576.3,0.5762999999999999
2023-04-29 06:30:00,708.6,0.7086
2023-04-29 07:30:00,630.25,0.63025
2023-04-29 08:30:00,509.2,0.5092
2023-04-29 09:30:00,435.5,0.4355
2023-04-29 10:30:00,272.6,0.2726
2023-04-29 11:30:00,209.9,0.2099
2023-04-29 12:30:00,67.35,0.06735
2023-04-29 13:30:00,0.0,0.0
2023-04-29 14:30:00,0.0,0.0
2023-04-29 15:30:00,0.0,0.0
2023-04-29 16:30:00,0.0,0.0
2023-04-29 17:30:00,0.0,0.0
2023-04-29 18:30:00,0.0,0.0
2023-04-29 19:30:00,0.0,0.0
2023-04-29 20:30:00,0.0,0.0
2023-04-29 21:30:00,0.0,0.0
2023-04-29 22:30:00,0.0,0.0
2023-04-29 23:30:00,0.0,0.0
2023-04-30 00:30:00,0.0,0.0
2023-04-30 01:30:00,47.25,0.04725
2023-04-30 02:30:00,186.9,0.1869
2023-04-30 03:30:00,426.4,0.4264
2023-04-30 04:30:00,511.6,0.5116
2023-04-30 05:30:00,765.65,0.7656499999999999
2023-04-30 06:30:00,850.65,0.85065
2023-04-30 07:30:00,824.0,0.824
2023-04-30 08:30:00,727.0,0.727
2023-04-30 09:30:00,632.2,0.6322000000000001
2023-04-30 10:30:00,418.9,0.4189
2023-04-30 11:30:00,228.85,0.22885
2023-04-30 12:30:00,77.1,0.07709999999999999
2023-04-30 13:30:00,0.0,0.0
2023-04-30 14:30:00,0.0,0.0
2023-04-30 15:30:00,0.0,0.0
2023-04-30 16:30:00,0.0,0.0
2023-04-30 17:30:00,0.0,0.0
2023-04-30 18:30:00,0.0,0.0
2023-04-30 19:30:00,0.0,0.0
2023-04-30 20:30:00,0.0,0.0
2023-04-30 21:30:00,0.0,0.0
2023-04-30 22:30:00,0.0,0.0
2023-04-30 23:30:00,0.0,0.0
2023-05-01 00:30:00,0.0,0.0
2023-05-01 01:30:00,59.5,0.0595
2023-05-01 02:30:00,254.7,0.2547
2023-05-01 03:30:00,472.15,0.47214999999999996
2023-05-01 04:30:00,661.3,0.6613
2023-05-01 05:30:00,797.05,0.7970499999999999
2023-05-01 06:30:00,867.9,0.8679
2023-05-01 07:30:00,871.15,0.87115
2023-05-01 08:30:00,802.6,0.8026
2023-05-01 09:30:00,639.8,0.6397999999999999
2023-05-01 10:30:00,472.45,0.47245
2023-05-01 11:30:00,251.25,0.25125
2023-05-01 12:30:00,80.8,0.0808
2023-05-01 13:30:00,0.0,0.0
2023-05-01 14:30:00,0.0,0.0
2023-05-01 15:30:00,0.0,0.0
2023-05-01 16:30:00,0.0,0.0
2023-05-01 17:30:00,0.0,0.0
2023-05-01 18:30:00,0.0,0.0
2023-05-01 19:30:00,0.0,0.0
2023-05-01 20:30:00,0.0,0.0
2023-05-01 21:30:00,0.0,0.0
2023-05-01 22:30:00,0.0,0.0
2023-05-01 23:30:00,0.0,0.0
2023-05-02 00:30:00,0.0,0.0
2023-05-02 01:30:00,69.9,0.0699
2023-05-02 02:30:00,246.8,0.24680000000000002
2023-05-02 03:30:00,425.45,0.42545
2023-05-02 04:30:00,608.95,0.60895
2023-05-02 05:30:00,588.3,0.5882999999999999
2023-05-02 06:30:00,713.35,0.71335
2023-05-02 07:30:00,650.9,0.6508999999999999
2023-05-02 08:30:00,489.0,0.489
2023-05-02 09:30:00,404.9,0.4049
2023-05-02 10:30:00,221.0,0.221
2023-05-02 11:30:00,131.5,0.1315
2023-05-02 12:30:00,54.7,0.054700000000000006
2023-05-02 13:30:00,0.0,0.0
2023-05-02 14:30:00,0.0,0.0
2023-05-02 15:30:00,0.0,0.0
2023-05-02 16:30:00,0.0,0.0
2023-05-02 17:30:00,0.0,0.0
2023-05-02 18:30:00,0.0,0.0
2023-05-02 19:30:00,0.0,0.0
2023-05-02 20:30:00,0.0,0.0
2023-05-02 21:30:00,0.0,0.0
2023-05-02 22:30:00,0.0,0.0
2023-05-02 23:30:00,0.0,0.0
2023-05-03 00:30:00,0.0,0.0
2023-05-03 01:30:00,62.3,0.062299999999999994
2023-05-03 02:30:00,233.45,0.23345
2023-05-03 03:30:00,448.4,0.44839999999999997
2023-05-03 04:30:00,648.45,0.6484500000000001
2023-05-03 05:30:00,789.95,0.78995
2023-05-03 06:30:00,581.35,0.58135
2023-05-03 07:30:00,562.15,0.5621499999999999
2023-05-03 08:30:00,522.45,0.5224500000000001
2023-05-03 09:30:00,413.6,0.4136
2023-05-03 10:30:00,220.55,0.22055000000000002
2023-05-03 11:30:00,141.55,0.14155
2023-05-03 12:30:00,61.3,0.0613
2023-05-03 13:30:00,0.0,0.0
2023-05-03 14:30:00,0.0,0.0
2023-05-03 15:30:00,0.0,0.0
2023-05-03 16:30:00,0.0,0.0
2023-05-03 17:30:00,0.0,0.0
2023-05-03 18:30:00,0.0,0.0
2023-05-03 19:30:00,0.0,0.0
2023-05-03 20:30:00,0.0,0.0
2023-05-03 21:30:00,0.0,0.0
2023-05-03 22:30:00,0.0,0.0
2023-05-03 23:30:00,0.0,0.0
2023-05-04 00:30:00,0.0,0.0
2023-05-04 01:30:00,67.05,0.06705
2023-05-04 02:30:00,236.45,0.23645
2023-05-04 03:30:00,458.35,0.45835000000000004
2023-05-04 04:30:00,641.5,0.6415
2023-05-04 05:30:00,680.35,0.68035
2023-05-04 06:30:00,610.75,0.61075
2023-05-04 07:30:00,372.75,0.37275
2023-05-04 08:30:00,400.55,0.40055
2023-05-04 09:30:00,264.1,0.2641
2023-05-04 10:30:00,173.85,0.17385
2023-05-04 11:30:00,148.15,0.14815
2023-05-04 12:30:00,58.95,0.05895
2023-05-04 13:30:00,0.0,0.0
2023-05-04 14:30:00,0.0,0.0
2023-05-04 15:30:00,0.0,0.0
2023-05-04 16:30:00,0.0,0.0
2023-05-04 17:30:00,0.0,0.0
2023-05-04 18:30:00,0.0,0.0
2023-05-04 19:30:00,0.0,0.0
2023-05-04 20:30:00,0.0,0.0
2023-05-04 21:30:00,0.0,0.0
2023-05-04 22:30:00,0.0,0.0
2023-05-04 23:30:00,0.0,0.0
2023-05-05 00:30:00,0.0,0.0
2023-05-05 01:30:00,66.55,0.06655
2023-05-05 02:30:00,247.3,0.24730000000000002
2023-05-05 03:30:00,449.5,0.4495
2023-05-05 04:30:00,630.8,0.6307999999999999
2023-05-05 05:30:00,342.5,0.3425
2023-05-05 06:30:00,445.85,0.44585
2023-05-05 07:30:00,379.55,0.37955
2023-05-05 08:30:00,429.85,0.42985
2023-05-05 09:30:00,461.95,0.46194999999999997
2023-05-05 10:30:00,290.6,0.2906
2023-05-05 11:30:00,140.25,0.14025
2023-05-05 12:30:00,42.2,0.0422
2023-05-05 13:30:00,0.0,0.0
2023-05-05 14:30:00,0.0,0.0
2023-05-05 15:30:00,0.0,0.0
2023-05-05 16:30:00,0.0,0.0
2023-05-05 17:30:00,0.0,0.0
2023-05-05 18:30:00,0.0,0.0
2023-05-05 19:30:00,0.0,0.0
2023-05-05 20:30:00,0.0,0.0
2023-05-05 21:30:00,0.0,0.0
2023-05-05 22:30:00,0.0,0.0
2023-05-05 23:30:00,0.0,0.0
2023-05-06 00:30:00,0.0,0.0
2023-05-06 01:30:00,67.6,0.0676
2023-05-06 02:30:00,248.3,0.24830000000000002
2023-05-06 03:30:00,446.45,0.44645
2023-05-06 04:30:00,565.35,0.56535
2023-05-06 05:30:00,639.75,0.63975
2023-05-06 06:30:00,563.0,0.563
2023-05-06 07:30:00,364.85,0.36485
2023-05-06 08:30:00,537.75,0.53775
2023-05-06 09:30:00,413.6,0.4136
2023-05-06 10:30:00,283.9,0.2839
2023-05-06 11:30:00,168.6,0.1686
2023-05-06 12:30:00,54.65,0.05465
2023-05-06 13:30:00,0.0,0.0
2023-05-06 14:30:00,0.0,0.0
2023-05-06 15:30:00,0.0,0.0
2023-05-06 16:30:00,0.0,0.0
2023-05-06 17:30:00,0.0,0.0
2023-05-06 18:30:00,0.0,0.0
2023-05-06 19:30:00,0.0,0.0
2023-05-06 20:30:00,0.0,0.0
2023-05-06 21:30:00,0.0,0.0
2023-05-06 22:30:00,0.0,0.0
2023-05-06 23:30:00,0.0,0.0
2023-05-07 00:30:00,0.0,0.0
2023-05-07 01:30:00,55.95,0.05595
2023-05-07 02:30:00,207.25,0.20725
2023-05-07 03:30:00,342.4,0.3424
2023-05-07 04:30:00,531.4,0.5314
2023-05-07 05:30:00,722.25,0.72225
2023-05-07 06:30:00,568.8,0.5688
2023-05-07 07:30:00,602.25,0.60225
2023-05-07 08:30:00,400.75,0.40075
2023-05-07 09:30:00,131.5,0.1315
2023-05-07 10:30:00,179.2,0.1792
2023-05-07 11:30:00,5.3,0.0053
2023-05-07 12:30:00,14.4,0.0144
2023-05-07 13:30:00,0.0,0.0
2023-05-07 14:30:00,0.0,0.0
2023-05-07 15:30:00,0.0,0.0
2023-05-07 16:30:00,0.0,0.0
2023-05-07 17:30:00,0.0,0.0
2023-05-07 18:30:00,0.0,0.0
2023-05-07 19:30:00,0.0,0.0
2023-05-07 20:30:00,0.0,0.0
2023-05-07 21:30:00,0.0,0.0
2023-05-07 22:30:00,0.0,0.0
2023-05-07 23:30:00,0.0,0.0
2023-05-08 00:30:00,0.0,0.0
2023-05-08 01:30:00,3.65,0.00365
2023-05-08 02:30:00,52.65,0.052649999999999995
2023-05-08 03:30:00,50.1,0.0501
2023-05-08 04:30:00,83.2,0.0832
2023-05-08 05:30:00,143.5,0.1435
2023-05-08 06:30:00,214.25,0.21425
2023-05-08 07:30:00,492.5,0.4925
2023-05-08 08:30:00,249.0,0.249
2023-05-08 09:30:00,262.4,0.26239999999999997
2023-05-08 10:30:00,96.7,0.09670000000000001
2023-05-08 11:30:00,127.45,0.12745
2023-05-08 12:30:00,19.35,0.019350000000000003
2023-05-08 13:30:00,0.0,0.0
2023-05-08 14:30:00,0.0,0.0
2023-05-08 15:30:00,0.0,0.0
2023-05-08 16:30:00,0.0,0.0
2023-05-08 17:30:00,0.0,0.0
2023-05-08 18:30:00,0.0,0.0
2023-05-08 19:30:00,0.0,0.0
2023-05-08 20:30:00,0.0,0.0
2023-05-08 21:30:00,0.0,0.0
2023-05-08 22:30:00,0.0,0.0
2023-05-08 23:30:00,0.0,0.0
2023-05-09 00:30:00,0.0,0.0
2023-05-09 01:30:00,35.8,0.0358
2023-05-09 02:30:00,184.95,0.18494999999999998
2023-05-09 03:30:00,335.8,0.3358
2023-05-09 04:30:00,479.95,0.47995
2023-05-09 05:30:00,686.05,0.6860499999999999
2023-05-09 06:30:00,352.6,0.3526
2023-05-09 07:30:00,505.6,0.5056
2023-05-09 08:30:00,587.4,0.5873999999999999
2023-05-09 09:30:00,189.8,0.18980000000000002
2023-05-09 10:30:00,114.75,0.11475
2023-05-09 11:30:00,25.05,0.02505
2023-05-09 12:30:00,0.7,0.0007
2023-05-09 13:30:00,0.0,0.0
2023-05-09 14:30:00,0.0,0.0
2023-05-09 15:30:00,0.0,0.0
2023-05-09 16:30:00,0.0,0.0
2023-05-09 17:30:00,0.0,0.0
2023-05-09 18:30:00,0.0,0.0
2023-05-09 19:30:00,0.0,0.0
2023-05-09 20:30:00,0.0,0.0
2023-05-09 21:30:00,0.0,0.0
2023-05-09 22:30:00,0.0,0.0
2023-05-09 23:30:00,0.0,0.0
2023-05-10 00:30:00,0.0,0.0
2023-05-10 01:30:00,45.95,0.045950000000000005
2023-05-10 02:30:00,225.25,0.22525
2023-05-10 03:30:00,398.45,0.39844999999999997
2023-05-10 04:30:00,607.9,0.6079
2023-05-10 05:30:00,748.15,0.74815
2023-05-10 06:30:00,682.6,0.6826
2023-05-10 07:30:00,741.2,0.7412000000000001
2023-05-10 08:30:00,583.85,0.58385
2023-05-10 09:30:00,457.3,0.4573
2023-05-10 10:30:00,222.7,0.22269999999999998
2023-05-10 11:30:00,89.35,0.08935
2023-05-10 12:30:00,18.5,0.0185
2023-05-10 13:30:00,0.0,0.0
2023-05-10 14:30:00,0.0,0.0
2023-05-10 15:30:00,0.0,0.0
2023-05-10 16:30:00,0.0,0.0
2023-05-10 17:30:00,0.0,0.0
2023-05-10 18:30:00,0.0,0.0
2023-05-10 19:30:00,0.0,0.0
2023-05-10 20:30:00,0.0,0.0
2023-05-10 21:30:00,0.0,0.0
2023-05-10 22:30:00,0.0,0.0
2023-05-10 23:30:00,0.0,0.0
2023-05-11 00:30:00,0.0,0.0
2023-05-11 01:30:00,80.9,0.0809
2023-05-11 02:30:00,260.95,0.26095
2023-05-11 03:30:00,454.6,0.4546
2023-05-11 04:30:00,637.0,0.637
2023-05-11 05:30:00,765.6,0.7656000000000001
2023-05-11 06:30:00,850.1,0.8501000000000001
2023-05-11 07:30:00,751.75,0.75175
2023-05-11 08:30:00,716.2,0.7162000000000001
2023-05-11 09:30:00,550.0,0.55
2023-05-11 10:30:00,435.45,0.43545
2023-05-11 11:30:00,257.7,0.2577
2023-05-11 12:30:00,87.8,0.0878
2023-05-11 13:30:00,0.0,0.0
2023-05-11 14:30:00,0.0,0.0
2023-05-11 15:30:00,0.0,0.0
2023-05-11 16:30:00,0.0,0.0
2023-05-11 17:30:00,0.0,0.0
2023-05-11 18:30:00,0.0,0.0
2023-05-11 19:30:00,0.0,0.0
2023-05-11 20:30:00,0.0,0.0
2023-05-11 21:30:00,0.0,0.0
2023-05-11 22:30:00,0.0,0.0
2023-05-11 23:30:00,0.0,0.0
2023-05-12 00:30:00,0.0,0.0
2023-05-12 01:30:00,74.0,0.074
2023-05-12 02:30:00,252.65,0.25265
2023-05-12 03:30:00,480.2,0.4802
2023-05-12 04:30:00,661.45,0.6614500000000001
2023-05-12 05:30:00,788.65,0.78865
2023-05-12 06:30:00,845.45,0.84545
2023-05-12 07:30:00,847.25,0.84725
2023-05-12 08:30:00,713.65,0.71365
2023-05-12 09:30:00,503.1,0.5031
2023-05-12 10:30:00,331.15,0.33115
2023-05-12 11:30:00,130.25,0.13025
2023-05-12 12:30:00,77.25,0.07725
2023-05-12 13:30:00,0.0,0.0
2023-05-12 14:30:00,0.0,0.0
2023-05-12 15:30:00,0.0,0.0
2023-05-12 16:30:00,0.0,0.0
2023-05-12 17:30:00,0.0,0.0
2023-05-12 18:30:00,0.0,0.0
2023-05-12 19:30:00,0.0,0.0
2023-05-12 20:30:00,0.0,0.0
2023-05-12 21:30:00,0.0,0.0
2023-05-12 22:30:00,0.0,0.0
2023-05-12 23:30:00,0.0,0.0
2023-05-13 00:30:00,0.0,0.0
2023-05-13 01:30:00,82.65,0.08265
2023-05-13 02:30:00,271.4,0.2714
2023-05-13 03:30:00,475.1,0.4751
2023-05-13 04:30:00,657.4,0.6574
2023-05-13 05:30:00,787.4,0.7874
2023-05-13 06:30:00,853.75,0.85375
2023-05-13 07:30:00,478.2,0.4782
2023-05-13 08:30:00,589.3,0.5892999999999999
2023-05-13 09:30:00,495.35,0.49535
2023-05-13 10:30:00,336.8,0.3368
2023-05-13 11:30:00,200.35,0.20035
2023-05-13 12:30:00,63.5,0.0635
2023-05-13 13:30:00,0.0,0.0
2023-05-13 14:30:00,0.0,0.0
2023-05-13 15:30:00,0.0,0.0
2023-05-13 16:30:00,0.0,0.0
2023-05-13 17:30:00,0.0,0.0
2023-05-13 18:30:00,0.0,0.0
2023-05-13 19:30:00,0.0,0.0
2023-05-13 20:30:00,0.0,0.0
2023-05-13 21:30:00,0.0,0.0
2023-05-13 22:30:00,0.0,0.0
2023-05-13 23:30:00,0.0,0.0
2023-05-14 00:30:00,0.0,0.0
2023-05-14 01:30:00,76.55,0.07654999999999999
2023-05-14 02:30:00,260.1,0.2601
2023-05-14 03:30:00,468.95,0.46895
2023-05-14 04:30:00,651.65,0.65165
2023-05-14 05:30:00,785.15,0.78515
2023-05-14 06:30:00,847.85,0.84785
2023-05-14 07:30:00,856.35,0.8563500000000001
2023-05-14 08:30:00,788.45,0.7884500000000001
2023-05-14 09:30:00,638.75,0.63875
2023-05-14 10:30:00,467.5,0.4675
2023-05-14 11:30:00,256.8,0.25680000000000003
2023-05-14 12:30:00,89.7,0.0897
2023-05-14 13:30:00,0.0,0.0
2023-05-14 14:30:00,0.0,0.0
2023-05-14 15:30:00,0.0,0.0
2023-05-14 16:30:00,0.0,0.0
2023-05-14 17:30:00,0.0,0.0
2023-05-14 18:30:00,0.0,0.0
2023-05-14 19:30:00,0.0,0.0
2023-05-14 20:30:00,0.0,0.0
2023-05-14 21:30:00,0.0,0.0
2023-05-14 22:30:00,0.0,0.0
2023-05-14 23:30:00,0.0,0.0
2023-05-15 00:30:00,0.0,0.0
2023-05-15 01:30:00,71.65,0.07165
2023-05-15 02:30:00,213.5,0.2135
2023-05-15 03:30:00,409.0,0.409
2023-05-15 04:30:00,609.45,0.60945
2023-05-15 05:30:00,717.9,0.7179
2023-05-15 06:30:00,830.45,0.83045
2023-05-15 07:30:00,793.5,0.7935
2023-05-15 08:30:00,719.2,0.7192000000000001
2023-05-15 09:30:00,640.05,0.64005
2023-05-15 10:30:00,454.15,0.45415
2023-05-15 11:30:00,271.0,0.271
2023-05-15 12:30:00,84.1,0.0841
2023-05-15 13:30:00,0.0,0.0
2023-05-15 14:30:00,0.0,0.0
2023-05-15 15:30:00,0.0,0.0
2023-05-15 16:30:00,0.0,0.0
2023-05-15 17:30:00,0.0,0.0
2023-05-15 18:30:00,0.0,0.0
2023-05-15 19:30:00,0.0,0.0
2023-05-15 20:30:00,0.0,0.0
2023-05-15 21:30:00,0.0,0.0
2023-05-15 22:30:00,0.0,0.0
2023-05-15 23:30:00,0.0,0.0
2023-05-16 00:30:00,0.0,0.0
2023-05-16 01:30:00,55.1,0.0551
2023-05-16 02:30:00,232.45,0.23245
2023-05-16 03:30:00,473.15,0.47314999999999996
2023-05-16 04:30:00,612.1,0.6121
2023-05-16 05:30:00,757.85,0.75785
2023-05-16 06:30:00,840.25,0.84025
2023-05-16 07:30:00,855.35,0.85535
2023-05-16 08:30:00,772.6,0.7726000000000001
2023-05-16 09:30:00,611.6,0.6116
2023-05-16 10:30:00,402.45,0.40245
2023-05-16 11:30:00,230.05,0.23005
2023-05-16 12:30:00,80.1,0.08009999999999999
2023-05-16 13:30:00,0.0,0.0
2023-05-16 14:30:00,0.0,0.0
2023-05-16 15:30:00,0.0,0.0
2023-05-16 16:30:00,0.0,0.0
2023-05-16 17:30:00,0.0,0.0
2023-05-16 18:30:00,0.0,0.0
2023-05-16 19:30:00,0.0,0.0
2023-05-16 20:30:00,0.0,0.0
2023-05-16 21:30:00,0.0,0.0
2023-05-16 22:30:00,0.0,0.0
2023-05-16 23:30:00,0.0,0.0
2023-05-17 00:30:00,0.0,0.0
2023-05-17 01:30:00,69.75,0.06975
2023-05-17 02:30:00,257.5,0.2575
2023-05-17 03:30:00,488.1,0.48810000000000003
2023-05-17 04:30:00,664.7,0.6647000000000001
2023-05-17 05:30:00,782.65,0.78265
2023-05-17 06:30:00,861.75,0.86175
2023-05-17 07:30:00,859.95,0.85995
2023-05-17 08:30:00,789.5,0.7895
2023-05-17 09:30:00,591.3,0.5912999999999999
2023-05-17 10:30:00,417.65,0.41764999999999997
2023-05-17 11:30:00,232.45,0.23245
2023-05-17 12:30:00,69.2,0.0692
2023-05-17 13:30:00,0.0,0.0
2023-05-17 14:30:00,0.0,0.0
2023-05-17 15:30:00,0.0,0.0
2023-05-17 16:30:00,0.0,0.0
2023-05-17 17:30:00,0.0,0.0
2023-05-17 18:30:00,0.0,0.0
2023-05-17 19:30:00,0.0,0.0
2023-05-17 20:30:00,0.0,0.0
2023-05-17 21:30:00,0.0,0.0
2023-05-17 22:30:00,0.0,0.0
2023-05-17 23:30:00,0.0,0.0
2023-05-18 00:30:00,0.0,0.0
2023-05-18 01:30:00,75.65,0.07565000000000001
2023-05-18 02:30:00,232.5,0.2325
2023-05-18 03:30:00,460.25,0.46025
2023-05-18 04:30:00,588.5,0.5885
2023-05-18 05:30:00,768.25,0.76825
2023-05-18 06:30:00,836.5,0.8365
2023-05-18 07:30:00,769.25,0.76925
2023-05-18 08:30:00,646.65,0.64665
2023-05-18 09:30:00,528.5,0.5285
2023-05-18 10:30:00,318.15,0.31815
2023-05-18 11:30:00,160.55,0.16055
2023-05-18 12:30:00,51.3,0.0513
2023-05-18 13:30:00,0.0,0.0
2023-05-18 14:30:00,0.0,0.0
2023-05-18 15:30:00,0.0,0.0
2023-05-18 16:30:00,0.0,0.0
2023-05-18 17:30:00,0.0,0.0
2023-05-18 18:30:00,0.0,0.0
2023-05-18 19:30:00,0.0,0.0
2023-05-18 20:30:00,0.0,0.0
2023-05-18 21:30:00,0.0,0.0
2023-05-18 22:30:00,0.0,0.0
2023-05-18 23:30:00,0.0,0.0
2023-05-19 00:30:00,0.0,0.0
2023-05-19 01:30:00,82.9,0.0829
2023-05-19 02:30:00,274.4,0.2744
2023-05-19 03:30:00,482.45,0.48245
2023-05-19 04:30:00,664.55,0.66455
2023-05-19 05:30:00,781.5,0.7815
2023-05-19 06:30:00,849.2,0.8492000000000001
2023-05-19 07:30:00,857.65,0.85765
2023-05-19 08:30:00,721.0,0.721
2023-05-19 09:30:00,584.4,0.5844
2023-05-19 10:30:00,419.75,0.41975
2023-05-19 11:30:00,218.65,0.21865
2023-05-19 12:30:00,70.4,0.0704
2023-05-19 13:30:00,0.0,0.0
2023-05-19 14:30:00,0.0,0.0
2023-05-19 15:30:00,0.0,0.0
2023-05-19 16:30:00,0.0,0.0
2023-05-19 17:30:00,0.0,0.0
2023-05-19 18:30:00,0.0,0.0
2023-05-19 19:30:00,0.0,0.0
2023-05-19 20:30:00,0.0,0.0
2023-05-19 21:30:00,0.0,0.0
2023-05-19 22:30:00,0.0,0.0
2023-05-19 23:30:00,0.0,0.0
2023-05-20 00:30:00,0.0,0.0
2023-05-20 01:30:00,76.7,0.0767
2023-05-20 02:30:00,276.85,0.27685000000000004
2023-05-20 03:30:00,477.25,0.47725
2023-05-20 04:30:00,643.2,0.6432
2023-05-20 05:30:00,776.95,0.77695
2023-05-20 06:30:00,857.75,0.85775
2023-05-20 07:30:00,837.4,0.8373999999999999
2023-05-20 08:30:00,729.35,0.72935
2023-05-20 09:30:00,599.8,0.5998
2023-05-20 10:30:00,341.1,0.3411
2023-05-20 11:30:00,216.65,0.21665
2023-05-20 12:30:00,81.65,0.08165
2023-05-20 13:30:00,0.0,0.0
2023-05-20 14:30:00,0.0,0.0
2023-05-20 15:30:00,0.0,0.0
2023-05-20 16:30:00,0.0,0.0
2023-05-20 17:30:00,0.0,0.0
2023-05-20 18:30:00,0.0,0.0
2023-05-20 19:30:00,0.0,0.0
2023-05-20 20:30:00,0.0,0.0
2023-05-20 21:30:00,0.0,0.0
2023-05-20 22:30:00,0.0,0.0
2023-05-20 23:30:00,0.0,0.0
2023-05-21 00:30:00,0.0,0.0
2023-05-21 01:30:00,67.05,0.06705
2023-05-21 02:30:00,196.5,0.1965
2023-05-21 03:30:00,418.8,0.4188
2023-05-21 04:30:00,611.1,0.6111
2023-05-21 05:30:00,746.6,0.7466
2023-05-21 06:30:00,675.75,0.67575
2023-05-21 07:30:00,705.6,0.7056
2023-05-21 08:30:00,443.75,0.44375
2023-05-21 09:30:00,525.6,0.5256000000000001
2023-05-21 10:30:00,397.7,0.3977
2023-05-21 11:30:00,186.1,0.1861
2023-05-21 12:30:00,78.6,0.07859999999999999
2023-05-21 13:30:00,0.0,0.0
2023-05-21 14:30:00,0.0,0.0
2023-05-21 15:30:00,0.0,0.0
2023-05-21 16:30:00,0.0,0.0
2023-05-21 17:30:00,0.0,0.0
2023-05-21 18:30:00,0.0,0.0
2023-05-21 19:30:00,0.0,0.0
2023-05-21 20:30:00,0.0,0.0
2023-05-21 21:30:00,0.0,0.0
2023-05-21 22:30:00,0.0,0.0
2023-05-21 23:30:00,0.0,0.0
2023-05-22 00:30:00,0.0,0.0
2023-05-22 01:30:00,62.5,0.0625
2023-05-22 02:30:00,257.4,0.25739999999999996
2023-05-22 03:30:00,428.05,0.42805
2023-05-22 04:30:00,654.15,0.65415
2023-05-22 05:30:00,774.35,0.77435
2023-05-22 06:30:00,711.65,0.71165
2023-05-22 07:30:00,760.9,0.7609
2023-05-22 08:30:00,732.85,0.73285
2023-05-22 09:30:00,597.3,0.5972999999999999
2023-05-22 10:30:00,383.85,0.38385
2023-05-22 11:30:00,223.6,0.2236
2023-05-22 12:30:00,72.45,0.07245
2023-05-22 13:30:00,0.0,0.0
2023-05-22 14:30:00,0.0,0.0
2023-05-22 15:30:00,0.0,0.0
2023-05-22 16:30:00,0.0,0.0
2023-05-22 17:30:00,0.0,0.0
2023-05-22 18:30:00,0.0,0.0
2023-05-22 19:30:00,0.0,0.0
2023-05-22 20:30:00,0.0,0.0
2023-05-22 21:30:00,0.0,0.0
2023-05-22 22:30:00,0.0,0.0
2023-05-22 23:30:00,0.0,0.0
2023-05-23 00:30:00,0.0,0.0
2023-05-23 01:30:00,65.45,0.06545000000000001
2023-05-23 02:30:00,230.45,0.23045
2023-05-23 03:30:00,329.05,0.32905
2023-05-23 04:30:00,539.85,0.53985
2023-05-23 05:30:00,678.15,0.67815
2023-05-23 06:30:00,683.7,0.6837000000000001
2023-05-23 07:30:00,686.1,0.6861
2023-05-23 08:30:00,511.75,0.51175
2023-05-23 09:30:00,333.35,0.33335000000000004
2023-05-23 10:30:00,327.8,0.32780000000000004
2023-05-23 11:30:00,172.3,0.1723
2023-05-23 12:30:00,60.35,0.06035
2023-05-23 13:30:00,0.0,0.0
2023-05-23 14:30:00,0.0,0.0
2023-05-23 15:30:00,0.0,0.0
2023-05-23 16:30:00,0.0,0.0
2023-05-23 17:30:00,0.0,0.0
2023-05-23 18:30:00,0.0,0.0
2023-05-23 19:30:00,0.0,0.0
2023-05-23 20:30:00,0.0,0.0
2023-05-23 21:30:00,0.0,0.0
2023-05-23 22:30:00,0.0,0.0
2023-05-23 23:30:00,0.0,0.0
2023-05-24 00:30:00,0.0,0.0
2023-05-24 01:30:00,75.95,0.07595
2023-05-24 02:30:00,253.5,0.2535
2023-05-24 03:30:00,430.0,0.43
2023-05-24 04:30:00,601.65,0.60165
2023-05-24 05:30:00,755.3,0.7553
2023-05-24 06:30:00,725.05,0.72505
2023-05-24 07:30:00,568.9,0.5689
2023-05-24 08:30:00,434.75,0.43475
2023-05-24 09:30:00,412.7,0.4127
2023-05-24 10:30:00,277.5,0.2775
2023-05-24 11:30:00,192.2,0.19219999999999998
2023-05-24 12:30:00,63.65,0.06365
2023-05-24 13:30:00,0.0,0.0
2023-05-24 14:30:00,0.0,0.0
2023-05-24 15:30:00,0.0,0.0
2023-05-24 16:30:00,0.0,0.0
2023-05-24 17:30:00,0.0,0.0
2023-05-24 18:30:00,0.0,0.0
2023-05-24 19:30:00,0.0,0.0
2023-05-24 20:30:00,0.0,0.0
2023-05-24 21:30:00,0.0,0.0
2023-05-24 22:30:00,0.0,0.0
2023-05-24 23:30:00,0.0,0.0
2023-05-25 00:30:00,0.0,0.0
2023-05-25 01:30:00,75.1,0.0751
2023-05-25 02:30:00,219.35,0.21935
2023-05-25 03:30:00,398.3,0.3983
2023-05-25 04:30:00,576.7,0.5767
2023-05-25 05:30:00,734.55,0.7345499999999999
2023-05-25 06:30:00,811.15,0.8111499999999999
2023-05-25 07:30:00,760.8,0.7607999999999999
2023-05-25 08:30:00,601.85,0.60185
2023-05-25 09:30:00,549.1,0.5491
2023-05-25 10:30:00,402.25,0.40225
2023-05-25 11:30:00,204.65,0.20465
2023-05-25 12:30:00,86.7,0.0867
2023-05-25 13:30:00,0.0,0.0
2023-05-25 14:30:00,0.0,0.0
2023-05-25 15:30:00,0.0,0.0
2023-05-25 16:30:00,0.0,0.0
2023-05-25 17:30:00,0.0,0.0
2023-05-25 18:30:00,0.0,0.0
2023-05-25 19:30:00,0.0,0.0
2023-05-25 20:30:00,0.0,0.0
2023-05-25 21:30:00,0.0,0.0
2023-05-25 22:30:00,0.0,0.0
2023-05-25 23:30:00,0.0,0.0
2023-05-26 00:30:00,0.0,0.0
2023-05-26 01:30:00,59.7,0.0597
2023-05-26 02:30:00,182.2,0.1822
2023-05-26 03:30:00,338.15,0.33814999999999995
2023-05-26 04:30:00,436.65,0.43665
2023-05-26 05:30:00,595.9,0.5959
2023-05-26 06:30:00,718.55,0.7185499999999999
2023-05-26 07:30:00,766.05,0.76605
2023-05-26 08:30:00,661.75,0.66175
2023-05-26 09:30:00,451.0,0.451
2023-05-26 10:30:00,302.15,0.30215
2023-05-26 11:30:00,190.75,0.19075
2023-05-26 12:30:00,56.5,0.0565
2023-05-26 13:30:00,0.0,0.0
2023-05-26 14:30:00,0.0,0.0
2023-05-26 15:30:00,0.0,0.0
2023-05-26 16:30:00,0.0,0.0
2023-05-26 17:30:00,0.0,0.0
2023-05-26 18:30:00,0.0,0.0
2023-05-26 19:30:00,0.0,0.0
2023-05-26 20:30:00,0.0,0.0
2023-05-26 21:30:00,0.0,0.0
2023-05-26 22:30:00,0.0,0.0
2023-05-26 23:30:00,0.0,0.0
2023-05-27 00:30:00,0.0,0.0
2023-05-27 01:30:00,72.35,0.07235
2023-05-27 02:30:00,218.05,0.21805000000000002
2023-05-27 03:30:00,408.2,0.4082
2023-05-27 04:30:00,575.35,0.57535
2023-05-27 05:30:00,730.95,0.7309500000000001
2023-05-27 06:30:00,765.2,0.7652
2023-05-27 07:30:00,684.7,0.6847000000000001
2023-05-27 08:30:00,468.4,0.4684
2023-05-27 09:30:00,409.2,0.4092
2023-05-27 10:30:00,317.5,0.3175
2023-05-27 11:30:00,181.25,0.18125
2023-05-27 12:30:00,65.55,0.06555
2023-05-27 13:30:00,0.0,0.0
2023-05-27 14:30:00,0.0,0.0
2023-05-27 15:30:00,0.0,0.0
2023-05-27 16:30:00,0.0,0.0
2023-05-27 17:30:00,0.0,0.0
2023-05-27 18:30:00,0.0,0.0
2023-05-27 19:30:00,0.0,0.0
2023-05-27 20:30:00,0.0,0.0
2023-05-27 21:30:00,0.0,0.0
2023-05-27 22:30:00,0.0,0.0
2023-05-27 23:30:00,0.0,0.0
2023-05-28 00:30:00,0.0,0.0
2023-05-28 01:30:00,76.55,0.07654999999999999
2023-05-28 02:30:00,248.55,0.24855000000000002
2023-05-28 03:30:00,469.1,0.4691
2023-05-28 04:30:00,633.05,0.63305
2023-05-28 05:30:00,760.85,0.76085
2023-05-28 06:30:00,785.2,0.7852
2023-05-28 07:30:00,686.3,0.6862999999999999
2023-05-28 08:30:00,618.55,0.6185499999999999
2023-05-28 09:30:00,551.95,0.55195
2023-05-28 10:30:00,374.1,0.37410000000000004
2023-05-28 11:30:00,220.8,0.22080000000000002
2023-05-28 12:30:00,73.55,0.07354999999999999
2023-05-28 13:30:00,0.0,0.0
2023-05-28 14:30:00,0.0,0.0
2023-05-28 15:30:00,0.0,0.0
2023-05-28 16:30:00,0.0,0.0
2023-05-28 17:30:00,0.0,0.0
2023-05-28 18:30:00,0.0,0.0
2023-05-28 19:30:00,0.0,0.0
2023-05-28 20:30:00,0.0,0.0
2023-05-28 21:30:00,0.0,0.0
2023-05-28 22:30:00,0.0,0.0
2023-05-28 23:30:00,0.0,0.0
2023-05-29 00:30:00,0.0,0.0
2023-05-29 01:30:00,83.55,0.08355
2023-05-29 02:30:00,264.6,0.2646
2023-05-29 03:30:00,466.25,0.46625
2023-05-29 04:30:00,639.8,0.6397999999999999
2023-05-29 05:30:00,763.45,0.7634500000000001
2023-05-29 06:30:00,753.55,0.7535499999999999
2023-05-29 07:30:00,741.0,0.741
2023-05-29 08:30:00,629.15,0.62915
2023-05-29 09:30:00,489.85,0.48985
2023-05-29 10:30:00,337.65,0.33764999999999995
2023-05-29 11:30:00,132.9,0.13290000000000002
2023-05-29 12:30:00,44.85,0.04485
2023-05-29 13:30:00,0.0,0.0
2023-05-29 14:30:00,0.0,0.0
2023-05-29 15:30:00,0.0,0.0
2023-05-29 16:30:00,0.0,0.0
2023-05-29 17:30:00,0.0,0.0
2023-05-29 18:30:00,0.0,0.0
2023-05-29 19:30:00,0.0,0.0
2023-05-29 20:30:00,0.0,0.0
2023-05-29 21:30:00,0.0,0.0
2023-05-29 22:30:00,0.0,0.0
2023-05-29 23:30:00,0.0,0.0
2023-05-30 00:30:00,0.0,0.0
2023-05-30 01:30:00,67.15,0.06715
2023-05-30 02:30:00,223.4,0.22340000000000002
2023-05-30 03:30:00,450.75,0.45075
2023-05-30 04:30:00,617.75,0.61775
2023-05-30 05:30:00,756.6,0.7566
2023-05-30 06:30:00,652.1,0.6521
2023-05-30 07:30:00,614.25,0.61425
2023-05-30 08:30:00,538.15,0.53815
2023-05-30 09:30:00,498.8,0.4988
2023-05-30 10:30:00,268.05,0.26805
2023-05-30 11:30:00,171.25,0.17125
2023-05-30 12:30:00,60.5,0.0605
2023-05-30 13:30:00,0.0,0.0
2023-05-30 14:30:00,0.0,0.0
2023-05-30 15:30:00,0.0,0.0
2023-05-30 16:30:00,0.0,0.0
2023-05-30 17:30:00,0.0,0.0
2023-05-30 18:30:00,0.0,0.0
2023-05-30 19:30:00,0.0,0.0
2023-05-30 20:30:00,0.0,0.0
2023-05-30 21:30:00,0.0,0.0
2023-05-30 22:30:00,0.0,0.0
2023-05-30 23:30:00,0.0,0.0
2023-05-31 00:30:00,0.0,0.0
2023-05-31 01:30:00,70.35,0.07035
2023-05-31 02:30:00,231.9,0.2319
2023-05-31 03:30:00,455.05,0.45505
2023-05-31 04:30:00,628.85,0.62885
2023-05-31 05:30:00,739.45,0.73945
2023-05-31 06:30:00,741.95,0.74195
2023-05-31 07:30:00,654.4,0.6544
2023-05-31 08:30:00,595.05,0.59505
2023-05-31 09:30:00,476.1,0.4761
2023-05-31 10:30:00,254.5,0.2545
2023-05-31 11:30:00,158.3,0.15830000000000002
2023-05-31 12:30:00,60.65,0.060649999999999996
2023-05-31 13:30:00,0.0,0.0
2023-05-31 14:30:00,0.0,0.0
2023-05-31 15:30:00,0.0,0.0
2023-05-31 16:30:00,0.0,0.0
2023-05-31 17:30:00,0.0,0.0
2023-05-31 18:30:00,0.0,0.0
2023-05-31 19:30:00,0.0,0.0
2023-05-31 20:30:00,0.0,0.0
2023-05-31 21:30:00,0.0,0.0
2023-05-31 22:30:00,0.0,0.0
2023-05-31 23:30:00,0.0,0.0
2023-06-01 00:30:00,0.0,0.0
2023-06-01 01:30:00,78.05,0.07805
2023-06-01 02:30:00,235.2,0.2352
2023-06-01 03:30:00,443.9,0.44389999999999996
2023-06-01 04:30:00,641.15,0.64115
2023-06-01 05:30:00,763.4,0.7634
2023-06-01 06:30:00,752.55,0.7525499999999999
2023-06-01 07:30:00,600.9,0.6009
2023-06-01 08:30:00,654.4,0.6544
2023-06-01 09:30:00,480.3,0.4803
2023-06-01 10:30:00,341.0,0.341
2023-06-01 11:30:00,200.15,0.20015
2023-06-01 12:30:00,81.3,0.0813
2023-06-01 13:30:00,0.0,0.0
2023-06-01 14:30:00,0.0,0.0
2023-06-01 15:30:00,0.0,0.0
2023-06-01 16:30:00,0.0,0.0
2023-06-01 17:30:00,0.0,0.0
2023-06-01 18:30:00,0.0,0.0
2023-06-01 19:30:00,0.0,0.0
2023-06-01 20:30:00,0.0,0.0
2023-06-01 21:30:00,0.0,0.0
2023-06-01 22:30:00,0.0,0.0
2023-06-01 23:30:00,0.0,0.0
2023-06-02 00:30:00,0.0,0.0
2023-06-02 01:30:00,72.6,0.0726
2023-06-02 02:30:00,253.3,0.2533
2023-06-02 03:30:00,435.15,0.43515
2023-06-02 04:30:00,631.35,0.6313500000000001
2023-06-02 05:30:00,749.35,0.7493500000000001
2023-06-02 06:30:00,829.1,0.8291000000000001
2023-06-02 07:30:00,827.95,0.8279500000000001
2023-06-02 08:30:00,744.0,0.744
2023-06-02 09:30:00,453.55,0.45355
2023-06-02 10:30:00,331.7,0.3317
2023-06-02 11:30:00,222.35,0.22235
2023-06-02 12:30:00,74.35,0.07435
2023-06-02 13:30:00,0.0,0.0
2023-06-02 14:30:00,0.0,0.0
2023-06-02 15:30:00,0.0,0.0
2023-06-02 16:30:00,0.0,0.0
2023-06-02 17:30:00,0.0,0.0
2023-06-02 18:30:00,0.0,0.0
2023-06-02 19:30:00,0.0,0.0
2023-06-02 20:30:00,0.0,0.0
2023-06-02 21:30:00,0.0,0.0
2023-06-02 22:30:00,0.0,0.0
2023-06-02 23:30:00,0.0,0.0
2023-06-03 00:30:00,0.0,0.0
2023-06-03 01:30:00,76.1,0.0761
2023-06-03 02:30:00,226.65,0.22665000000000002
2023-06-03 03:30:00,423.2,0.42319999999999997
2023-06-03 04:30:00,599.25,0.59925
2023-06-03 05:30:00,729.8,0.7298
2023-06-03 06:30:00,795.85,0.7958500000000001
2023-06-03 07:30:00,698.05,0.69805
2023-06-03 08:30:00,605.55,0.6055499999999999
2023-06-03 09:30:00,564.95,0.5649500000000001
2023-06-03 10:30:00,339.45,0.33945
2023-06-03 11:30:00,95.55,0.09555
2023-06-03 12:30:00,63.05,0.06305
2023-06-03 13:30:00,0.0,0.0
2023-06-03 14:30:00,0.0,0.0
2023-06-03 15:30:00,0.0,0.0
2023-06-03 16:30:00,0.0,0.0
2023-06-03 17:30:00,0.0,0.0
2023-06-03 18:30:00,0.0,0.0
2023-06-03 19:30:00,0.0,0.0
2023-06-03 20:30:00,0.0,0.0
2023-06-03 21:30:00,0.0,0.0
2023-06-03 22:30:00,0.0,0.0
2023-06-03 23:30:00,0.0,0.0
2023-06-04 00:30:00,0.0,0.0
2023-06-04 01:30:00,76.55,0.07654999999999999
2023-06-04 02:30:00,204.55,0.20455
2023-06-04 03:30:00,405.4,0.4054
2023-06-04 04:30:00,538.05,0.5380499999999999
2023-06-04 05:30:00,659.15,0.65915
2023-06-04 06:30:00,550.65,0.55065
2023-06-04 07:30:00,501.45,0.50145
2023-06-04 08:30:00,558.75,0.55875
2023-06-04 09:30:00,521.0,0.521
2023-06-04 10:30:00,343.75,0.34375
2023-06-04 11:30:00,173.05,0.17305
2023-06-04 12:30:00,78.4,0.07840000000000001
2023-06-04 13:30:00,0.0,0.0
2023-06-04 14:30:00,0.0,0.0
2023-06-04 15:30:00,0.0,0.0
2023-06-04 16:30:00,0.0,0.0
2023-06-04 17:30:00,0.0,0.0
2023-06-04 18:30:00,0.0,0.0
2023-06-04 19:30:00,0.0,0.0
2023-06-04 20:30:00,0.0,0.0
2023-06-04 21:30:00,0.0,0.0
2023-06-04 22:30:00,0.0,0.0
2023-06-04 23:30:00,0.0,0.0
2023-06-05 00:30:00,0.0,0.0
2023-06-05 01:30:00,72.05,0.07205
2023-06-05 02:30:00,235.55,0.23555
2023-06-05 03:30:00,410.2,0.4102
2023-06-05 04:30:00,573.6,0.5736
2023-06-05 05:30:00,683.3,0.6832999999999999
2023-06-05 06:30:00,748.1,0.7481
2023-06-05 07:30:00,655.65,0.65565
2023-06-05 08:30:00,541.7,0.5417000000000001
2023-06-05 09:30:00,392.2,0.3922
2023-06-05 10:30:00,316.8,0.3168
2023-06-05 11:30:00,181.55,0.18155000000000002
2023-06-05 12:30:00,69.95,0.06995
2023-06-05 13:30:00,0.0,0.0
2023-06-05 14:30:00,0.0,0.0
2023-06-05 15:30:00,0.0,0.0
2023-06-05 16:30:00,0.0,0.0
2023-06-05 17:30:00,0.0,0.0
2023-06-05 18:30:00,0.0,0.0
2023-06-05 19:30:00,0.0,0.0
2023-06-05 20:30:00,0.0,0.0
2023-06-05 21:30:00,0.0,0.0
2023-06-05 22:30:00,0.0,0.0
2023-06-05 23:30:00,0.0,0.0
2023-06-06 00:30:00,0.0,0.0
2023-06-06 01:30:00,64.5,0.0645
2023-06-06 02:30:00,228.15,0.22815000000000002
2023-06-06 03:30:00,383.2,0.3832
2023-06-06 04:30:00,550.75,0.55075
2023-06-06 05:30:00,649.55,0.64955
2023-06-06 06:30:00,700.55,0.70055
2023-06-06 07:30:00,535.5,0.5355
2023-06-06 08:30:00,540.1,0.5401
2023-06-06 09:30:00,525.5,0.5255
2023-06-06 10:30:00,313.6,0.31360000000000005
2023-06-06 11:30:00,195.3,0.1953
2023-06-06 12:30:00,72.2,0.0722
2023-06-06 13:30:00,0.0,0.0
2023-06-06 14:30:00,0.0,0.0
2023-06-06 15:30:00,0.0,0.0
2023-06-06 16:30:00,0.0,0.0
2023-06-06 17:30:00,0.0,0.0
2023-06-06 18:30:00,0.0,0.0
2023-06-06 19:30:00,0.0,0.0
2023-06-06 20:30:00,0.0,0.0
2023-06-06 21:30:00,0.0,0.0
2023-06-06 22:30:00,0.0,0.0
2023-06-06 23:30:00,0.0,0.0
2023-06-07 00:30:00,0.0,0.0
2023-06-07 01:30:00,59.7,0.0597
2023-06-07 02:30:00,227.6,0.2276
2023-06-07 03:30:00,378.6,0.37860000000000005
2023-06-07 04:30:00,597.75,0.59775
2023-06-07 05:30:00,739.1,0.7391
2023-06-07 06:30:00,782.85,0.78285
2023-06-07 07:30:00,702.1,0.7021000000000001
2023-06-07 08:30:00,567.8,0.5678
2023-06-07 09:30:00,490.5,0.4905
2023-06-07 10:30:00,343.8,0.3438
2023-06-07 11:30:00,204.4,0.2044
2023-06-07 12:30:00,76.95,0.07695
2023-06-07 13:30:00,0.0,0.0
2023-06-07 14:30:00,0.0,0.0
2023-06-07 15:30:00,0.0,0.0
2023-06-07 16:30:00,0.0,0.0
2023-06-07 17:30:00,0.0,0.0
2023-06-07 18:30:00,0.0,0.0
2023-06-07 19:30:00,0.0,0.0
2023-06-07 20:30:00,0.0,0.0
2023-06-07 21:30:00,0.0,0.0
2023-06-07 22:30:00,0.0,0.0
2023-06-07 23:30:00,0.0,0.0
2023-06-08 00:30:00,0.0,0.0
2023-06-08 01:30:00,54.45,0.054450000000000005
2023-06-08 02:30:00,193.8,0.1938
2023-06-08 03:30:00,369.95,0.36995
2023-06-08 04:30:00,537.35,0.53735
2023-06-08 05:30:00,677.2,0.6772
2023-06-08 06:30:00,774.05,0.7740499999999999
2023-06-08 07:30:00,713.75,0.71375
2023-06-08 08:30:00,558.4,0.5584
2023-06-08 09:30:00,302.35,0.30235
2023-06-08 10:30:00,275.55,0.27555
2023-06-08 11:30:00,99.65,0.09965
2023-06-08 12:30:00,56.85,0.056850000000000005
2023-06-08 13:30:00,0.0,0.0
2023-06-08 14:30:00,0.0,0.0
2023-06-08 15:30:00,0.0,0.0
2023-06-08 16:30:00,0.0,0.0
2023-06-08 17:30:00,0.0,0.0
2023-06-08 18:30:00,0.0,0.0
2023-06-08 19:30:00,0.0,0.0
2023-06-08 20:30:00,0.0,0.0
2023-06-08 21:30:00,0.0,0.0
2023-06-08 22:30:00,0.0,0.0
2023-06-08 23:30:00,0.0,0.0
2023-06-09 00:30:00,0.0,0.0
2023-06-09 01:30:00,50.3,0.0503
2023-06-09 02:30:00,216.2,0.21619999999999998
2023-06-09 03:30:00,397.55,0.39755
2023-06-09 04:30:00,586.0,0.586
2023-06-09 05:30:00,657.6,0.6576000000000001
2023-06-09 06:30:00,642.25,0.64225
2023-06-09 07:30:00,624.85,0.62485
2023-06-09 08:30:00,422.8,0.4228
2023-06-09 09:30:00,302.2,0.30219999999999997
2023-06-09 10:30:00,189.95,0.18994999999999998
2023-06-09 11:30:00,179.55,0.17955000000000002
2023-06-09 12:30:00,79.1,0.07909999999999999
2023-06-09 13:30:00,0.0,0.0
2023-06-09 14:30:00,0.0,0.0
2023-06-09 15:30:00,0.0,0.0
2023-06-09 16:30:00,0.0,0.0
2023-06-09 17:30:00,0.0,0.0
2023-06-09 18:30:00,0.0,0.0
2023-06-09 19:30:00,0.0,0.0
2023-06-09 20:30:00,0.0,0.0
2023-06-09 21:30:00,0.0,0.0
2023-06-09 22:30:00,0.0,0.0
2023-06-09 23:30:00,0.0,0.0
2023-06-10 00:30:00,0.0,0.0
2023-06-10 01:30:00,52.3,0.0523
2023-06-10 02:30:00,213.35,0.21334999999999998
2023-06-10 03:30:00,364.45,0.36445
2023-06-10 04:30:00,482.45,0.48245
2023-06-10 05:30:00,584.4,0.5844
2023-06-10 06:30:00,727.3,0.7273
2023-06-10 07:30:00,718.65,0.71865
2023-06-10 08:30:00,535.1,0.5351
2023-06-10 09:30:00,350.8,0.3508
2023-06-10 10:30:00,167.0,0.167
2023-06-10 11:30:00,176.35,0.17635
2023-06-10 12:30:00,20.65,0.020649999999999998
2023-06-10 13:30:00,0.0,0.0
2023-06-10 14:30:00,0.0,0.0
2023-06-10 15:30:00,0.0,0.0
2023-06-10 16:30:00,0.0,0.0
2023-06-10 17:30:00,0.0,0.0
2023-06-10 18:30:00,0.0,0.0
2023-06-10 19:30:00,0.0,0.0
2023-06-10 20:30:00,0.0,0.0
2023-06-10 21:30:00,0.0,0.0
2023-06-10 22:30:00,0.0,0.0
2023-06-10 23:30:00,0.0,0.0
2023-06-11 00:30:00,0.0,0.0
2023-06-11 01:30:00,46.85,0.04685
2023-06-11 02:30:00,226.45,0.22644999999999998
2023-06-11 03:30:00,409.75,0.40975
2023-06-11 04:30:00,594.4,0.5943999999999999
2023-06-11 05:30:00,657.25,0.65725
2023-06-11 06:30:00,641.85,0.64185
2023-06-11 07:30:00,516.0,0.516
2023-06-11 08:30:00,595.9,0.5959
2023-06-11 09:30:00,377.35,0.37735
2023-06-11 10:30:00,216.7,0.21669999999999998
2023-06-11 11:30:00,195.9,0.19590000000000002
2023-06-11 12:30:00,88.75,0.08875
2023-06-11 13:30:00,0.0,0.0
2023-06-11 14:30:00,0.0,0.0
2023-06-11 15:30:00,0.0,0.0
2023-06-11 16:30:00,0.0,0.0
2023-06-11 17:30:00,0.0,0.0
2023-06-11 18:30:00,0.0,0.0
2023-06-11 19:30:00,0.0,0.0
2023-06-11 20:30:00,0.0,0.0
2023-06-11 21:30:00,0.0,0.0
2023-06-11 22:30:00,0.0,0.0
2023-06-11 23:30:00,0.0,0.0
2023-06-12 00:30:00,0.0,0.0
2023-06-12 01:30:00,38.95,0.038950000000000005
2023-06-12 02:30:00,148.8,0.14880000000000002
2023-06-12 03:30:00,277.35,0.27735000000000004
2023-06-12 04:30:00,380.8,0.3808
2023-06-12 05:30:00,513.4,0.5134
2023-06-12 06:30:00,716.55,0.7165499999999999
2023-06-12 07:30:00,741.65,0.74165
2023-06-12 08:30:00,675.65,0.67565
2023-06-12 09:30:00,553.75,0.55375
2023-06-12 10:30:00,329.7,0.3297
2023-06-12 11:30:00,233.35,0.23335
2023-06-12 12:30:00,75.8,0.07579999999999999
2023-06-12 13:30:00,0.0,0.0
2023-06-12 14:30:00,0.0,0.0
2023-06-12 15:30:00,0.0,0.0
2023-06-12 16:30:00,0.0,0.0
2023-06-12 17:30:00,0.0,0.0
2023-06-12 18:30:00,0.0,0.0
2023-06-12 19:30:00,0.0,0.0
2023-06-12 20:30:00,0.0,0.0
2023-06-12 21:30:00,0.0,0.0
2023-06-12 22:30:00,0.0,0.0
2023-06-12 23:30:00,0.0,0.0
2023-06-13 00:30:00,0.0,0.0
2023-06-13 01:30:00,55.5,0.0555
2023-06-13 02:30:00,126.25,0.12625
2023-06-13 03:30:00,183.35,0.18334999999999999
2023-06-13 04:30:00,285.7,0.2857
2023-06-13 05:30:00,371.65,0.37165
2023-06-13 06:30:00,553.85,0.5538500000000001
2023-06-13 07:30:00,560.35,0.56035
2023-06-13 08:30:00,617.4,0.6174
2023-06-13 09:30:00,498.1,0.49810000000000004
2023-06-13 10:30:00,213.7,0.2137
2023-06-13 11:30:00,190.85,0.19085
2023-06-13 12:30:00,71.0,0.071
2023-06-13 13:30:00,0.0,0.0
2023-06-13 14:30:00,0.0,0.0
2023-06-13 15:30:00,0.0,0.0
2023-06-13 16:30:00,0.0,0.0
2023-06-13 17:30:00,0.0,0.0
2023-06-13 18:30:00,0.0,0.0
2023-06-13 19:30:00,0.0,0.0
2023-06-13 20:30:00,0.0,0.0
2023-06-13 21:30:00,0.0,0.0
2023-06-13 22:30:00,0.0,0.0
2023-06-13 23:30:00,0.0,0.0
2023-06-14 00:30:00,0.0,0.0
2023-06-14 01:30:00,21.8,0.0218
2023-06-14 02:30:00,103.15,0.10315
2023-06-14 03:30:00,172.5,0.1725
2023-06-14 04:30:00,258.25,0.25825
2023-06-14 05:30:00,360.65,0.36064999999999997
2023-06-14 06:30:00,616.5,0.6165
2023-06-14 07:30:00,643.55,0.64355
2023-06-14 08:30:00,602.8,0.6028
2023-06-14 09:30:00,351.75,0.35175
2023-06-14 10:30:00,384.05,0.38405
2023-06-14 11:30:00,227.35,0.22735
2023-06-14 12:30:00,74.65,0.07465000000000001
2023-06-14 13:30:00,0.0,0.0
2023-06-14 14:30:00,0.0,0.0
2023-06-14 15:30:00,0.0,0.0
2023-06-14 16:30:00,0.0,0.0
2023-06-14 17:30:00,0.0,0.0
2023-06-14 18:30:00,0.0,0.0
2023-06-14 19:30:00,0.0,0.0
2023-06-14 20:30:00,0.0,0.0
2023-06-14 21:30:00,0.0,0.0
2023-06-14 22:30:00,0.0,0.0
2023-06-14 23:30:00,0.0,0.0
2023-06-15 00:30:00,0.0,0.0
2023-06-15 01:30:00,41.3,0.041299999999999996
2023-06-15 02:30:00,130.7,0.13069999999999998
2023-06-15 03:30:00,289.8,0.2898
2023-06-15 04:30:00,423.45,0.42345
2023-06-15 05:30:00,530.4,0.5304
2023-06-15 06:30:00,650.7,0.6507000000000001
2023-06-15 07:30:00,627.15,0.62715
2023-06-15 08:30:00,664.9,0.6648999999999999
2023-06-15 09:30:00,455.9,0.45589999999999997
2023-06-15 10:30:00,328.75,0.32875
2023-06-15 11:30:00,247.35,0.24735
2023-06-15 12:30:00,92.55,0.09255
2023-06-15 13:30:00,0.0,0.0
2023-06-15 14:30:00,0.0,0.0
2023-06-15 15:30:00,0.0,0.0
2023-06-15 16:30:00,0.0,0.0
2023-06-15 17:30:00,0.0,0.0
2023-06-15 18:30:00,0.0,0.0
2023-06-15 19:30:00,0.0,0.0
2023-06-15 20:30:00,0.0,0.0
2023-06-15 21:30:00,0.0,0.0
2023-06-15 22:30:00,0.0,0.0
2023-06-15 23:30:00,0.0,0.0
2023-06-16 00:30:00,0.0,0.0
2023-06-16 01:30:00,37.4,0.037399999999999996
2023-06-16 02:30:00,115.9,0.1159
2023-06-16 03:30:00,305.4,0.3054
2023-06-16 04:30:00,246.9,0.2469
2023-06-16 05:30:00,539.55,0.53955
2023-06-16 06:30:00,685.95,0.6859500000000001
2023-06-16 07:30:00,714.8,0.7148
2023-06-16 08:30:00,582.9,0.5829
2023-06-16 09:30:00,411.65,0.41164999999999996
2023-06-16 10:30:00,296.75,0.29675
2023-06-16 11:30:00,233.7,0.2337
2023-06-16 12:30:00,75.4,0.07540000000000001
2023-06-16 13:30:00,0.0,0.0
2023-06-16 14:30:00,0.0,0.0
2023-06-16 15:30:00,0.0,0.0
2023-06-16 16:30:00,0.0,0.0
2023-06-16 17:30:00,0.0,0.0
2023-06-16 18:30:00,0.0,0.0
2023-06-16 19:30:00,0.0,0.0
2023-06-16 20:30:00,0.0,0.0
2023-06-16 21:30:00,0.0,0.0
2023-06-16 22:30:00,0.0,0.0
2023-06-16 23:30:00,0.0,0.0
2023-06-17 00:30:00,0.0,0.0
2023-06-17 01:30:00,31.5,0.0315
2023-06-17 02:30:00,109.4,0.10940000000000001
2023-06-17 03:30:00,282.65,0.28264999999999996
2023-06-17 04:30:00,397.3,0.3973
2023-06-17 05:30:00,554.65,0.55465
2023-06-17 06:30:00,614.55,0.6145499999999999
2023-06-17 07:30:00,603.65,0.60365
2023-06-17 08:30:00,486.7,0.48669999999999997
2023-06-17 09:30:00,380.7,0.3807
2023-06-17 10:30:00,186.25,0.18625
2023-06-17 11:30:00,180.0,0.18
2023-06-17 12:30:00,79.65,0.07965000000000001
2023-06-17 13:30:00,0.0,0.0
2023-06-17 14:30:00,0.0,0.0
2023-06-17 15:30:00,0.0,0.0
2023-06-17 16:30:00,0.0,0.0
2023-06-17 17:30:00,0.0,0.0
2023-06-17 18:30:00,0.0,0.0
2023-06-17 19:30:00,0.0,0.0
2023-06-17 20:30:00,0.0,0.0
2023-06-17 21:30:00,0.0,0.0
2023-06-17 22:30:00,0.0,0.0
2023-06-17 23:30:00,0.0,0.0
2023-06-18 00:30:00,0.0,0.0
2023-06-18 01:30:00,45.55,0.04555
2023-06-18 02:30:00,157.8,0.15780000000000002
2023-06-18 03:30:00,198.75,0.19875
2023-06-18 04:30:00,221.15,0.22115
2023-06-18 05:30:00,225.7,0.22569999999999998
2023-06-18 06:30:00,310.25,0.31025
2023-06-18 07:30:00,475.35,0.47535000000000005
2023-06-18 08:30:00,577.0,0.577
2023-06-18 09:30:00,499.35,0.49935
2023-06-18 10:30:00,359.25,0.35925
2023-06-18 11:30:00,168.5,0.1685
2023-06-18 12:30:00,64.8,0.0648
2023-06-18 13:30:00,0.0,0.0
2023-06-18 14:30:00,0.0,0.0
2023-06-18 15:30:00,0.0,0.0
2023-06-18 16:30:00,0.0,0.0
2023-06-18 17:30:00,0.0,0.0
2023-06-18 18:30:00,0.0,0.0
2023-06-18 19:30:00,0.0,0.0
2023-06-18 20:30:00,0.0,0.0
2023-06-18 21:30:00,0.0,0.0
2023-06-18 22:30:00,0.0,0.0
2023-06-18 23:30:00,0.0,0.0
2023-06-19 00:30:00,0.0,0.0
2023-06-19 01:30:00,46.1,0.0461
2023-06-19 02:30:00,162.55,0.16255
2023-06-19 03:30:00,365.05,0.36505
2023-06-19 04:30:00,492.7,0.49269999999999997
2023-06-19 05:30:00,562.5,0.5625
2023-06-19 06:30:00,691.0,0.691
2023-06-19 07:30:00,567.85,0.5678500000000001
2023-06-19 08:30:00,548.8,0.5488
2023-06-19 09:30:00,421.15,0.42114999999999997
2023-06-19 10:30:00,254.5,0.2545
2023-06-19 11:30:00,219.75,0.21975
2023-06-19 12:30:00,77.9,0.07790000000000001
2023-06-19 13:30:00,0.0,0.0
2023-06-19 14:30:00,0.0,0.0
2023-06-19 15:30:00,0.0,0.0
2023-06-19 16:30:00,0.0,0.0
2023-06-19 17:30:00,0.0,0.0
2023-06-19 18:30:00,0.0,0.0
2023-06-19 19:30:00,0.0,0.0
2023-06-19 20:30:00,0.0,0.0
2023-06-19 21:30:00,0.0,0.0
2023-06-19 22:30:00,0.0,0.0
2023-06-19 23:30:00,0.0,0.0
2023-06-20 00:30:00,0.0,0.0
2023-06-20 01:30:00,55.5,0.0555
2023-06-20 02:30:00,198.25,0.19825
2023-06-20 03:30:00,383.75,0.38375
2023-06-20 04:30:00,512.25,0.51225
2023-06-20 05:30:00,353.7,0.3537
2023-06-20 06:30:00,395.95,0.39594999999999997
2023-06-20 07:30:00,527.6,0.5276000000000001
2023-06-20 08:30:00,474.8,0.4748
2023-06-20 09:30:00,298.35,0.29835
2023-06-20 10:30:00,247.6,0.2476
2023-06-20 11:30:00,102.45,0.10245
2023-06-20 12:30:00,53.25,0.05325
2023-06-20 13:30:00,0.0,0.0
2023-06-20 14:30:00,0.0,0.0
2023-06-20 15:30:00,0.0,0.0
2023-06-20 16:30:00,0.0,0.0
2023-06-20 17:30:00,0.0,0.0
2023-06-20 18:30:00,0.0,0.0
2023-06-20 19:30:00,0.0,0.0
2023-06-20 20:30:00,0.0,0.0
2023-06-20 21:30:00,0.0,0.0
2023-06-20 22:30:00,0.0,0.0
2023-06-20 23:30:00,0.0,0.0
2023-06-21 00:30:00,0.0,0.0
2023-06-21 01:30:00,47.45,0.047450000000000006
2023-06-21 02:30:00,179.35,0.17934999999999998
2023-06-21 03:30:00,367.45,0.36745
2023-06-21 04:30:00,499.85,0.49985
2023-06-21 05:30:00,617.4,0.6174
2023-06-21 06:30:00,683.35,0.68335
2023-06-21 07:30:00,685.95,0.6859500000000001
2023-06-21 08:30:00,584.6,0.5846
2023-06-21 09:30:00,586.1,0.5861000000000001
2023-06-21 10:30:00,386.2,0.3862
2023-06-21 11:30:00,132.55,0.13255
2023-06-21 12:30:00,59.2,0.0592
2023-06-21 13:30:00,0.0,0.0
2023-06-21 14:30:00,0.0,0.0
2023-06-21 15:30:00,0.0,0.0
2023-06-21 16:30:00,0.0,0.0
2023-06-21 17:30:00,0.0,0.0
2023-06-21 18:30:00,0.0,0.0
2023-06-21 19:30:00,0.0,0.0
2023-06-21 20:30:00,0.0,0.0
2023-06-21 21:30:00,0.0,0.0
2023-06-21 22:30:00,0.0,0.0
2023-06-21 23:30:00,0.0,0.0
2023-06-22 00:30:00,0.0,0.0
2023-06-22 01:30:00,25.15,0.02515
2023-06-22 02:30:00,169.35,0.16935
2023-06-22 03:30:00,267.05,0.26705
2023-06-22 04:30:00,453.25,0.45325
2023-06-22 05:30:00,527.35,0.52735
2023-06-22 06:30:00,716.85,0.71685
2023-06-22 07:30:00,610.5,0.6105
2023-06-22 08:30:00,586.0,0.586
2023-06-22 09:30:00,482.3,0.4823
2023-06-22 10:30:00,406.95,0.40695
2023-06-22 11:30:00,220.1,0.2201
2023-06-22 12:30:00,78.35,0.07834999999999999
2023-06-22 13:30:00,0.0,0.0
2023-06-22 14:30:00,0.0,0.0
2023-06-22 15:30:00,0.0,0.0
2023-06-22 16:30:00,0.0,0.0
2023-06-22 17:30:00,0.0,0.0
2023-06-22 18:30:00,0.0,0.0
2023-06-22 19:30:00,0.0,0.0
2023-06-22 20:30:00,0.0,0.0
2023-06-22 21:30:00,0.0,0.0
2023-06-22 22:30:00,0.0,0.0
2023-06-22 23:30:00,0.0,0.0
2023-06-23 00:30:00,0.0,0.0
2023-06-23 01:30:00,13.75,0.01375
2023-06-23 02:30:00,112.85,0.11284999999999999
2023-06-23 03:30:00,288.1,0.2881
2023-06-23 04:30:00,348.05,0.34805
2023-06-23 05:30:00,491.65,0.49165
2023-06-23 06:30:00,600.85,0.60085
2023-06-23 07:30:00,573.75,0.57375
2023-06-23 08:30:00,399.65,0.39964999999999995
2023-06-23 09:30:00,361.2,0.36119999999999997
2023-06-23 10:30:00,215.25,0.21525
2023-06-23 11:30:00,145.85,0.14585
2023-06-23 12:30:00,58.2,0.0582
2023-06-23 13:30:00,0.0,0.0
2023-06-23 14:30:00,0.0,0.0
2023-06-23 15:30:00,0.0,0.0
2023-06-23 16:30:00,0.0,0.0
2023-06-23 17:30:00,0.0,0.0
2023-06-23 18:30:00,0.0,0.0
2023-06-23 19:30:00,0.0,0.0
2023-06-23 20:30:00,0.0,0.0
2023-06-23 21:30:00,0.0,0.0
2023-06-23 22:30:00,0.0,0.0
2023-06-23 23:30:00,0.0,0.0
2023-06-24 00:30:00,0.0,0.0
2023-06-24 01:30:00,11.3,0.011300000000000001
2023-06-24 02:30:00,58.9,0.0589
2023-06-24 03:30:00,104.85,0.10485
2023-06-24 04:30:00,106.25,0.10625
2023-06-24 05:30:00,406.65,0.40664999999999996
2023-06-24 06:30:00,292.25,0.29225
2023-06-24 07:30:00,318.6,0.31860000000000005
2023-06-24 08:30:00,309.9,0.30989999999999995
2023-06-24 09:30:00,134.05,0.13405
2023-06-24 10:30:00,61.05,0.06105
2023-06-24 11:30:00,38.0,0.038
2023-06-24 12:30:00,3.7,0.0037
2023-06-24 13:30:00,0.0,0.0
2023-06-24 14:30:00,0.0,0.0
2023-06-24 15:30:00,0.0,0.0
2023-06-24 16:30:00,0.0,0.0
2023-06-24 17:30:00,0.0,0.0
2023-06-24 18:30:00,0.0,0.0
2023-06-24 19:30:00,0.0,0.0
2023-06-24 20:30:00,0.0,0.0
2023-06-24 21:30:00,0.0,0.0
2023-06-24 22:30:00,0.0,0.0
2023-06-24 23:30:00,0.0,0.0
2023-06-25 00:30:00,0.0,0.0
2023-06-25 01:30:00,0.65,0.00065
2023-06-25 02:30:00,31.2,0.0312
2023-06-25 03:30:00,11.85,0.01185
2023-06-25 04:30:00,73.15,0.07315
2023-06-25 05:30:00,43.25,0.04325
2023-06-25 06:30:00,22.15,0.02215
2023-06-25 07:30:00,15.85,0.01585
2023-06-25 08:30:00,33.1,0.033100000000000004
2023-06-25 09:30:00,1.25,0.00125
2023-06-25 10:30:00,3.55,0.0035499999999999998
2023-06-25 11:30:00,0.85,0.00085
2023-06-25 12:30:00,0.1,0.0001
2023-06-25 13:30:00,0.0,0.0
2023-06-25 14:30:00,0.0,0.0
2023-06-25 15:30:00,0.0,0.0
2023-06-25 16:30:00,0.0,0.0
2023-06-25 17:30:00,0.0,0.0
2023-06-25 18:30:00,0.0,0.0
2023-06-25 19:30:00,0.0,0.0
2023-06-25 20:30:00,0.0,0.0
2023-06-25 21:30:00,0.0,0.0
2023-06-25 22:30:00,0.0,0.0
2023-06-25 23:30:00,0.0,0.0
2023-06-26 00:30:00,0.0,0.0
2023-06-26 01:30:00,0.25,0.00025
2023-06-26 02:30:00,11.95,0.011949999999999999
2023-06-26 03:30:00,50.85,0.05085
2023-06-26 04:30:00,89.25,0.08925
2023-06-26 05:30:00,77.5,0.0775
2023-06-26 06:30:00,50.4,0.0504
2023-06-26 07:30:00,47.8,0.047799999999999995
2023-06-26 08:30:00,31.4,0.0314
2023-06-26 09:30:00,69.15,0.06915
2023-06-26 10:30:00,28.65,0.02865
2023-06-26 11:30:00,3.0,0.003
2023-06-26 12:30:00,4.1,0.0040999999999999995
2023-06-26 13:30:00,0.0,0.0
2023-06-26 14:30:00,0.0,0.0
2023-06-26 15:30:00,0.0,0.0
2023-06-26 16:30:00,0.0,0.0
2023-06-26 17:30:00,0.0,0.0
2023-06-26 18:30:00,0.0,0.0
2023-06-26 19:30:00,0.0,0.0
2023-06-26 20:30:00,0.0,0.0
2023-06-26 21:30:00,0.0,0.0
2023-06-26 22:30:00,0.0,0.0
2023-06-26 23:30:00,0.0,0.0
2023-06-27 00:30:00,0.0,0.0
2023-06-27 01:30:00,0.1,0.0001
2023-06-27 02:30:00,0.5,0.0005
2023-06-27 03:30:00,2.4,0.0024
2023-06-27 04:30:00,16.4,0.016399999999999998
2023-06-27 05:30:00,20.9,0.0209
2023-06-27 06:30:00,35.85,0.03585
2023-06-27 07:30:00,93.6,0.09359999999999999
2023-06-27 08:30:00,34.3,0.0343
2023-06-27 09:30:00,37.75,0.03775
2023-06-27 10:30:00,0.0,0.0
2023-06-27 11:30:00,0.5,0.0005
2023-06-27 12:30:00,0.0,0.0
2023-06-27 13:30:00,0.0,0.0
2023-06-27 14:30:00,0.0,0.0
2023-06-27 15:30:00,0.0,0.0
2023-06-27 16:30:00,0.0,0.0
2023-06-27 17:30:00,0.0,0.0
2023-06-27 18:30:00,0.0,0.0
2023-06-27 19:30:00,0.0,0.0
2023-06-27 20:30:00,0.0,0.0
2023-06-27 21:30:00,0.0,0.0
2023-06-27 22:30:00,0.0,0.0
2023-06-27 23:30:00,0.0,0.0
2023-06-28 00:30:00,0.0,0.0
2023-06-28 01:30:00,0.0,0.0
2023-06-28 02:30:00,7.85,0.00785
2023-06-28 03:30:00,1.35,0.00135
2023-06-28 04:30:00,4.15,0.00415
2023-06-28 05:30:00,46.2,0.046200000000000005
2023-06-28 06:30:00,151.0,0.151
2023-06-28 07:30:00,118.0,0.118
2023-06-28 08:30:00,59.6,0.0596
2023-06-28 09:30:00,0.4,0.0004
2023-06-28 10:30:00,10.4,0.0104
2023-06-28 11:30:00,5.9,0.005900000000000001
2023-06-28 12:30:00,1.45,0.00145
2023-06-28 13:30:00,0.25,0.00025
2023-06-28 14:30:00,0.0,0.0
2023-06-28 15:30:00,0.0,0.0
2023-06-28 16:30:00,0.0,0.0
2023-06-28 17:30:00,0.0,0.0
2023-06-28 18:30:00,0.0,0.0
2023-06-28 19:30:00,0.0,0.0
2023-06-28 20:30:00,0.0,0.0
2023-06-28 21:30:00,0.0,0.0
2023-06-28 22:30:00,0.0,0.0
2023-06-28 23:30:00,0.0,0.0
2023-06-29 00:30:00,0.0,0.0
2023-06-29 01:30:00,0.05,5e-05
2023-06-29 02:30:00,2.35,0.00235
2023-06-29 03:30:00,1.85,0.00185
2023-06-29 04:30:00,1.15,0.00115
2023-06-29 05:30:00,3.45,0.0034500000000000004
2023-06-29 06:30:00,6.7,0.0067
2023-06-29 07:30:00,11.7,0.011699999999999999
2023-06-29 08:30:00,0.0,0.0
2023-06-29 09:30:00,5.1,0.0050999999999999995
2023-06-29 10:30:00,0.35,0.00035
2023-06-29 11:30:00,0.1,0.0001
2023-06-29 12:30:00,0.0,0.0
2023-06-29 13:30:00,0.0,0.0
2023-06-29 14:30:00,0.0,0.0
2023-06-29 15:30:00,0.0,0.0
2023-06-29 16:30:00,0.0,0.0
2023-06-29 17:30:00,0.0,0.0
2023-06-29 18:30:00,0.0,0.0
2023-06-29 19:30:00,0.0,0.0
2023-06-29 20:30:00,0.0,0.0
2023-06-29 21:30:00,0.0,0.0
2023-06-29 22:30:00,0.0,0.0
2023-06-29 23:30:00,0.0,0.0
2023-06-30 00:30:00,0.0,0.0
2023-06-30 01:30:00,0.15,0.00015
2023-06-30 02:30:00,0.6,0.0006
2023-06-30 03:30:00,1.0,0.001
2023-06-30 04:30:00,16.15,0.016149999999999998
2023-06-30 05:30:00,11.3,0.011300000000000001
2023-06-30 06:30:00,78.0,0.078
2023-06-30 07:30:00,66.9,0.0669
2023-06-30 08:30:00,21.45,0.02145
2023-06-30 09:30:00,5.1,0.0050999999999999995
2023-06-30 10:30:00,0.0,0.0
2023-06-30 11:30:00,0.35,0.00035
2023-06-30 12:30:00,0.0,0.0
2023-06-30 13:30:00,0.0,0.0
2023-06-30 14:30:00,0.0,0.0
2023-06-30 15:30:00,0.0,0.0
2023-06-30 16:30:00,0.0,0.0
2023-06-30 17:30:00,0.0,0.0
2023-06-30 18:30:00,0.0,0.0
2023-06-30 19:30:00,0.0,0.0
2023-06-30 20:30:00,0.0,0.0
2023-06-30 21:30:00,0.0,0.0
2023-06-30 22:30:00,0.0,0.0
2023-06-30 23:30:00,0.0,0.0
2023-07-01 00:30:00,0.0,0.0
2023-07-01 01:30:00,0.0,0.0
2023-07-01 02:30:00,0.1,0.0001
2023-07-01 03:30:00,2.35,0.00235
2023-07-01 04:30:00,32.3,0.032299999999999995
2023-07-01 05:30:00,21.15,0.02115
2023-07-01 06:30:00,96.3,0.0963
2023-07-01 07:30:00,188.7,0.18869999999999998
2023-07-01 08:30:00,232.9,0.2329
2023-07-01 09:30:00,134.2,0.13419999999999999
2023-07-01 10:30:00,165.55,0.16555
2023-07-01 11:30:00,86.05,0.08605
2023-07-01 12:30:00,17.75,0.01775
2023-07-01 13:30:00,0.8,0.0008
2023-07-01 14:30:00,0.0,0.0
2023-07-01 15:30:00,0.0,0.0
2023-07-01 16:30:00,0.0,0.0
2023-07-01 17:30:00,0.0,0.0
2023-07-01 18:30:00,0.0,0.0
2023-07-01 19:30:00,0.0,0.0
2023-07-01 20:30:00,0.0,0.0
2023-07-01 21:30:00,0.0,0.0
2023-07-01 22:30:00,0.0,0.0
2023-07-01 23:30:00,0.0,0.0
2023-07-02 00:30:00,0.0,0.0
2023-07-02 01:30:00,1.2,0.0012
2023-07-02 02:30:00,8.7,0.0087
2023-07-02 03:30:00,11.75,0.01175
2023-07-02 04:30:00,170.05,0.17005
2023-07-02 05:30:00,226.45,0.22644999999999998
2023-07-02 06:30:00,269.85,0.26985000000000003
2023-07-02 07:30:00,327.0,0.327
2023-07-02 08:30:00,104.1,0.1041
2023-07-02 09:30:00,55.0,0.055
2023-07-02 10:30:00,47.85,0.047850000000000004
2023-07-02 11:30:00,27.3,0.0273
2023-07-02 12:30:00,10.8,0.0108
2023-07-02 13:30:00,1.0,0.001
2023-07-02 14:30:00,0.0,0.0
2023-07-02 15:30:00,0.0,0.0
2023-07-02 16:30:00,0.0,0.0
2023-07-02 17:30:00,0.0,0.0
2023-07-02 18:30:00,0.0,0.0
2023-07-02 19:30:00,0.0,0.0
2023-07-02 20:30:00,0.0,0.0
2023-07-02 21:30:00,0.0,0.0
2023-07-02 22:30:00,0.0,0.0
2023-07-02 23:30:00,0.0,0.0
2023-07-03 00:30:00,0.0,0.0
2023-07-03 01:30:00,1.4,0.0014
2023-07-03 02:30:00,1.85,0.00185
2023-07-03 03:30:00,126.4,0.1264
2023-07-03 04:30:00,213.6,0.21359999999999998
2023-07-03 05:30:00,272.1,0.2721
2023-07-03 06:30:00,363.4,0.3634
2023-07-03 07:30:00,445.9,0.44589999999999996
2023-07-03 08:30:00,492.3,0.4923
2023-07-03 09:30:00,406.2,0.4062
2023-07-03 10:30:00,270.85,0.27085000000000004
2023-07-03 11:30:00,143.35,0.14335
2023-07-03 12:30:00,34.7,0.0347
2023-07-03 13:30:00,0.1,0.0001
2023-07-03 14:30:00,0.0,0.0
2023-07-03 15:30:00,0.0,0.0
2023-07-03 16:30:00,0.0,0.0
2023-07-03 17:30:00,0.0,0.0
2023-07-03 18:30:00,0.0,0.0
2023-07-03 19:30:00,0.0,0.0
2023-07-03 20:30:00,0.0,0.0
2023-07-03 21:30:00,0.0,0.0
2023-07-03 22:30:00,0.0,0.0
2023-07-03 23:30:00,0.0,0.0
2023-07-04 00:30:00,0.0,0.0
2023-07-04 01:30:00,18.5,0.0185
2023-07-04 02:30:00,68.3,0.0683
2023-07-04 03:30:00,124.2,0.1242
2023-07-04 04:30:00,115.85,0.11585
2023-07-04 05:30:00,226.8,0.2268
2023-07-04 06:30:00,432.0,0.432
2023-07-04 07:30:00,370.85,0.37085
2023-07-04 08:30:00,190.25,0.19025
2023-07-04 09:30:00,115.7,0.1157
2023-07-04 10:30:00,162.85,0.16285
2023-07-04 11:30:00,62.35,0.06235
2023-07-04 12:30:00,5.9,0.005900000000000001
2023-07-04 13:30:00,0.75,0.00075
2023-07-04 14:30:00,0.0,0.0
2023-07-04 15:30:00,0.0,0.0
2023-07-04 16:30:00,0.0,0.0
2023-07-04 17:30:00,0.0,0.0
2023-07-04 18:30:00,0.0,0.0
2023-07-04 19:30:00,0.0,0.0
2023-07-04 20:30:00,0.0,0.0
2023-07-04 21:30:00,0.0,0.0
2023-07-04 22:30:00,0.0,0.0
2023-07-04 23:30:00,0.0,0.0
2023-07-05 00:30:00,0.0,0.0
2023-07-05 01:30:00,2.05,0.0020499999999999997
2023-07-05 02:30:00,58.3,0.0583
2023-07-05 03:30:00,66.55,0.06655
2023-07-05 04:30:00,69.75,0.06975
2023-07-05 05:30:00,69.05,0.06905
2023-07-05 06:30:00,158.95,0.15894999999999998
2023-07-05 07:30:00,53.35,0.05335
2023-07-05 08:30:00,47.0,0.047
2023-07-05 09:30:00,30.95,0.03095
2023-07-05 10:30:00,16.55,0.016550000000000002
2023-07-05 11:30:00,2.15,0.00215
2023-07-05 12:30:00,2.0,0.002
2023-07-05 13:30:00,0.0,0.0
2023-07-05 14:30:00,0.0,0.0
2023-07-05 15:30:00,0.0,0.0
2023-07-05 16:30:00,0.0,0.0
2023-07-05 17:30:00,0.0,0.0
2023-07-05 18:30:00,0.0,0.0
2023-07-05 19:30:00,0.0,0.0
2023-07-05 20:30:00,0.0,0.0
2023-07-05 21:30:00,0.0,0.0
2023-07-05 22:30:00,0.0,0.0
2023-07-05 23:30:00,0.0,0.0
2023-07-06 00:30:00,0.0,0.0
2023-07-06 01:30:00,0.35,0.00035
2023-07-06 02:30:00,0.45,0.00045
2023-07-06 03:30:00,7.65,0.0076500000000000005
2023-07-06 04:30:00,1.55,0.00155
2023-07-06 05:30:00,36.85,0.03685
2023-07-06 06:30:00,15.8,0.0158
2023-07-06 07:30:00,19.9,0.019899999999999998
2023-07-06 08:30:00,8.95,0.00895
2023-07-06 09:30:00,27.75,0.02775
2023-07-06 10:30:00,14.7,0.0147
2023-07-06 11:30:00,0.15,0.00015
2023-07-06 12:30:00,1.5,0.0015
2023-07-06 13:30:00,0.0,0.0
2023-07-06 14:30:00,0.0,0.0
2023-07-06 15:30:00,0.0,0.0
2023-07-06 16:30:00,0.0,0.0
2023-07-06 17:30:00,0.0,0.0
2023-07-06 18:30:00,0.0,0.0
2023-07-06 19:30:00,0.0,0.0
2023-07-06 20:30:00,0.0,0.0
2023-07-06 21:30:00,0.0,0.0
2023-07-06 22:30:00,0.0,0.0
2023-07-06 23:30:00,0.0,0.0
2023-07-07 00:30:00,0.0,0.0
2023-07-07 01:30:00,0.0,0.0
2023-07-07 02:30:00,1.0,0.001
2023-07-07 03:30:00,0.3,0.0003
2023-07-07 04:30:00,2.25,0.00225
2023-07-07 05:30:00,6.9,0.006900000000000001
2023-07-07 06:30:00,91.5,0.0915
2023-07-07 07:30:00,90.9,0.09090000000000001
2023-07-07 08:30:00,122.65,0.12265000000000001
2023-07-07 09:30:00,93.55,0.09355
2023-07-07 10:30:00,32.1,0.032100000000000004
2023-07-07 11:30:00,12.75,0.01275
2023-07-07 12:30:00,17.6,0.0176
2023-07-07 13:30:00,0.8,0.0008
2023-07-07 14:30:00,0.0,0.0
2023-07-07 15:30:00,0.0,0.0
2023-07-07 16:30:00,0.0,0.0
2023-07-07 17:30:00,0.0,0.0
2023-07-07 18:30:00,0.0,0.0
2023-07-07 19:30:00,0.0,0.0
2023-07-07 20:30:00,0.0,0.0
2023-07-07 21:30:00,0.0,0.0
2023-07-07 22:30:00,0.0,0.0
2023-07-07 23:30:00,0.0,0.0
2023-07-08 00:30:00,0.0,0.0
2023-07-08 01:30:00,8.3,0.0083
2023-07-08 02:30:00,2.75,0.00275
2023-07-08 03:30:00,45.25,0.04525
2023-07-08 04:30:00,46.9,0.0469
2023-07-08 05:30:00,112.1,0.11209999999999999
2023-07-08 06:30:00,456.75,0.45675
2023-07-08 07:30:00,429.3,0.4293
2023-07-08 08:30:00,458.3,0.4583
2023-07-08 09:30:00,233.0,0.233
2023-07-08 10:30:00,308.7,0.3087
2023-07-08 11:30:00,175.9,0.1759
2023-07-08 12:30:00,61.75,0.06175
2023-07-08 13:30:00,3.0,0.003
2023-07-08 14:30:00,0.0,0.0
2023-07-08 15:30:00,0.0,0.0
2023-07-08 16:30:00,0.0,0.0
2023-07-08 17:30:00,0.0,0.0
2023-07-08 18:30:00,0.0,0.0
2023-07-08 19:30:00,0.0,0.0
2023-07-08 20:30:00,0.0,0.0
2023-07-08 21:30:00,0.0,0.0
2023-07-08 22:30:00,0.0,0.0
2023-07-08 23:30:00,0.0,0.0
2023-07-09 00:30:00,0.0,0.0
2023-07-09 01:30:00,15.05,0.015050000000000001
2023-07-09 02:30:00,90.2,0.0902
2023-07-09 03:30:00,234.8,0.2348
2023-07-09 04:30:00,197.95,0.19795
2023-07-09 05:30:00,410.75,0.41075
2023-07-09 06:30:00,523.9,0.5239
2023-07-09 07:30:00,399.2,0.3992
2023-07-09 08:30:00,368.0,0.368
2023-07-09 09:30:00,371.4,0.37139999999999995
2023-07-09 10:30:00,223.5,0.2235
2023-07-09 11:30:00,49.2,0.0492
2023-07-09 12:30:00,0.75,0.00075
2023-07-09 13:30:00,0.15,0.00015
2023-07-09 14:30:00,0.0,0.0
2023-07-09 15:30:00,0.0,0.0
2023-07-09 16:30:00,0.0,0.0
2023-07-09 17:30:00,0.0,0.0
2023-07-09 18:30:00,0.0,0.0
2023-07-09 19:30:00,0.0,0.0
2023-07-09 20:30:00,0.0,0.0
2023-07-09 21:30:00,0.0,0.0
2023-07-09 22:30:00,0.0,0.0
2023-07-09 23:30:00,0.0,0.0
2023-07-10 00:30:00,0.0,0.0
2023-07-10 01:30:00,17.1,0.0171
2023-07-10 02:30:00,64.55,0.06455
2023-07-10 03:30:00,108.95,0.10895
2023-07-10 04:30:00,78.2,0.0782
2023-07-10 05:30:00,143.9,0.1439
2023-07-10 06:30:00,167.7,0.1677
2023-07-10 07:30:00,435.85,0.43585
2023-07-10 08:30:00,146.0,0.146
2023-07-10 09:30:00,310.35,0.31035
2023-07-10 10:30:00,237.35,0.23735
2023-07-10 11:30:00,175.65,0.17565
2023-07-10 12:30:00,69.95,0.06995
2023-07-10 13:30:00,4.25,0.00425
2023-07-10 14:30:00,0.0,0.0
2023-07-10 15:30:00,0.0,0.0
2023-07-10 16:30:00,0.0,0.0
2023-07-10 17:30:00,0.0,0.0
2023-07-10 18:30:00,0.0,0.0
2023-07-10 19:30:00,0.0,0.0
2023-07-10 20:30:00,0.0,0.0
2023-07-10 21:30:00,0.0,0.0
2023-07-10 22:30:00,0.0,0.0
2023-07-10 23:30:00,0.0,0.0
2023-07-11 00:30:00,0.0,0.0
2023-07-11 01:30:00,14.45,0.01445
2023-07-11 02:30:00,90.75,0.09075
2023-07-11 03:30:00,289.85,0.28985
2023-07-11 04:30:00,260.75,0.26075
2023-07-11 05:30:00,366.9,0.3669
2023-07-11 06:30:00,336.25,0.33625
2023-07-11 07:30:00,197.3,0.1973
2023-07-11 08:30:00,81.05,0.08105
2023-07-11 09:30:00,50.3,0.0503
2023-07-11 10:30:00,24.65,0.02465
2023-07-11 11:30:00,6.7,0.0067
2023-07-11 12:30:00,1.0,0.001
2023-07-11 13:30:00,0.0,0.0
2023-07-11 14:30:00,0.0,0.0
2023-07-11 15:30:00,0.0,0.0
2023-07-11 16:30:00,0.0,0.0
2023-07-11 17:30:00,0.0,0.0
2023-07-11 18:30:00,0.0,0.0
2023-07-11 19:30:00,0.0,0.0
2023-07-11 20:30:00,0.0,0.0
2023-07-11 21:30:00,0.0,0.0
2023-07-11 22:30:00,0.0,0.0
2023-07-11 23:30:00,0.0,0.0
2023-07-12 00:30:00,0.0,0.0
2023-07-12 01:30:00,4.4,0.0044
2023-07-12 02:30:00,14.35,0.01435
2023-07-12 03:30:00,9.1,0.0091
2023-07-12 04:30:00,36.75,0.03675
2023-07-12 05:30:00,14.0,0.014
2023-07-12 06:30:00,20.45,0.02045
2023-07-12 07:30:00,29.85,0.02985
2023-07-12 08:30:00,144.85,0.14485
2023-07-12 09:30:00,57.15,0.05715
2023-07-12 10:30:00,16.4,0.016399999999999998
2023-07-12 11:30:00,7.95,0.00795
2023-07-12 12:30:00,2.9,0.0029
2023-07-12 13:30:00,0.0,0.0
2023-07-12 14:30:00,0.0,0.0
2023-07-12 15:30:00,0.0,0.0
2023-07-12 16:30:00,0.0,0.0
2023-07-12 17:30:00,0.0,0.0
2023-07-12 18:30:00,0.0,0.0
2023-07-12 19:30:00,0.0,0.0
2023-07-12 20:30:00,0.0,0.0
2023-07-12 21:30:00,0.0,0.0
2023-07-12 22:30:00,0.0,0.0
2023-07-12 23:30:00,0.0,0.0
2023-07-13 00:30:00,0.0,0.0
2023-07-13 01:30:00,15.15,0.01515
2023-07-13 02:30:00,122.65,0.12265000000000001
2023-07-13 03:30:00,249.85,0.24985
2023-07-13 04:30:00,276.3,0.2763
2023-07-13 05:30:00,371.7,0.3717
2023-07-13 06:30:00,321.1,0.3211
2023-07-13 07:30:00,452.9,0.45289999999999997
2023-07-13 08:30:00,317.9,0.31789999999999996
2023-07-13 09:30:00,289.05,0.28905000000000003
2023-07-13 10:30:00,178.15,0.17815
2023-07-13 11:30:00,89.1,0.0891
2023-07-13 12:30:00,13.25,0.01325
2023-07-13 13:30:00,0.3,0.0003
2023-07-13 14:30:00,0.0,0.0
2023-07-13 15:30:00,0.0,0.0
2023-07-13 16:30:00,0.0,0.0
2023-07-13 17:30:00,0.0,0.0
2023-07-13 18:30:00,0.0,0.0
2023-07-13 19:30:00,0.0,0.0
2023-07-13 20:30:00,0.0,0.0
2023-07-13 21:30:00,0.0,0.0
2023-07-13 22:30:00,0.0,0.0
2023-07-13 23:30:00,0.0,0.0
2023-07-14 00:30:00,0.0,0.0
2023-07-14 01:30:00,0.45,0.00045
2023-07-14 02:30:00,11.55,0.011550000000000001
2023-07-14 03:30:00,89.1,0.0891
2023-07-14 04:30:00,375.85,0.37585
2023-07-14 05:30:00,220.7,0.22069999999999998
2023-07-14 06:30:00,154.9,0.1549
2023-07-14 07:30:00,4.5,0.0045
2023-07-14 08:30:00,21.15,0.02115
2023-07-14 09:30:00,41.5,0.0415
2023-07-14 10:30:00,124.5,0.1245
2023-07-14 11:30:00,3.2,0.0032
2023-07-14 12:30:00,4.4,0.0044
2023-07-14 13:30:00,0.0,0.0
2023-07-14 14:30:00,0.0,0.0
2023-07-14 15:30:00,0.0,0.0
2023-07-14 16:30:00,0.0,0.0
2023-07-14 17:30:00,0.0,0.0
2023-07-14 18:30:00,0.0,0.0
2023-07-14 19:30:00,0.0,0.0
2023-07-14 20:30:00,0.0,0.0
2023-07-14 21:30:00,0.0,0.0
2023-07-14 22:30:00,0.0,0.0
2023-07-14 23:30:00,0.0,0.0
2023-07-15 00:30:00,0.0,0.0
2023-07-15 01:30:00,0.1,0.0001
2023-07-15 02:30:00,1.15,0.00115
2023-07-15 03:30:00,29.9,0.0299
2023-07-15 04:30:00,50.85,0.05085
2023-07-15 05:30:00,130.5,0.1305
2023-07-15 06:30:00,141.45,0.14145
2023-07-15 07:30:00,189.65,0.18965
2023-07-15 08:30:00,153.3,0.15330000000000002
2023-07-15 09:30:00,102.0,0.102
2023-07-15 10:30:00,48.7,0.0487
2023-07-15 11:30:00,49.5,0.0495
2023-07-15 12:30:00,8.05,0.00805
2023-07-15 13:30:00,0.65,0.00065
2023-07-15 14:30:00,0.0,0.0
2023-07-15 15:30:00,0.0,0.0
2023-07-15 16:30:00,0.0,0.0
2023-07-15 17:30:00,0.0,0.0
2023-07-15 18:30:00,0.0,0.0
2023-07-15 19:30:00,0.0,0.0
2023-07-15 20:30:00,0.0,0.0
2023-07-15 21:30:00,0.0,0.0
2023-07-15 22:30:00,0.0,0.0
2023-07-15 23:30:00,0.0,0.0
2023-07-16 00:30:00,0.0,0.0
2023-07-16 01:30:00,15.15,0.01515
2023-07-16 02:30:00,65.0,0.065
2023-07-16 03:30:00,193.1,0.1931
2023-07-16 04:30:00,341.85,0.34185000000000004
2023-07-16 05:30:00,497.0,0.497
2023-07-16 06:30:00,384.75,0.38475
2023-07-16 07:30:00,373.15,0.37315
2023-07-16 08:30:00,180.3,0.18030000000000002
2023-07-16 09:30:00,6.2,0.0062
2023-07-16 10:30:00,8.8,0.0088
2023-07-16 11:30:00,0.95,0.00095
2023-07-16 12:30:00,0.0,0.0
2023-07-16 13:30:00,0.0,0.0
2023-07-16 14:30:00,0.0,0.0
2023-07-16 15:30:00,0.0,0.0
2023-07-16 16:30:00,0.0,0.0
2023-07-16 17:30:00,0.0,0.0
2023-07-16 18:30:00,0.0,0.0
2023-07-16 19:30:00,0.0,0.0
2023-07-16 20:30:00,0.0,0.0
2023-07-16 21:30:00,0.0,0.0
2023-07-16 22:30:00,0.0,0.0
2023-07-16 23:30:00,0.0,0.0
2023-07-17 00:30:00,0.0,0.0
2023-07-17 01:30:00,9.2,0.0092
2023-07-17 02:30:00,5.4,0.0054
2023-07-17 03:30:00,31.25,0.03125
2023-07-17 04:30:00,107.35,0.10735
2023-07-17 05:30:00,79.2,0.0792
2023-07-17 06:30:00,44.1,0.0441
2023-07-17 07:30:00,15.7,0.0157
2023-07-17 08:30:00,68.65,0.06865
2023-07-17 09:30:00,113.8,0.1138
2023-07-17 10:30:00,79.4,0.07940000000000001
2023-07-17 11:30:00,57.55,0.05755
2023-07-17 12:30:00,15.8,0.0158
2023-07-17 13:30:00,0.0,0.0
2023-07-17 14:30:00,0.0,0.0
2023-07-17 15:30:00,0.0,0.0
2023-07-17 16:30:00,0.0,0.0
2023-07-17 17:30:00,0.0,0.0
2023-07-17 18:30:00,0.0,0.0
2023-07-17 19:30:00,0.0,0.0
2023-07-17 20:30:00,0.0,0.0
2023-07-17 21:30:00,0.0,0.0
2023-07-17 22:30:00,0.0,0.0
2023-07-17 23:30:00,0.0,0.0
2023-07-18 00:30:00,0.0,0.0
2023-07-18 01:30:00,0.35,0.00035
2023-07-18 02:30:00,0.35,0.00035
2023-07-18 03:30:00,0.35,0.00035
2023-07-18 04:30:00,0.1,0.0001
2023-07-18 05:30:00,0.0,0.0
2023-07-18 06:30:00,9.2,0.0092
2023-07-18 07:30:00,4.6,0.0046
2023-07-18 08:30:00,0.0,0.0
2023-07-18 09:30:00,2.0,0.002
2023-07-18 10:30:00,1.0,0.001
2023-07-18 11:30:00,0.7,0.0007
2023-07-18 12:30:00,0.15,0.00015
2023-07-18 13:30:00,0.0,0.0
2023-07-18 14:30:00,0.0,0.0
2023-07-18 15:30:00,0.0,0.0
2023-07-18 16:30:00,0.0,0.0
2023-07-18 17:30:00,0.0,0.0
2023-07-18 18:30:00,0.0,0.0
2023-07-18 19:30:00,0.0,0.0
2023-07-18 20:30:00,0.0,0.0
2023-07-18 21:30:00,0.0,0.0
2023-07-18 22:30:00,0.0,0.0
2023-07-18 23:30:00,0.0,0.0
2023-07-19 00:30:00,0.0,0.0
2023-07-19 01:30:00,0.0,0.0
2023-07-19 02:30:00,0.0,0.0
2023-07-19 03:30:00,0.0,0.0
2023-07-19 04:30:00,7.2,0.0072
2023-07-19 05:30:00,1.0,0.001
2023-07-19 06:30:00,12.1,0.0121
2023-07-19 07:30:00,91.45,0.09145
2023-07-19 08:30:00,16.55,0.016550000000000002
2023-07-19 09:30:00,34.05,0.03405
2023-07-19 10:30:00,34.1,0.0341
2023-07-19 11:30:00,47.0,0.047
2023-07-19 12:30:00,0.1,0.0001
2023-07-19 13:30:00,0.0,0.0
2023-07-19 14:30:00,0.0,0.0
2023-07-19 15:30:00,0.0,0.0
2023-07-19 16:30:00,0.0,0.0
2023-07-19 17:30:00,0.0,0.0
2023-07-19 18:30:00,0.0,0.0
2023-07-19 19:30:00,0.0,0.0
2023-07-19 20:30:00,0.0,0.0
2023-07-19 21:30:00,0.0,0.0
2023-07-19 22:30:00,0.0,0.0
2023-07-19 23:30:00,0.0,0.0
2023-07-20 00:30:00,0.0,0.0
2023-07-20 01:30:00,5.7,0.0057
2023-07-20 02:30:00,9.25,0.00925
2023-07-20 03:30:00,24.85,0.02485
2023-07-20 04:30:00,34.8,0.0348
2023-07-20 05:30:00,30.3,0.0303
2023-07-20 06:30:00,108.85,0.10884999999999999
2023-07-20 07:30:00,38.4,0.0384
2023-07-20 08:30:00,134.5,0.1345
2023-07-20 09:30:00,57.3,0.0573
2023-07-20 10:30:00,65.65,0.06565
2023-07-20 11:30:00,36.0,0.036
2023-07-20 12:30:00,2.95,0.0029500000000000004
2023-07-20 13:30:00,0.0,0.0
2023-07-20 14:30:00,0.0,0.0
2023-07-20 15:30:00,0.0,0.0
2023-07-20 16:30:00,0.0,0.0
2023-07-20 17:30:00,0.0,0.0
2023-07-20 18:30:00,0.0,0.0
2023-07-20 19:30:00,0.0,0.0
2023-07-20 20:30:00,0.0,0.0
2023-07-20 21:30:00,0.0,0.0
2023-07-20 22:30:00,0.0,0.0
2023-07-20 23:30:00,0.0,0.0
2023-07-21 00:30:00,0.0,0.0
2023-07-21 01:30:00,0.2,0.0002
2023-07-21 02:30:00,1.45,0.00145
2023-07-21 03:30:00,3.5,0.0035
2023-07-21 04:30:00,189.05,0.18905000000000002
2023-07-21 05:30:00,157.05,0.15705000000000002
2023-07-21 06:30:00,75.4,0.07540000000000001
2023-07-21 07:30:00,119.7,0.1197
2023-07-21 08:30:00,24.4,0.024399999999999998
2023-07-21 09:30:00,43.5,0.0435
2023-07-21 10:30:00,13.2,0.0132
2023-07-21 11:30:00,16.7,0.0167
2023-07-21 12:30:00,0.0,0.0
2023-07-21 13:30:00,0.0,0.0
2023-07-21 14:30:00,0.0,0.0
2023-07-21 15:30:00,0.0,0.0
2023-07-21 16:30:00,0.0,0.0
2023-07-21 17:30:00,0.0,0.0
2023-07-21 18:30:00,0.0,0.0
2023-07-21 19:30:00,0.0,0.0
2023-07-21 20:30:00,0.0,0.0
2023-07-21 21:30:00,0.0,0.0
2023-07-21 22:30:00,0.0,0.0
2023-07-21 23:30:00,0.0,0.0
2023-07-22 00:30:00,0.0,0.0
2023-07-22 01:30:00,0.15,0.00015
2023-07-22 02:30:00,0.55,0.00055
2023-07-22 03:30:00,9.75,0.00975
2023-07-22 04:30:00,16.4,0.016399999999999998
2023-07-22 05:30:00,17.1,0.0171
2023-07-22 06:30:00,35.25,0.03525
2023-07-22 07:30:00,3.35,0.00335
2023-07-22 08:30:00,20.1,0.0201
2023-07-22 09:30:00,13.65,0.01365
2023-07-22 10:30:00,0.65,0.00065
2023-07-22 11:30:00,0.25,0.00025
2023-07-22 12:30:00,0.3,0.0003
2023-07-22 13:30:00,0.0,0.0
2023-07-22 14:30:00,0.0,0.0
2023-07-22 15:30:00,0.0,0.0
2023-07-22 16:30:00,0.0,0.0
2023-07-22 17:30:00,0.0,0.0
2023-07-22 18:30:00,0.0,0.0
2023-07-22 19:30:00,0.0,0.0
2023-07-22 20:30:00,0.0,0.0
2023-07-22 21:30:00,0.0,0.0
2023-07-22 22:30:00,0.0,0.0
2023-07-22 23:30:00,0.0,0.0
2023-07-23 00:30:00,0.0,0.0
2023-07-23 01:30:00,0.1,0.0001
2023-07-23 02:30:00,0.75,0.00075
2023-07-23 03:30:00,0.5,0.0005
2023-07-23 04:30:00,2.95,0.0029500000000000004
2023-07-23 05:30:00,0.4,0.0004
2023-07-23 06:30:00,47.2,0.047200000000000006
2023-07-23 07:30:00,287.5,0.2875
2023-07-23 08:30:00,184.2,0.18419999999999997
2023-07-23 09:30:00,45.5,0.0455
2023-07-23 10:30:00,6.35,0.00635
2023-07-23 11:30:00,49.1,0.049100000000000005
2023-07-23 12:30:00,15.9,0.0159
2023-07-23 13:30:00,0.0,0.0
2023-07-23 14:30:00,0.0,0.0
2023-07-23 15:30:00,0.0,0.0
2023-07-23 16:30:00,0.0,0.0
2023-07-23 17:30:00,0.0,0.0
2023-07-23 18:30:00,0.0,0.0
2023-07-23 19:30:00,0.0,0.0
2023-07-23 20:30:00,0.0,0.0
2023-07-23 21:30:00,0.0,0.0
2023-07-23 22:30:00,0.0,0.0
2023-07-23 23:30:00,0.0,0.0
2023-07-24 00:30:00,0.0,0.0
2023-07-24 01:30:00,5.85,0.005849999999999999
2023-07-24 02:30:00,0.35,0.00035
2023-07-24 03:30:00,76.35,0.07635
2023-07-24 04:30:00,96.9,0.0969
2023-07-24 05:30:00,69.7,0.0697
2023-07-24 06:30:00,120.95,0.12095
2023-07-24 07:30:00,278.05,0.27805
2023-07-24 08:30:00,51.45,0.05145
2023-07-24 09:30:00,95.95,0.09595000000000001
2023-07-24 10:30:00,17.0,0.017
2023-07-24 11:30:00,73.1,0.0731
2023-07-24 12:30:00,24.5,0.0245
2023-07-24 13:30:00,0.0,0.0
2023-07-24 14:30:00,0.0,0.0
2023-07-24 15:30:00,0.0,0.0
2023-07-24 16:30:00,0.0,0.0
2023-07-24 17:30:00,0.0,0.0
2023-07-24 18:30:00,0.0,0.0
2023-07-24 19:30:00,0.0,0.0
2023-07-24 20:30:00,0.0,0.0
2023-07-24 21:30:00,0.0,0.0
2023-07-24 22:30:00,0.0,0.0
2023-07-24 23:30:00,0.0,0.0
2023-07-25 00:30:00,0.0,0.0
2023-07-25 01:30:00,0.85,0.00085
2023-07-25 02:30:00,3.05,0.0030499999999999998
2023-07-25 03:30:00,68.5,0.0685
2023-07-25 04:30:00,97.35,0.09734999999999999
2023-07-25 05:30:00,25.35,0.02535
2023-07-25 06:30:00,6.2,0.0062
2023-07-25 07:30:00,19.55,0.01955
2023-07-25 08:30:00,7.5,0.0075
2023-07-25 09:30:00,17.35,0.01735
2023-07-25 10:30:00,0.0,0.0
2023-07-25 11:30:00,0.0,0.0
2023-07-25 12:30:00,0.1,0.0001
2023-07-25 13:30:00,0.0,0.0
2023-07-25 14:30:00,0.0,0.0
2023-07-25 15:30:00,0.0,0.0
2023-07-25 16:30:00,0.0,0.0
2023-07-25 17:30:00,0.0,0.0
2023-07-25 18:30:00,0.0,0.0
2023-07-25 19:30:00,0.0,0.0
2023-07-25 20:30:00,0.0,0.0
2023-07-25 21:30:00,0.0,0.0
2023-07-25 22:30:00,0.0,0.0
2023-07-25 23:30:00,0.0,0.0
2023-07-26 00:30:00,0.0,0.0
2023-07-26 01:30:00,0.0,0.0
2023-07-26 02:30:00,0.25,0.00025
2023-07-26 03:30:00,0.05,5e-05
2023-07-26 04:30:00,1.05,0.0010500000000000002
2023-07-26 05:30:00,9.0,0.009
2023-07-26 06:30:00,1.7,0.0017
2023-07-26 07:30:00,5.85,0.005849999999999999
2023-07-26 08:30:00,9.6,0.0096
2023-07-26 09:30:00,30.85,0.030850000000000002
2023-07-26 10:30:00,23.05,0.02305
2023-07-26 11:30:00,6.1,0.0060999999999999995
2023-07-26 12:30:00,1.2,0.0012
2023-07-26 13:30:00,0.0,0.0
2023-07-26 14:30:00,0.0,0.0
2023-07-26 15:30:00,0.0,0.0
2023-07-26 16:30:00,0.0,0.0
2023-07-26 17:30:00,0.0,0.0
2023-07-26 18:30:00,0.0,0.0
2023-07-26 19:30:00,0.0,0.0
2023-07-26 20:30:00,0.0,0.0
2023-07-26 21:30:00,0.0,0.0
2023-07-26 22:30:00,0.0,0.0
2023-07-26 23:30:00,0.0,0.0
2023-07-27 00:30:00,0.0,0.0
2023-07-27 01:30:00,0.15,0.00015
2023-07-27 02:30:00,2.85,0.00285
2023-07-27 03:30:00,0.15,0.00015
2023-07-27 04:30:00,0.1,0.0001
2023-07-27 05:30:00,0.55,0.00055
2023-07-27 06:30:00,3.75,0.00375
2023-07-27 07:30:00,0.0,0.0
2023-07-27 08:30:00,0.95,0.00095
2023-07-27 09:30:00,0.1,0.0001
2023-07-27 10:30:00,0.3,0.0003
2023-07-27 11:30:00,0.35,0.00035
2023-07-27 12:30:00,0.4,0.0004
2023-07-27 13:30:00,0.0,0.0
2023-07-27 14:30:00,0.0,0.0
2023-07-27 15:30:00,0.0,0.0
2023-07-27 16:30:00,0.0,0.0
2023-07-27 17:30:00,0.0,0.0
2023-07-27 18:30:00,0.0,0.0
2023-07-27 19:30:00,0.0,0.0
2023-07-27 20:30:00,0.0,0.0
2023-07-27 21:30:00,0.0,0.0
2023-07-27 22:30:00,0.0,0.0
2023-07-27 23:30:00,0.0,0.0
2023-07-28 00:30:00,0.0,0.0
2023-07-28 01:30:00,9.65,0.00965
2023-07-28 02:30:00,21.8,0.0218
2023-07-28 03:30:00,64.95,0.06495000000000001
2023-07-28 04:30:00,264.2,0.2642
2023-07-28 05:30:00,338.5,0.3385
2023-07-28 06:30:00,135.2,0.1352
2023-07-28 07:30:00,140.75,0.14075
2023-07-28 08:30:00,90.3,0.09029999999999999
2023-07-28 09:30:00,78.8,0.0788
2023-07-28 10:30:00,55.6,0.055600000000000004
2023-07-28 11:30:00,25.35,0.02535
2023-07-28 12:30:00,9.6,0.0096
2023-07-28 13:30:00,0.0,0.0
2023-07-28 14:30:00,0.0,0.0
2023-07-28 15:30:00,0.0,0.0
2023-07-28 16:30:00,0.0,0.0
2023-07-28 17:30:00,0.0,0.0
2023-07-28 18:30:00,0.0,0.0
2023-07-28 19:30:00,0.0,0.0
2023-07-28 20:30:00,0.0,0.0
2023-07-28 21:30:00,0.0,0.0
2023-07-28 22:30:00,0.0,0.0
2023-07-28 23:30:00,0.0,0.0
2023-07-29 00:30:00,0.0,0.0
2023-07-29 01:30:00,0.45,0.00045
2023-07-29 02:30:00,14.7,0.0147
2023-07-29 03:30:00,35.45,0.03545
2023-07-29 04:30:00,46.9,0.0469
2023-07-29 05:30:00,67.1,0.06709999999999999
2023-07-29 06:30:00,49.85,0.04985
2023-07-29 07:30:00,137.25,0.13725
2023-07-29 08:30:00,11.0,0.011
2023-07-29 09:30:00,101.3,0.1013
2023-07-29 10:30:00,21.1,0.0211
2023-07-29 11:30:00,85.45,0.08545
2023-07-29 12:30:00,3.65,0.00365
2023-07-29 13:30:00,0.0,0.0
2023-07-29 14:30:00,0.0,0.0
2023-07-29 15:30:00,0.0,0.0
2023-07-29 16:30:00,0.0,0.0
2023-07-29 17:30:00,0.0,0.0
2023-07-29 18:30:00,0.0,0.0
2023-07-29 19:30:00,0.0,0.0
2023-07-29 20:30:00,0.0,0.0
2023-07-29 21:30:00,0.0,0.0
2023-07-29 22:30:00,0.0,0.0
2023-07-29 23:30:00,0.0,0.0
2023-07-30 00:30:00,0.0,0.0
2023-07-30 01:30:00,5.05,0.00505
2023-07-30 02:30:00,32.2,0.0322
2023-07-30 03:30:00,192.95,0.19294999999999998
2023-07-30 04:30:00,231.65,0.23165
2023-07-30 05:30:00,214.4,0.2144
2023-07-30 06:30:00,316.2,0.3162
2023-07-30 07:30:00,248.45,0.24844999999999998
2023-07-30 08:30:00,165.2,0.16519999999999999
2023-07-30 09:30:00,399.85,0.39985000000000004
2023-07-30 10:30:00,257.2,0.2572
2023-07-30 11:30:00,124.45,0.12445
2023-07-30 12:30:00,36.0,0.036
2023-07-30 13:30:00,0.0,0.0
2023-07-30 14:30:00,0.0,0.0
2023-07-30 15:30:00,0.0,0.0
2023-07-30 16:30:00,0.0,0.0
2023-07-30 17:30:00,0.0,0.0
2023-07-30 18:30:00,0.0,0.0
2023-07-30 19:30:00,0.0,0.0
2023-07-30 20:30:00,0.0,0.0
2023-07-30 21:30:00,0.0,0.0
2023-07-30 22:30:00,0.0,0.0
2023-07-30 23:30:00,0.0,0.0
2023-07-31 00:30:00,0.0,0.0
2023-07-31 01:30:00,0.3,0.0003
2023-07-31 02:30:00,44.65,0.044649999999999995
2023-07-31 03:30:00,87.7,0.0877
2023-07-31 04:30:00,300.4,0.3004
2023-07-31 05:30:00,366.65,0.36665
2023-07-31 06:30:00,242.7,0.2427
2023-07-31 07:30:00,316.4,0.31639999999999996
2023-07-31 08:30:00,294.3,0.2943
2023-07-31 09:30:00,345.15,0.34514999999999996
2023-07-31 10:30:00,325.25,0.32525
2023-07-31 11:30:00,134.75,0.13475
2023-07-31 12:30:00,16.85,0.01685
2023-07-31 13:30:00,0.0,0.0
2023-07-31 14:30:00,0.0,0.0
2023-07-31 15:30:00,0.0,0.0
2023-07-31 16:30:00,0.0,0.0
2023-07-31 17:30:00,0.0,0.0
2023-07-31 18:30:00,0.0,0.0
2023-07-31 19:30:00,0.0,0.0
2023-07-31 20:30:00,0.0,0.0
2023-07-31 21:30:00,0.0,0.0
2023-07-31 22:30:00,0.0,0.0
2023-07-31 23:30:00,0.0,0.0
2023-08-01 00:30:00,0.0,0.0
2023-08-01 01:30:00,3.1,0.0031
2023-08-01 02:30:00,7.75,0.00775
2023-08-01 03:30:00,71.7,0.0717
2023-08-01 04:30:00,252.7,0.2527
2023-08-01 05:30:00,302.0,0.302
2023-08-01 06:30:00,330.5,0.3305
2023-08-01 07:30:00,373.2,0.3732
2023-08-01 08:30:00,347.3,0.3473
2023-08-01 09:30:00,235.1,0.2351
2023-08-01 10:30:00,227.7,0.22769999999999999
2023-08-01 11:30:00,124.8,0.1248
2023-08-01 12:30:00,38.9,0.0389
2023-08-01 13:30:00,0.0,0.0
2023-08-01 14:30:00,0.0,0.0
2023-08-01 15:30:00,0.0,0.0
2023-08-01 16:30:00,0.0,0.0
2023-08-01 17:30:00,0.0,0.0
2023-08-01 18:30:00,0.0,0.0
2023-08-01 19:30:00,0.0,0.0
2023-08-01 20:30:00,0.0,0.0
2023-08-01 21:30:00,0.0,0.0
2023-08-01 22:30:00,0.0,0.0
2023-08-01 23:30:00,0.0,0.0
2023-08-02 00:30:00,0.0,0.0
2023-08-02 01:30:00,4.4,0.0044
2023-08-02 02:30:00,20.4,0.020399999999999998
2023-08-02 03:30:00,54.45,0.054450000000000005
2023-08-02 04:30:00,139.8,0.1398
2023-08-02 05:30:00,253.35,0.25335
2023-08-02 06:30:00,133.2,0.13319999999999999
2023-08-02 07:30:00,273.25,0.27325
2023-08-02 08:30:00,401.0,0.401
2023-08-02 09:30:00,252.3,0.2523
2023-08-02 10:30:00,165.6,0.1656
2023-08-02 11:30:00,67.1,0.06709999999999999
2023-08-02 12:30:00,12.65,0.01265
2023-08-02 13:30:00,0.0,0.0
2023-08-02 14:30:00,0.0,0.0
2023-08-02 15:30:00,0.0,0.0
2023-08-02 16:30:00,0.0,0.0
2023-08-02 17:30:00,0.0,0.0
2023-08-02 18:30:00,0.0,0.0
2023-08-02 19:30:00,0.0,0.0
2023-08-02 20:30:00,0.0,0.0
2023-08-02 21:30:00,0.0,0.0
2023-08-02 22:30:00,0.0,0.0
2023-08-02 23:30:00,0.0,0.0
2023-08-03 00:30:00,0.0,0.0
2023-08-03 01:30:00,4.4,0.0044
2023-08-03 02:30:00,41.9,0.0419
2023-08-03 03:30:00,100.15,0.10015
2023-08-03 04:30:00,83.7,0.0837
2023-08-03 05:30:00,141.2,0.1412
2023-08-03 06:30:00,199.5,0.1995
2023-08-03 07:30:00,300.5,0.3005
2023-08-03 08:30:00,83.9,0.0839
2023-08-03 09:30:00,100.85,0.10085
2023-08-03 10:30:00,56.35,0.056350000000000004
2023-08-03 11:30:00,20.7,0.0207
2023-08-03 12:30:00,1.7,0.0017
2023-08-03 13:30:00,0.0,0.0
2023-08-03 14:30:00,0.0,0.0
2023-08-03 15:30:00,0.0,0.0
2023-08-03 16:30:00,0.0,0.0
2023-08-03 17:30:00,0.0,0.0
2023-08-03 18:30:00,0.0,0.0
2023-08-03 19:30:00,0.0,0.0
2023-08-03 20:30:00,0.0,0.0
2023-08-03 21:30:00,0.0,0.0
2023-08-03 22:30:00,0.0,0.0
2023-08-03 23:30:00,0.0,0.0
2023-08-04 00:30:00,0.0,0.0
2023-08-04 01:30:00,2.7,0.0027
2023-08-04 02:30:00,9.3,0.009300000000000001
2023-08-04 03:30:00,121.75,0.12175
2023-08-04 04:30:00,153.65,0.15365
2023-08-04 05:30:00,428.55,0.42855
2023-08-04 06:30:00,239.55,0.23955
2023-08-04 07:30:00,174.4,0.1744
2023-08-04 08:30:00,324.45,0.32445
2023-08-04 09:30:00,140.7,0.1407
2023-08-04 10:30:00,135.75,0.13575
2023-08-04 11:30:00,26.95,0.026949999999999998
2023-08-04 12:30:00,14.3,0.0143
2023-08-04 13:30:00,0.0,0.0
2023-08-04 14:30:00,0.0,0.0
2023-08-04 15:30:00,0.0,0.0
2023-08-04 16:30:00,0.0,0.0
2023-08-04 17:30:00,0.0,0.0
2023-08-04 18:30:00,0.0,0.0
2023-08-04 19:30:00,0.0,0.0
2023-08-04 20:30:00,0.0,0.0
2023-08-04 21:30:00,0.0,0.0
2023-08-04 22:30:00,0.0,0.0
2023-08-04 23:30:00,0.0,0.0
2023-08-05 00:30:00,0.0,0.0
2023-08-05 01:30:00,1.65,0.00165
2023-08-05 02:30:00,40.0,0.04
2023-08-05 03:30:00,202.95,0.20295
2023-08-05 04:30:00,328.7,0.3287
2023-08-05 05:30:00,401.0,0.401
2023-08-05 06:30:00,325.65,0.32565
2023-08-05 07:30:00,195.4,0.19540000000000002
2023-08-05 08:30:00,179.6,0.17959999999999998
2023-08-05 09:30:00,185.05,0.18505000000000002
2023-08-05 10:30:00,122.0,0.122
2023-08-05 11:30:00,45.75,0.04575
2023-08-05 12:30:00,44.3,0.0443
2023-08-05 13:30:00,0.0,0.0
2023-08-05 14:30:00,0.0,0.0
2023-08-05 15:30:00,0.0,0.0
2023-08-05 16:30:00,0.0,0.0
2023-08-05 17:30:00,0.0,0.0
2023-08-05 18:30:00,0.0,0.0
2023-08-05 19:30:00,0.0,0.0
2023-08-05 20:30:00,0.0,0.0
2023-08-05 21:30:00,0.0,0.0
2023-08-05 22:30:00,0.0,0.0
2023-08-05 23:30:00,0.0,0.0
2023-08-06 00:30:00,0.0,0.0
2023-08-06 01:30:00,11.8,0.011800000000000001
2023-08-06 02:30:00,81.55,0.08155
2023-08-06 03:30:00,197.25,0.19725
2023-08-06 04:30:00,358.3,0.3583
2023-08-06 05:30:00,324.3,0.32430000000000003
2023-08-06 06:30:00,480.5,0.4805
2023-08-06 07:30:00,477.25,0.47725
2023-08-06 08:30:00,386.2,0.3862
2023-08-06 09:30:00,331.2,0.3312
2023-08-06 10:30:00,166.65,0.16665
2023-08-06 11:30:00,133.35,0.13335
2023-08-06 12:30:00,41.25,0.04125
2023-08-06 13:30:00,0.0,0.0
2023-08-06 14:30:00,0.0,0.0
2023-08-06 15:30:00,0.0,0.0
2023-08-06 16:30:00,0.0,0.0
2023-08-06 17:30:00,0.0,0.0
2023-08-06 18:30:00,0.0,0.0
2023-08-06 19:30:00,0.0,0.0
2023-08-06 20:30:00,0.0,0.0
2023-08-06 21:30:00,0.0,0.0
2023-08-06 22:30:00,0.0,0.0
2023-08-06 23:30:00,0.0,0.0
2023-08-07 00:30:00,0.0,0.0
2023-08-07 01:30:00,5.25,0.00525
2023-08-07 02:30:00,21.8,0.0218
2023-08-07 03:30:00,118.6,0.1186
2023-08-07 04:30:00,200.35,0.20035
2023-08-07 05:30:00,342.05,0.34205
2023-08-07 06:30:00,277.65,0.27764999999999995
2023-08-07 07:30:00,174.3,0.1743
2023-08-07 08:30:00,284.35,0.28435000000000005
2023-08-07 09:30:00,236.75,0.23675
2023-08-07 10:30:00,202.55,0.20255
2023-08-07 11:30:00,105.0,0.105
2023-08-07 12:30:00,28.05,0.028050000000000002
2023-08-07 13:30:00,0.0,0.0
2023-08-07 14:30:00,0.0,0.0
2023-08-07 15:30:00,0.0,0.0
2023-08-07 16:30:00,0.0,0.0
2023-08-07 17:30:00,0.0,0.0
2023-08-07 18:30:00,0.0,0.0
2023-08-07 19:30:00,0.0,0.0
2023-08-07 20:30:00,0.0,0.0
2023-08-07 21:30:00,0.0,0.0
2023-08-07 22:30:00,0.0,0.0
2023-08-07 23:30:00,0.0,0.0
2023-08-08 00:30:00,0.0,0.0
2023-08-08 01:30:00,3.1,0.0031
2023-08-08 02:30:00,22.9,0.0229
2023-08-08 03:30:00,156.2,0.15619999999999998
2023-08-08 04:30:00,305.95,0.30595
2023-08-08 05:30:00,305.3,0.3053
2023-08-08 06:30:00,448.0,0.448
2023-08-08 07:30:00,345.05,0.34505
2023-08-08 08:30:00,452.9,0.45289999999999997
2023-08-08 09:30:00,263.55,0.26355
2023-08-08 10:30:00,231.35,0.23135
2023-08-08 11:30:00,111.8,0.1118
2023-08-08 12:30:00,28.85,0.02885
2023-08-08 13:30:00,0.0,0.0
2023-08-08 14:30:00,0.0,0.0
2023-08-08 15:30:00,0.0,0.0
2023-08-08 16:30:00,0.0,0.0
2023-08-08 17:30:00,0.0,0.0
2023-08-08 18:30:00,0.0,0.0
2023-08-08 19:30:00,0.0,0.0
2023-08-08 20:30:00,0.0,0.0
2023-08-08 21:30:00,0.0,0.0
2023-08-08 22:30:00,0.0,0.0
2023-08-08 23:30:00,0.0,0.0
2023-08-09 00:30:00,0.0,0.0
2023-08-09 01:30:00,13.2,0.0132
2023-08-09 02:30:00,76.3,0.07629999999999999
2023-08-09 03:30:00,92.6,0.09259999999999999
2023-08-09 04:30:00,222.7,0.22269999999999998
2023-08-09 05:30:00,277.55,0.27755
2023-08-09 06:30:00,259.25,0.25925
2023-08-09 07:30:00,280.1,0.2801
2023-08-09 08:30:00,420.4,0.4204
2023-08-09 09:30:00,240.8,0.24080000000000001
2023-08-09 10:30:00,114.7,0.1147
2023-08-09 11:30:00,56.85,0.056850000000000005
2023-08-09 12:30:00,30.2,0.030199999999999998
2023-08-09 13:30:00,0.0,0.0
2023-08-09 14:30:00,0.0,0.0
2023-08-09 15:30:00,0.0,0.0
2023-08-09 16:30:00,0.0,0.0
2023-08-09 17:30:00,0.0,0.0
2023-08-09 18:30:00,0.0,0.0
2023-08-09 19:30:00,0.0,0.0
2023-08-09 20:30:00,0.0,0.0
2023-08-09 21:30:00,0.0,0.0
2023-08-09 22:30:00,0.0,0.0
2023-08-09 23:30:00,0.0,0.0
2023-08-10 00:30:00,0.0,0.0
2023-08-10 01:30:00,4.5,0.0045
2023-08-10 02:30:00,71.05,0.07105
2023-08-10 03:30:00,160.1,0.1601
2023-08-10 04:30:00,155.4,0.1554
2023-08-10 05:30:00,192.4,0.19240000000000002
2023-08-10 06:30:00,390.65,0.39065
2023-08-10 07:30:00,361.15,0.36114999999999997
2023-08-10 08:30:00,415.05,0.41505000000000003
2023-08-10 09:30:00,417.35,0.41735
2023-08-10 10:30:00,211.0,0.211
2023-08-10 11:30:00,150.85,0.15084999999999998
2023-08-10 12:30:00,44.85,0.04485
2023-08-10 13:30:00,0.0,0.0
2023-08-10 14:30:00,0.0,0.0
2023-08-10 15:30:00,0.0,0.0
2023-08-10 16:30:00,0.0,0.0
2023-08-10 17:30:00,0.0,0.0
2023-08-10 18:30:00,0.0,0.0
2023-08-10 19:30:00,0.0,0.0
2023-08-10 20:30:00,0.0,0.0
2023-08-10 21:30:00,0.0,0.0
2023-08-10 22:30:00,0.0,0.0
2023-08-10 23:30:00,0.0,0.0
2023-08-11 00:30:00,0.0,0.0
2023-08-11 01:30:00,16.3,0.016300000000000002
2023-08-11 02:30:00,88.55,0.08855
2023-08-11 03:30:00,185.7,0.18569999999999998
2023-08-11 04:30:00,232.9,0.2329
2023-08-11 05:30:00,319.2,0.3192
2023-08-11 06:30:00,458.95,0.45894999999999997
2023-08-11 07:30:00,621.35,0.6213500000000001
2023-08-11 08:30:00,499.9,0.49989999999999996
2023-08-11 09:30:00,417.75,0.41775
2023-08-11 10:30:00,354.65,0.35464999999999997
2023-08-11 11:30:00,179.3,0.17930000000000001
2023-08-11 12:30:00,39.75,0.03975
2023-08-11 13:30:00,0.0,0.0
2023-08-11 14:30:00,0.0,0.0
2023-08-11 15:30:00,0.0,0.0
2023-08-11 16:30:00,0.0,0.0
2023-08-11 17:30:00,0.0,0.0
2023-08-11 18:30:00,0.0,0.0
2023-08-11 19:30:00,0.0,0.0
2023-08-11 20:30:00,0.0,0.0
2023-08-11 21:30:00,0.0,0.0
2023-08-11 22:30:00,0.0,0.0
2023-08-11 23:30:00,0.0,0.0
2023-08-12 00:30:00,0.0,0.0
2023-08-12 01:30:00,11.25,0.01125
2023-08-12 02:30:00,118.4,0.1184
2023-08-12 03:30:00,171.25,0.17125
2023-08-12 04:30:00,276.9,0.2769
2023-08-12 05:30:00,416.5,0.4165
2023-08-12 06:30:00,434.05,0.43405
2023-08-12 07:30:00,297.85,0.29785
2023-08-12 08:30:00,321.75,0.32175
2023-08-12 09:30:00,313.5,0.3135
2023-08-12 10:30:00,132.25,0.13225
2023-08-12 11:30:00,79.65,0.07965000000000001
2023-08-12 12:30:00,32.75,0.03275
2023-08-12 13:30:00,0.0,0.0
2023-08-12 14:30:00,0.0,0.0
2023-08-12 15:30:00,0.0,0.0
2023-08-12 16:30:00,0.0,0.0
2023-08-12 17:30:00,0.0,0.0
2023-08-12 18:30:00,0.0,0.0
2023-08-12 19:30:00,0.0,0.0
2023-08-12 20:30:00,0.0,0.0
2023-08-12 21:30:00,0.0,0.0
2023-08-12 22:30:00,0.0,0.0
2023-08-12 23:30:00,0.0,0.0
2023-08-13 00:30:00,0.0,0.0
2023-08-13 01:30:00,9.2,0.0092
2023-08-13 02:30:00,112.65,0.11265
2023-08-13 03:30:00,224.95,0.22494999999999998
2023-08-13 04:30:00,276.1,0.2761
2023-08-13 05:30:00,312.85,0.31285
2023-08-13 06:30:00,447.7,0.4477
2023-08-13 07:30:00,478.95,0.47895
2023-08-13 08:30:00,226.7,0.22669999999999998
2023-08-13 09:30:00,343.9,0.3439
2023-08-13 10:30:00,258.6,0.2586
2023-08-13 11:30:00,147.8,0.14780000000000001
2023-08-13 12:30:00,32.45,0.03245
2023-08-13 13:30:00,0.0,0.0
2023-08-13 14:30:00,0.0,0.0
2023-08-13 15:30:00,0.0,0.0
2023-08-13 16:30:00,0.0,0.0
2023-08-13 17:30:00,0.0,0.0
2023-08-13 18:30:00,0.0,0.0
2023-08-13 19:30:00,0.0,0.0
2023-08-13 20:30:00,0.0,0.0
2023-08-13 21:30:00,0.0,0.0
2023-08-13 22:30:00,0.0,0.0
2023-08-13 23:30:00,0.0,0.0
2023-08-14 00:30:00,0.0,0.0
2023-08-14 01:30:00,13.05,0.01305
2023-08-14 02:30:00,78.6,0.07859999999999999
2023-08-14 03:30:00,187.25,0.18725
2023-08-14 04:30:00,367.6,0.36760000000000004
2023-08-14 05:30:00,436.65,0.43665
2023-08-14 06:30:00,444.35,0.44435
2023-08-14 07:30:00,468.25,0.46825
2023-08-14 08:30:00,312.15,0.31215
2023-08-14 09:30:00,301.65,0.30165
2023-08-14 10:30:00,202.75,0.20275
2023-08-14 11:30:00,122.3,0.12229999999999999
2023-08-14 12:30:00,38.45,0.038450000000000005
2023-08-14 13:30:00,0.0,0.0
2023-08-14 14:30:00,0.0,0.0
2023-08-14 15:30:00,0.0,0.0
2023-08-14 16:30:00,0.0,0.0
2023-08-14 17:30:00,0.0,0.0
2023-08-14 18:30:00,0.0,0.0
2023-08-14 19:30:00,0.0,0.0
2023-08-14 20:30:00,0.0,0.0
2023-08-14 21:30:00,0.0,0.0
2023-08-14 22:30:00,0.0,0.0
2023-08-14 23:30:00,0.0,0.0
2023-08-15 00:30:00,0.0,0.0
2023-08-15 01:30:00,6.55,0.006549999999999999
2023-08-15 02:30:00,27.05,0.02705
2023-08-15 03:30:00,86.05,0.08605
2023-08-15 04:30:00,152.65,0.15265
2023-08-15 05:30:00,201.0,0.201
2023-08-15 06:30:00,199.05,0.19905
2023-08-15 07:30:00,249.65,0.24965
2023-08-15 08:30:00,335.25,0.33525
2023-08-15 09:30:00,259.15,0.25915
2023-08-15 10:30:00,226.8,0.2268
2023-08-15 11:30:00,130.7,0.13069999999999998
2023-08-15 12:30:00,18.45,0.018449999999999998
2023-08-15 13:30:00,0.0,0.0
2023-08-15 14:30:00,0.0,0.0
2023-08-15 15:30:00,0.0,0.0
2023-08-15 16:30:00,0.0,0.0
2023-08-15 17:30:00,0.0,0.0
2023-08-15 18:30:00,0.0,0.0
2023-08-15 19:30:00,0.0,0.0
2023-08-15 20:30:00,0.0,0.0
2023-08-15 21:30:00,0.0,0.0
2023-08-15 22:30:00,0.0,0.0
2023-08-15 23:30:00,0.0,0.0
2023-08-16 00:30:00,0.0,0.0
2023-08-16 01:30:00,6.15,0.00615
2023-08-16 02:30:00,83.55,0.08355
2023-08-16 03:30:00,160.35,0.16035
2023-08-16 04:30:00,276.0,0.276
2023-08-16 05:30:00,312.0,0.312
2023-08-16 06:30:00,371.0,0.371
2023-08-16 07:30:00,442.3,0.4423
2023-08-16 08:30:00,469.7,0.4697
2023-08-16 09:30:00,316.85,0.31685
2023-08-16 10:30:00,234.8,0.2348
2023-08-16 11:30:00,158.1,0.1581
2023-08-16 12:30:00,36.8,0.0368
2023-08-16 13:30:00,0.0,0.0
2023-08-16 14:30:00,0.0,0.0
2023-08-16 15:30:00,0.0,0.0
2023-08-16 16:30:00,0.0,0.0
2023-08-16 17:30:00,0.0,0.0
2023-08-16 18:30:00,0.0,0.0
2023-08-16 19:30:00,0.0,0.0
2023-08-16 20:30:00,0.0,0.0
2023-08-16 21:30:00,0.0,0.0
2023-08-16 22:30:00,0.0,0.0
2023-08-16 23:30:00,0.0,0.0
2023-08-17 00:30:00,0.0,0.0
2023-08-17 01:30:00,2.8,0.0028
2023-08-17 02:30:00,75.9,0.07590000000000001
2023-08-17 03:30:00,201.6,0.2016
2023-08-17 04:30:00,190.7,0.19069999999999998
2023-08-17 05:30:00,194.9,0.19490000000000002
2023-08-17 06:30:00,365.7,0.36569999999999997
2023-08-17 07:30:00,280.3,0.2803
2023-08-17 08:30:00,251.4,0.2514
2023-08-17 09:30:00,283.3,0.2833
2023-08-17 10:30:00,187.0,0.187
2023-08-17 11:30:00,144.5,0.1445
2023-08-17 12:30:00,43.0,0.043
2023-08-17 13:30:00,0.0,0.0
2023-08-17 14:30:00,0.0,0.0
2023-08-17 15:30:00,0.0,0.0
2023-08-17 16:30:00,0.0,0.0
2023-08-17 17:30:00,0.0,0.0
2023-08-17 18:30:00,0.0,0.0
2023-08-17 19:30:00,0.0,0.0
2023-08-17 20:30:00,0.0,0.0
2023-08-17 21:30:00,0.0,0.0
2023-08-17 22:30:00,0.0,0.0
2023-08-17 23:30:00,0.0,0.0
2023-08-18 00:30:00,0.0,0.0
2023-08-18 01:30:00,14.55,0.01455
2023-08-18 02:30:00,91.9,0.09190000000000001
2023-08-18 03:30:00,146.1,0.1461
2023-08-18 04:30:00,131.2,0.13119999999999998
2023-08-18 05:30:00,53.5,0.0535
2023-08-18 06:30:00,119.95,0.11995
2023-08-18 07:30:00,82.2,0.08220000000000001
2023-08-18 08:30:00,64.45,0.06445000000000001
2023-08-18 09:30:00,178.05,0.17805
2023-08-18 10:30:00,32.7,0.0327
2023-08-18 11:30:00,5.4,0.0054
2023-08-18 12:30:00,0.75,0.00075
2023-08-18 13:30:00,0.0,0.0
2023-08-18 14:30:00,0.0,0.0
2023-08-18 15:30:00,0.0,0.0
2023-08-18 16:30:00,0.0,0.0
2023-08-18 17:30:00,0.0,0.0
2023-08-18 18:30:00,0.0,0.0
2023-08-18 19:30:00,0.0,0.0
2023-08-18 20:30:00,0.0,0.0
2023-08-18 21:30:00,0.0,0.0
2023-08-18 22:30:00,0.0,0.0
2023-08-18 23:30:00,0.0,0.0
2023-08-19 00:30:00,0.0,0.0
2023-08-19 01:30:00,2.15,0.00215
2023-08-19 02:30:00,0.5,0.0005
2023-08-19 03:30:00,0.2,0.0002
2023-08-19 04:30:00,0.0,0.0
2023-08-19 05:30:00,2.25,0.00225
2023-08-19 06:30:00,157.55,0.15755000000000002
2023-08-19 07:30:00,126.8,0.1268
2023-08-19 08:30:00,144.2,0.1442
2023-08-19 09:30:00,46.9,0.0469
2023-08-19 10:30:00,2.6,0.0026
2023-08-19 11:30:00,3.35,0.00335
2023-08-19 12:30:00,3.05,0.0030499999999999998
2023-08-19 13:30:00,0.0,0.0
2023-08-19 14:30:00,0.0,0.0
2023-08-19 15:30:00,0.0,0.0
2023-08-19 16:30:00,0.0,0.0
2023-08-19 17:30:00,0.0,0.0
2023-08-19 18:30:00,0.0,0.0
2023-08-19 19:30:00,0.0,0.0
2023-08-19 20:30:00,0.0,0.0
2023-08-19 21:30:00,0.0,0.0
2023-08-19 22:30:00,0.0,0.0
2023-08-19 23:30:00,0.0,0.0
2023-08-20 00:30:00,0.0,0.0
2023-08-20 01:30:00,5.6,0.0056
2023-08-20 02:30:00,89.75,0.08975
2023-08-20 03:30:00,211.45,0.21145
2023-08-20 04:30:00,228.15,0.22815000000000002
2023-08-20 05:30:00,399.55,0.39955
2023-08-20 06:30:00,538.3,0.5383
2023-08-20 07:30:00,469.95,0.46995
2023-08-20 08:30:00,392.75,0.39275
2023-08-20 09:30:00,375.9,0.37589999999999996
2023-08-20 10:30:00,231.4,0.2314
2023-08-20 11:30:00,65.2,0.06520000000000001
2023-08-20 12:30:00,37.6,0.0376
2023-08-20 13:30:00,0.0,0.0
2023-08-20 14:30:00,0.0,0.0
2023-08-20 15:30:00,0.0,0.0
2023-08-20 16:30:00,0.0,0.0
2023-08-20 17:30:00,0.0,0.0
2023-08-20 18:30:00,0.0,0.0
2023-08-20 19:30:00,0.0,0.0
2023-08-20 20:30:00,0.0,0.0
2023-08-20 21:30:00,0.0,0.0
2023-08-20 22:30:00,0.0,0.0
2023-08-20 23:30:00,0.0,0.0
2023-08-21 00:30:00,0.0,0.0
2023-08-21 01:30:00,5.3,0.0053
2023-08-21 02:30:00,82.3,0.0823
2023-08-21 03:30:00,180.25,0.18025
2023-08-21 04:30:00,206.25,0.20625
2023-08-21 05:30:00,275.9,0.2759
2023-08-21 06:30:00,435.75,0.43575
2023-08-21 07:30:00,540.6,0.5406
2023-08-21 08:30:00,463.5,0.4635
2023-08-21 09:30:00,351.75,0.35175
2023-08-21 10:30:00,202.7,0.2027
2023-08-21 11:30:00,109.25,0.10925
2023-08-21 12:30:00,30.05,0.03005
2023-08-21 13:30:00,0.0,0.0
2023-08-21 14:30:00,0.0,0.0
2023-08-21 15:30:00,0.0,0.0
2023-08-21 16:30:00,0.0,0.0
2023-08-21 17:30:00,0.0,0.0
2023-08-21 18:30:00,0.0,0.0
2023-08-21 19:30:00,0.0,0.0
2023-08-21 20:30:00,0.0,0.0
2023-08-21 21:30:00,0.0,0.0
2023-08-21 22:30:00,0.0,0.0
2023-08-21 23:30:00,0.0,0.0
2023-08-22 00:30:00,0.0,0.0
2023-08-22 01:30:00,12.1,0.0121
2023-08-22 02:30:00,104.0,0.104
2023-08-22 03:30:00,174.3,0.1743
2023-08-22 04:30:00,262.05,0.26205
2023-08-22 05:30:00,393.35,0.39335000000000003
2023-08-22 06:30:00,379.75,0.37975
2023-08-22 07:30:00,447.9,0.44789999999999996
2023-08-22 08:30:00,364.65,0.36465
2023-08-22 09:30:00,274.15,0.27415
2023-08-22 10:30:00,233.7,0.2337
2023-08-22 11:30:00,89.05,0.08904999999999999
2023-08-22 12:30:00,27.6,0.027600000000000003
2023-08-22 13:30:00,0.0,0.0
2023-08-22 14:30:00,0.0,0.0
2023-08-22 15:30:00,0.0,0.0
2023-08-22 16:30:00,0.0,0.0
2023-08-22 17:30:00,0.0,0.0
2023-08-22 18:30:00,0.0,0.0
2023-08-22 19:30:00,0.0,0.0
2023-08-22 20:30:00,0.0,0.0
2023-08-22 21:30:00,0.0,0.0
2023-08-22 22:30:00,0.0,0.0
2023-08-22 23:30:00,0.0,0.0
2023-08-23 00:30:00,0.0,0.0
2023-08-23 01:30:00,8.7,0.0087
2023-08-23 02:30:00,69.0,0.069
2023-08-23 03:30:00,171.85,0.17185
2023-08-23 04:30:00,232.1,0.2321
2023-08-23 05:30:00,140.45,0.14045
2023-08-23 06:30:00,350.4,0.3504
2023-08-23 07:30:00,499.05,0.49905
2023-08-23 08:30:00,404.65,0.40464999999999995
2023-08-23 09:30:00,430.0,0.43
2023-08-23 10:30:00,287.7,0.2877
2023-08-23 11:30:00,138.8,0.1388
2023-08-23 12:30:00,27.3,0.0273
2023-08-23 13:30:00,0.0,0.0
2023-08-23 14:30:00,0.0,0.0
2023-08-23 15:30:00,0.0,0.0
2023-08-23 16:30:00,0.0,0.0
2023-08-23 17:30:00,0.0,0.0
2023-08-23 18:30:00,0.0,0.0
2023-08-23 19:30:00,0.0,0.0
2023-08-23 20:30:00,0.0,0.0
2023-08-23 21:30:00,0.0,0.0
2023-08-23 22:30:00,0.0,0.0
2023-08-23 23:30:00,0.0,0.0
2023-08-24 00:30:00,0.0,0.0
2023-08-24 01:30:00,11.2,0.0112
2023-08-24 02:30:00,86.5,0.0865
2023-08-24 03:30:00,131.6,0.1316
2023-08-24 04:30:00,227.7,0.22769999999999999
2023-08-24 05:30:00,239.3,0.2393
2023-08-24 06:30:00,503.4,0.5034
2023-08-24 07:30:00,370.5,0.3705
2023-08-24 08:30:00,471.55,0.47155
2023-08-24 09:30:00,271.05,0.27105
2023-08-24 10:30:00,249.25,0.24925
2023-08-24 11:30:00,145.8,0.1458
2023-08-24 12:30:00,25.6,0.0256
2023-08-24 13:30:00,0.0,0.0
2023-08-24 14:30:00,0.0,0.0
2023-08-24 15:30:00,0.0,0.0
2023-08-24 16:30:00,0.0,0.0
2023-08-24 17:30:00,0.0,0.0
2023-08-24 18:30:00,0.0,0.0
2023-08-24 19:30:00,0.0,0.0
2023-08-24 20:30:00,0.0,0.0
2023-08-24 21:30:00,0.0,0.0
2023-08-24 22:30:00,0.0,0.0
2023-08-24 23:30:00,0.0,0.0
2023-08-25 00:30:00,0.0,0.0
2023-08-25 01:30:00,1.8,0.0018
2023-08-25 02:30:00,16.8,0.016800000000000002
2023-08-25 03:30:00,92.0,0.092
2023-08-25 04:30:00,204.85,0.20485
2023-08-25 05:30:00,255.2,0.2552
2023-08-25 06:30:00,336.8,0.3368
2023-08-25 07:30:00,399.8,0.3998
2023-08-25 08:30:00,351.6,0.3516
2023-08-25 09:30:00,160.35,0.16035
2023-08-25 10:30:00,132.2,0.13219999999999998
2023-08-25 11:30:00,70.9,0.0709
2023-08-25 12:30:00,24.8,0.0248
2023-08-25 13:30:00,0.0,0.0
2023-08-25 14:30:00,0.0,0.0
2023-08-25 15:30:00,0.0,0.0
2023-08-25 16:30:00,0.0,0.0
2023-08-25 17:30:00,0.0,0.0
2023-08-25 18:30:00,0.0,0.0
2023-08-25 19:30:00,0.0,0.0
2023-08-25 20:30:00,0.0,0.0
2023-08-25 21:30:00,0.0,0.0
2023-08-25 22:30:00,0.0,0.0
2023-08-25 23:30:00,0.0,0.0
2023-08-26 00:30:00,0.0,0.0
2023-08-26 01:30:00,20.1,0.0201
2023-08-26 02:30:00,87.85,0.08785
2023-08-26 03:30:00,237.45,0.23745
2023-08-26 04:30:00,361.2,0.36119999999999997
2023-08-26 05:30:00,491.2,0.49119999999999997
2023-08-26 06:30:00,514.0,0.514
2023-08-26 07:30:00,510.65,0.5106499999999999
2023-08-26 08:30:00,372.75,0.37275
2023-08-26 09:30:00,386.45,0.38645
2023-08-26 10:30:00,231.85,0.23185
2023-08-26 11:30:00,115.95,0.11595
2023-08-26 12:30:00,24.4,0.024399999999999998
2023-08-26 13:30:00,0.0,0.0
2023-08-26 14:30:00,0.0,0.0
2023-08-26 15:30:00,0.0,0.0
2023-08-26 16:30:00,0.0,0.0
2023-08-26 17:30:00,0.0,0.0
2023-08-26 18:30:00,0.0,0.0
2023-08-26 19:30:00,0.0,0.0
2023-08-26 20:30:00,0.0,0.0
2023-08-26 21:30:00,0.0,0.0
2023-08-26 22:30:00,0.0,0.0
2023-08-26 23:30:00,0.0,0.0
2023-08-27 00:30:00,0.0,0.0
2023-08-27 01:30:00,16.5,0.0165
2023-08-27 02:30:00,81.05,0.08105
2023-08-27 03:30:00,146.15,0.14615
2023-08-27 04:30:00,270.7,0.2707
2023-08-27 05:30:00,467.7,0.4677
2023-08-27 06:30:00,463.15,0.46314999999999995
2023-08-27 07:30:00,395.3,0.3953
2023-08-27 08:30:00,466.7,0.4667
2023-08-27 09:30:00,310.55,0.31055
2023-08-27 10:30:00,211.3,0.21130000000000002
2023-08-27 11:30:00,138.15,0.13815
2023-08-27 12:30:00,29.8,0.0298
2023-08-27 13:30:00,0.0,0.0
2023-08-27 14:30:00,0.0,0.0
2023-08-27 15:30:00,0.0,0.0
2023-08-27 16:30:00,0.0,0.0
2023-08-27 17:30:00,0.0,0.0
2023-08-27 18:30:00,0.0,0.0
2023-08-27 19:30:00,0.0,0.0
2023-08-27 20:30:00,0.0,0.0
2023-08-27 21:30:00,0.0,0.0
2023-08-27 22:30:00,0.0,0.0
2023-08-27 23:30:00,0.0,0.0
2023-08-28 00:30:00,0.0,0.0
2023-08-28 01:30:00,12.2,0.012199999999999999
2023-08-28 02:30:00,66.9,0.0669
2023-08-28 03:30:00,136.05,0.13605
2023-08-28 04:30:00,311.9,0.31189999999999996
2023-08-28 05:30:00,351.05,0.35105000000000003
2023-08-28 06:30:00,388.65,0.38865
2023-08-28 07:30:00,494.65,0.49465
2023-08-28 08:30:00,447.05,0.44705
2023-08-28 09:30:00,370.75,0.37075
2023-08-28 10:30:00,316.8,0.3168
2023-08-28 11:30:00,96.0,0.096
2023-08-28 12:30:00,31.4,0.0314
2023-08-28 13:30:00,0.0,0.0
2023-08-28 14:30:00,0.0,0.0
2023-08-28 15:30:00,0.0,0.0
2023-08-28 16:30:00,0.0,0.0
2023-08-28 17:30:00,0.0,0.0
2023-08-28 18:30:00,0.0,0.0
2023-08-28 19:30:00,0.0,0.0
2023-08-28 20:30:00,0.0,0.0
2023-08-28 21:30:00,0.0,0.0
2023-08-28 22:30:00,0.0,0.0
2023-08-28 23:30:00,0.0,0.0
2023-08-29 00:30:00,0.0,0.0
2023-08-29 01:30:00,5.85,0.005849999999999999
2023-08-29 02:30:00,47.95,0.04795
2023-08-29 03:30:00,185.4,0.1854
2023-08-29 04:30:00,197.65,0.19765
2023-08-29 05:30:00,271.1,0.2711
2023-08-29 06:30:00,435.4,0.43539999999999995
2023-08-29 07:30:00,393.65,0.39365
2023-08-29 08:30:00,428.85,0.42885
2023-08-29 09:30:00,315.0,0.315
2023-08-29 10:30:00,224.1,0.2241
2023-08-29 11:30:00,134.45,0.13445
2023-08-29 12:30:00,34.65,0.03465
2023-08-29 13:30:00,0.0,0.0
2023-08-29 14:30:00,0.0,0.0
2023-08-29 15:30:00,0.0,0.0
2023-08-29 16:30:00,0.0,0.0
2023-08-29 17:30:00,0.0,0.0
2023-08-29 18:30:00,0.0,0.0
2023-08-29 19:30:00,0.0,0.0
2023-08-29 20:30:00,0.0,0.0
2023-08-29 21:30:00,0.0,0.0
2023-08-29 22:30:00,0.0,0.0
2023-08-29 23:30:00,0.0,0.0
2023-08-30 00:30:00,0.0,0.0
2023-08-30 01:30:00,14.0,0.014
2023-08-30 02:30:00,108.35,0.10834999999999999
2023-08-30 03:30:00,280.7,0.2807
2023-08-30 04:30:00,504.9,0.5049
2023-08-30 05:30:00,594.85,0.59485
2023-08-30 06:30:00,555.0,0.555
2023-08-30 07:30:00,530.15,0.53015
2023-08-30 08:30:00,593.25,0.59325
2023-08-30 09:30:00,380.85,0.38085
2023-08-30 10:30:00,293.3,0.2933
2023-08-30 11:30:00,145.5,0.1455
2023-08-30 12:30:00,31.75,0.03175
2023-08-30 13:30:00,0.0,0.0
2023-08-30 14:30:00,0.0,0.0
2023-08-30 15:30:00,0.0,0.0
2023-08-30 16:30:00,0.0,0.0
2023-08-30 17:30:00,0.0,0.0
2023-08-30 18:30:00,0.0,0.0
2023-08-30 19:30:00,0.0,0.0
2023-08-30 20:30:00,0.0,0.0
2023-08-30 21:30:00,0.0,0.0
2023-08-30 22:30:00,0.0,0.0
2023-08-30 23:30:00,0.0,0.0
2023-08-31 00:30:00,0.0,0.0
2023-08-31 01:30:00,27.1,0.027100000000000003
2023-08-31 02:30:00,135.65,0.13565
2023-08-31 03:30:00,307.85,0.30785
2023-08-31 04:30:00,508.2,0.5082
2023-08-31 05:30:00,491.9,0.4919
2023-08-31 06:30:00,615.4,0.6154
2023-08-31 07:30:00,547.9,0.5478999999999999
2023-08-31 08:30:00,449.25,0.44925
2023-08-31 09:30:00,304.0,0.304
2023-08-31 10:30:00,182.8,0.18280000000000002
2023-08-31 11:30:00,143.8,0.1438
2023-08-31 12:30:00,29.3,0.0293
2023-08-31 13:30:00,0.0,0.0
2023-08-31 14:30:00,0.0,0.0
2023-08-31 15:30:00,0.0,0.0
2023-08-31 16:30:00,0.0,0.0
2023-08-31 17:30:00,0.0,0.0
2023-08-31 18:30:00,0.0,0.0
2023-08-31 19:30:00,0.0,0.0
2023-08-31 20:30:00,0.0,0.0
2023-08-31 21:30:00,0.0,0.0
2023-08-31 22:30:00,0.0,0.0
2023-08-31 23:30:00,0.0,0.0
2023-09-01 00:30:00,0.0,0.0
2023-09-01 01:30:00,23.6,0.023600000000000003
2023-09-01 02:30:00,76.4,0.07640000000000001
2023-09-01 03:30:00,280.8,0.2808
2023-09-01 04:30:00,477.45,0.47745
2023-09-01 05:30:00,656.8,0.6567999999999999
2023-09-01 06:30:00,701.95,0.7019500000000001
2023-09-01 07:30:00,634.35,0.63435
2023-09-01 08:30:00,456.35,0.45635000000000003
2023-09-01 09:30:00,440.45,0.44045
2023-09-01 10:30:00,264.05,0.26405
2023-09-01 11:30:00,102.25,0.10225
2023-09-01 12:30:00,30.15,0.03015
2023-09-01 13:30:00,0.0,0.0
2023-09-01 14:30:00,0.0,0.0
2023-09-01 15:30:00,0.0,0.0
2023-09-01 16:30:00,0.0,0.0
2023-09-01 17:30:00,0.0,0.0
2023-09-01 18:30:00,0.0,0.0
2023-09-01 19:30:00,0.0,0.0
2023-09-01 20:30:00,0.0,0.0
2023-09-01 21:30:00,0.0,0.0
2023-09-01 22:30:00,0.0,0.0
2023-09-01 23:30:00,0.0,0.0
2023-09-02 00:30:00,0.0,0.0
2023-09-02 01:30:00,17.75,0.01775
2023-09-02 02:30:00,99.3,0.0993
2023-09-02 03:30:00,200.4,0.2004
2023-09-02 04:30:00,226.9,0.22690000000000002
2023-09-02 05:30:00,447.75,0.44775
2023-09-02 06:30:00,222.95,0.22294999999999998
2023-09-02 07:30:00,202.45,0.20245
2023-09-02 08:30:00,115.55,0.11555
2023-09-02 09:30:00,109.0,0.109
2023-09-02 10:30:00,61.2,0.061200000000000004
2023-09-02 11:30:00,39.0,0.039
2023-09-02 12:30:00,6.8,0.0068
2023-09-02 13:30:00,0.0,0.0
2023-09-02 14:30:00,0.0,0.0
2023-09-02 15:30:00,0.0,0.0
2023-09-02 16:30:00,0.0,0.0
2023-09-02 17:30:00,0.0,0.0
2023-09-02 18:30:00,0.0,0.0
2023-09-02 19:30:00,0.0,0.0
2023-09-02 20:30:00,0.0,0.0
2023-09-02 21:30:00,0.0,0.0
2023-09-02 22:30:00,0.0,0.0
2023-09-02 23:30:00,0.0,0.0
2023-09-03 00:30:00,0.0,0.0
2023-09-03 01:30:00,14.25,0.01425
2023-09-03 02:30:00,124.25,0.12425
2023-09-03 03:30:00,189.0,0.189
2023-09-03 04:30:00,330.2,0.3302
2023-09-03 05:30:00,384.25,0.38425
2023-09-03 06:30:00,312.45,0.31245
2023-09-03 07:30:00,350.8,0.3508
2023-09-03 08:30:00,328.5,0.3285
2023-09-03 09:30:00,219.6,0.2196
2023-09-03 10:30:00,98.5,0.0985
2023-09-03 11:30:00,57.35,0.05735
2023-09-03 12:30:00,4.25,0.00425
2023-09-03 13:30:00,0.0,0.0
2023-09-03 14:30:00,0.0,0.0
2023-09-03 15:30:00,0.0,0.0
2023-09-03 16:30:00,0.0,0.0
2023-09-03 17:30:00,0.0,0.0
2023-09-03 18:30:00,0.0,0.0
2023-09-03 19:30:00,0.0,0.0
2023-09-03 20:30:00,0.0,0.0
2023-09-03 21:30:00,0.0,0.0
2023-09-03 22:30:00,0.0,0.0
2023-09-03 23:30:00,0.0,0.0
2023-09-04 00:30:00,0.0,0.0
2023-09-04 01:30:00,6.9,0.006900000000000001
2023-09-04 02:30:00,47.0,0.047
2023-09-04 03:30:00,177.7,0.1777
2023-09-04 04:30:00,326.35,0.32635000000000003
2023-09-04 05:30:00,393.35,0.39335000000000003
2023-09-04 06:30:00,548.4,0.5484
2023-09-04 07:30:00,453.0,0.453
2023-09-04 08:30:00,268.15,0.26815
2023-09-04 09:30:00,282.2,0.2822
2023-09-04 10:30:00,87.8,0.0878
2023-09-04 11:30:00,63.05,0.06305
2023-09-04 12:30:00,10.5,0.0105
2023-09-04 13:30:00,0.0,0.0
2023-09-04 14:30:00,0.0,0.0
2023-09-04 15:30:00,0.0,0.0
2023-09-04 16:30:00,0.0,0.0
2023-09-04 17:30:00,0.0,0.0
2023-09-04 18:30:00,0.0,0.0
2023-09-04 19:30:00,0.0,0.0
2023-09-04 20:30:00,0.0,0.0
2023-09-04 21:30:00,0.0,0.0
2023-09-04 22:30:00,0.0,0.0
2023-09-04 23:30:00,0.0,0.0
2023-09-05 00:30:00,0.0,0.0
2023-09-05 01:30:00,13.0,0.013
2023-09-05 02:30:00,135.8,0.1358
2023-09-05 03:30:00,304.9,0.3049
2023-09-05 04:30:00,477.7,0.4777
2023-09-05 05:30:00,625.7,0.6257
2023-09-05 06:30:00,609.7,0.6097
2023-09-05 07:30:00,458.4,0.4584
2023-09-05 08:30:00,544.85,0.5448500000000001
2023-09-05 09:30:00,392.6,0.3926
2023-09-05 10:30:00,270.05,0.27005
2023-09-05 11:30:00,104.1,0.1041
2023-09-05 12:30:00,27.9,0.027899999999999998
2023-09-05 13:30:00,0.0,0.0
2023-09-05 14:30:00,0.0,0.0
2023-09-05 15:30:00,0.0,0.0
2023-09-05 16:30:00,0.0,0.0
2023-09-05 17:30:00,0.0,0.0
2023-09-05 18:30:00,0.0,0.0
2023-09-05 19:30:00,0.0,0.0
2023-09-05 20:30:00,0.0,0.0
2023-09-05 21:30:00,0.0,0.0
2023-09-05 22:30:00,0.0,0.0
2023-09-05 23:30:00,0.0,0.0
2023-09-06 00:30:00,0.0,0.0
2023-09-06 01:30:00,28.35,0.02835
2023-09-06 02:30:00,123.25,0.12325
2023-09-06 03:30:00,203.75,0.20375
2023-09-06 04:30:00,222.4,0.22240000000000001
2023-09-06 05:30:00,228.75,0.22875
2023-09-06 06:30:00,553.55,0.55355
2023-09-06 07:30:00,637.6,0.6376000000000001
2023-09-06 08:30:00,572.1,0.5721
2023-09-06 09:30:00,440.8,0.4408
2023-09-06 10:30:00,318.85,0.31885
2023-09-06 11:30:00,130.55,0.13055
2023-09-06 12:30:00,21.85,0.02185
2023-09-06 13:30:00,0.0,0.0
2023-09-06 14:30:00,0.0,0.0
2023-09-06 15:30:00,0.0,0.0
2023-09-06 16:30:00,0.0,0.0
2023-09-06 17:30:00,0.0,0.0
2023-09-06 18:30:00,0.0,0.0
2023-09-06 19:30:00,0.0,0.0
2023-09-06 20:30:00,0.0,0.0
2023-09-06 21:30:00,0.0,0.0
2023-09-06 22:30:00,0.0,0.0
2023-09-06 23:30:00,0.0,0.0
2023-09-07 00:30:00,0.0,0.0
2023-09-07 01:30:00,4.4,0.0044
2023-09-07 02:30:00,56.25,0.05625
2023-09-07 03:30:00,100.0,0.1
2023-09-07 04:30:00,71.75,0.07175
2023-09-07 05:30:00,42.6,0.0426
2023-09-07 06:30:00,6.15,0.00615
2023-09-07 07:30:00,4.05,0.00405
2023-09-07 08:30:00,69.6,0.0696
2023-09-07 09:30:00,33.15,0.03315
2023-09-07 10:30:00,0.0,0.0
2023-09-07 11:30:00,3.55,0.0035499999999999998
2023-09-07 12:30:00,1.35,0.00135
2023-09-07 13:30:00,0.0,0.0
2023-09-07 14:30:00,0.0,0.0
2023-09-07 15:30:00,0.0,0.0
2023-09-07 16:30:00,0.0,0.0
2023-09-07 17:30:00,0.0,0.0
2023-09-07 18:30:00,0.0,0.0
2023-09-07 19:30:00,0.0,0.0
2023-09-07 20:30:00,0.0,0.0
2023-09-07 21:30:00,0.0,0.0
2023-09-07 22:30:00,0.0,0.0
2023-09-07 23:30:00,0.0,0.0
2023-09-08 00:30:00,0.0,0.0
2023-09-08 01:30:00,1.0,0.001
2023-09-08 02:30:00,9.0,0.009
2023-09-08 03:30:00,12.95,0.01295
2023-09-08 04:30:00,18.9,0.0189
2023-09-08 05:30:00,72.55,0.07255
2023-09-08 06:30:00,40.3,0.040299999999999996
2023-09-08 07:30:00,13.3,0.013300000000000001
2023-09-08 08:30:00,37.7,0.037700000000000004
2023-09-08 09:30:00,8.65,0.00865
2023-09-08 10:30:00,21.8,0.0218
2023-09-08 11:30:00,0.5,0.0005
2023-09-08 12:30:00,0.1,0.0001
2023-09-08 13:30:00,0.0,0.0
2023-09-08 14:30:00,0.0,0.0
2023-09-08 15:30:00,0.0,0.0
2023-09-08 16:30:00,0.0,0.0
2023-09-08 17:30:00,0.0,0.0
2023-09-08 18:30:00,0.0,0.0
2023-09-08 19:30:00,0.0,0.0
2023-09-08 20:30:00,0.0,0.0
2023-09-08 21:30:00,0.0,0.0
2023-09-08 22:30:00,0.0,0.0
2023-09-08 23:30:00,0.0,0.0
2023-09-09 00:30:00,0.0,0.0
2023-09-09 01:30:00,5.45,0.00545
2023-09-09 02:30:00,23.4,0.023399999999999997
2023-09-09 03:30:00,46.0,0.046
2023-09-09 04:30:00,80.8,0.0808
2023-09-09 05:30:00,164.35,0.16435
2023-09-09 06:30:00,193.65,0.19365000000000002
2023-09-09 07:30:00,266.0,0.266
2023-09-09 08:30:00,84.85,0.08485
2023-09-09 09:30:00,66.55,0.06655
2023-09-09 10:30:00,146.4,0.1464
2023-09-09 11:30:00,68.7,0.0687
2023-09-09 12:30:00,9.65,0.00965
2023-09-09 13:30:00,0.0,0.0
2023-09-09 14:30:00,0.0,0.0
2023-09-09 15:30:00,0.0,0.0
2023-09-09 16:30:00,0.0,0.0
2023-09-09 17:30:00,0.0,0.0
2023-09-09 18:30:00,0.0,0.0
2023-09-09 19:30:00,0.0,0.0
2023-09-09 20:30:00,0.0,0.0
2023-09-09 21:30:00,0.0,0.0
2023-09-09 22:30:00,0.0,0.0
2023-09-09 23:30:00,0.0,0.0
2023-09-10 00:30:00,0.0,0.0
2023-09-10 01:30:00,1.8,0.0018
2023-09-10 02:30:00,2.6,0.0026
2023-09-10 03:30:00,13.15,0.01315
2023-09-10 04:30:00,40.35,0.040350000000000004
2023-09-10 05:30:00,89.4,0.08940000000000001
2023-09-10 06:30:00,294.85,0.29485
2023-09-10 07:30:00,427.4,0.4274
2023-09-10 08:30:00,410.15,0.41014999999999996
2023-09-10 09:30:00,284.95,0.28495
2023-09-10 10:30:00,152.15,0.15215
2023-09-10 11:30:00,65.85,0.06584999999999999
2023-09-10 12:30:00,11.75,0.01175
2023-09-10 13:30:00,0.0,0.0
2023-09-10 14:30:00,0.0,0.0
2023-09-10 15:30:00,0.0,0.0
2023-09-10 16:30:00,0.0,0.0
2023-09-10 17:30:00,0.0,0.0
2023-09-10 18:30:00,0.0,0.0
2023-09-10 19:30:00,0.0,0.0
2023-09-10 20:30:00,0.0,0.0
2023-09-10 21:30:00,0.0,0.0
2023-09-10 22:30:00,0.0,0.0
2023-09-10 23:30:00,0.0,0.0
2023-09-11 00:30:00,0.0,0.0
2023-09-11 01:30:00,2.0,0.002
2023-09-11 02:30:00,66.9,0.0669
2023-09-11 03:30:00,73.35,0.07335
2023-09-11 04:30:00,99.9,0.0999
2023-09-11 05:30:00,188.1,0.1881
2023-09-11 06:30:00,409.5,0.4095
2023-09-11 07:30:00,505.75,0.50575
2023-09-11 08:30:00,430.5,0.4305
2023-09-11 09:30:00,399.2,0.3992
2023-09-11 10:30:00,278.55,0.27855
2023-09-11 11:30:00,131.75,0.13175
2023-09-11 12:30:00,27.7,0.0277
2023-09-11 13:30:00,0.0,0.0
2023-09-11 14:30:00,0.0,0.0
2023-09-11 15:30:00,0.0,0.0
2023-09-11 16:30:00,0.0,0.0
2023-09-11 17:30:00,0.0,0.0
2023-09-11 18:30:00,0.0,0.0
2023-09-11 19:30:00,0.0,0.0
2023-09-11 20:30:00,0.0,0.0
2023-09-11 21:30:00,0.0,0.0
2023-09-11 22:30:00,0.0,0.0
2023-09-11 23:30:00,0.0,0.0
2023-09-12 00:30:00,0.0,0.0
2023-09-12 01:30:00,16.25,0.01625
2023-09-12 02:30:00,65.8,0.0658
2023-09-12 03:30:00,238.5,0.2385
2023-09-12 04:30:00,449.7,0.4497
2023-09-12 05:30:00,584.85,0.58485
2023-09-12 06:30:00,496.05,0.49605
2023-09-12 07:30:00,489.6,0.48960000000000004
2023-09-12 08:30:00,475.1,0.4751
2023-09-12 09:30:00,431.8,0.4318
2023-09-12 10:30:00,193.65,0.19365000000000002
2023-09-12 11:30:00,92.5,0.0925
2023-09-12 12:30:00,17.85,0.01785
2023-09-12 13:30:00,0.0,0.0
2023-09-12 14:30:00,0.0,0.0
2023-09-12 15:30:00,0.0,0.0
2023-09-12 16:30:00,0.0,0.0
2023-09-12 17:30:00,0.0,0.0
2023-09-12 18:30:00,0.0,0.0
2023-09-12 19:30:00,0.0,0.0
2023-09-12 20:30:00,0.0,0.0
2023-09-12 21:30:00,0.0,0.0
2023-09-12 22:30:00,0.0,0.0
2023-09-12 23:30:00,0.0,0.0
2023-09-13 00:30:00,0.0,0.0
2023-09-13 01:30:00,7.25,0.00725
2023-09-13 02:30:00,73.05,0.07305
2023-09-13 03:30:00,187.1,0.1871
2023-09-13 04:30:00,257.4,0.25739999999999996
2023-09-13 05:30:00,365.05,0.36505
2023-09-13 06:30:00,501.75,0.50175
2023-09-13 07:30:00,512.3,0.5123
2023-09-13 08:30:00,473.05,0.47305
2023-09-13 09:30:00,333.2,0.3332
2023-09-13 10:30:00,182.65,0.18265
2023-09-13 11:30:00,81.6,0.08159999999999999
2023-09-13 12:30:00,13.4,0.0134
2023-09-13 13:30:00,0.0,0.0
2023-09-13 14:30:00,0.0,0.0
2023-09-13 15:30:00,0.0,0.0
2023-09-13 16:30:00,0.0,0.0
2023-09-13 17:30:00,0.0,0.0
2023-09-13 18:30:00,0.0,0.0
2023-09-13 19:30:00,0.0,0.0
2023-09-13 20:30:00,0.0,0.0
2023-09-13 21:30:00,0.0,0.0
2023-09-13 22:30:00,0.0,0.0
2023-09-13 23:30:00,0.0,0.0
2023-09-14 00:30:00,0.0,0.0
2023-09-14 01:30:00,21.75,0.02175
2023-09-14 02:30:00,114.8,0.1148
2023-09-14 03:30:00,289.55,0.28955000000000003
2023-09-14 04:30:00,414.15,0.41414999999999996
2023-09-14 05:30:00,545.5,0.5455
2023-09-14 06:30:00,515.95,0.51595
2023-09-14 07:30:00,454.1,0.4541
2023-09-14 08:30:00,435.0,0.435
2023-09-14 09:30:00,342.45,0.34245
2023-09-14 10:30:00,256.6,0.25660000000000005
2023-09-14 11:30:00,123.6,0.12359999999999999
2023-09-14 12:30:00,30.4,0.0304
2023-09-14 13:30:00,0.0,0.0
2023-09-14 14:30:00,0.0,0.0
2023-09-14 15:30:00,0.0,0.0
2023-09-14 16:30:00,0.0,0.0
2023-09-14 17:30:00,0.0,0.0
2023-09-14 18:30:00,0.0,0.0
2023-09-14 19:30:00,0.0,0.0
2023-09-14 20:30:00,0.0,0.0
2023-09-14 21:30:00,0.0,0.0
2023-09-14 22:30:00,0.0,0.0
2023-09-14 23:30:00,0.0,0.0
2023-09-15 00:30:00,0.0,0.0
2023-09-15 01:30:00,15.15,0.01515
2023-09-15 02:30:00,96.2,0.09620000000000001
2023-09-15 03:30:00,201.4,0.2014
2023-09-15 04:30:00,397.5,0.3975
2023-09-15 05:30:00,437.9,0.43789999999999996
2023-09-15 06:30:00,252.9,0.2529
2023-09-15 07:30:00,284.5,0.2845
2023-09-15 08:30:00,406.2,0.4062
2023-09-15 09:30:00,220.3,0.22030000000000002
2023-09-15 10:30:00,77.05,0.07705
2023-09-15 11:30:00,37.55,0.03755
2023-09-15 12:30:00,5.2,0.0052
2023-09-15 13:30:00,0.0,0.0
2023-09-15 14:30:00,0.0,0.0
2023-09-15 15:30:00,0.0,0.0
2023-09-15 16:30:00,0.0,0.0
2023-09-15 17:30:00,0.0,0.0
2023-09-15 18:30:00,0.0,0.0
2023-09-15 19:30:00,0.0,0.0
2023-09-15 20:30:00,0.0,0.0
2023-09-15 21:30:00,0.0,0.0
2023-09-15 22:30:00,0.0,0.0
2023-09-15 23:30:00,0.0,0.0
2023-09-16 00:30:00,0.0,0.0
2023-09-16 01:30:00,2.55,0.0025499999999999997
2023-09-16 02:30:00,6.5,0.0065
2023-09-16 03:30:00,36.85,0.03685
2023-09-16 04:30:00,109.45,0.10945
2023-09-16 05:30:00,160.55,0.16055
2023-09-16 06:30:00,31.7,0.0317
2023-09-16 07:30:00,50.2,0.0502
2023-09-16 08:30:00,38.55,0.038549999999999994
2023-09-16 09:30:00,23.65,0.023649999999999997
2023-09-16 10:30:00,18.3,0.0183
2023-09-16 11:30:00,4.4,0.0044
2023-09-16 12:30:00,2.95,0.0029500000000000004
2023-09-16 13:30:00,0.0,0.0
2023-09-16 14:30:00,0.0,0.0
2023-09-16 15:30:00,0.0,0.0
2023-09-16 16:30:00,0.0,0.0
2023-09-16 17:30:00,0.0,0.0
2023-09-16 18:30:00,0.0,0.0
2023-09-16 19:30:00,0.0,0.0
2023-09-16 20:30:00,0.0,0.0
2023-09-16 21:30:00,0.0,0.0
2023-09-16 22:30:00,0.0,0.0
2023-09-16 23:30:00,0.0,0.0
2023-09-17 00:30:00,0.0,0.0
2023-09-17 01:30:00,5.6,0.0056
2023-09-17 02:30:00,45.15,0.045149999999999996
2023-09-17 03:30:00,72.9,0.0729
2023-09-17 04:30:00,158.9,0.1589
2023-09-17 05:30:00,213.0,0.213
2023-09-17 06:30:00,410.15,0.41014999999999996
2023-09-17 07:30:00,392.6,0.3926
2023-09-17 08:30:00,350.85,0.35085
2023-09-17 09:30:00,194.25,0.19425
2023-09-17 10:30:00,164.0,0.164
2023-09-17 11:30:00,29.85,0.02985
2023-09-17 12:30:00,8.35,0.00835
2023-09-17 13:30:00,0.0,0.0
2023-09-17 14:30:00,0.0,0.0
2023-09-17 15:30:00,0.0,0.0
2023-09-17 16:30:00,0.0,0.0
2023-09-17 17:30:00,0.0,0.0
2023-09-17 18:30:00,0.0,0.0
2023-09-17 19:30:00,0.0,0.0
2023-09-17 20:30:00,0.0,0.0
2023-09-17 21:30:00,0.0,0.0
2023-09-17 22:30:00,0.0,0.0
2023-09-17 23:30:00,0.0,0.0
2023-09-18 00:30:00,0.0,0.0
2023-09-18 01:30:00,0.3,0.0003
2023-09-18 02:30:00,70.85,0.07085
2023-09-18 03:30:00,240.65,0.24065
2023-09-18 04:30:00,290.15,0.29014999999999996
2023-09-18 05:30:00,403.75,0.40375
2023-09-18 06:30:00,564.9,0.5649
2023-09-18 07:30:00,437.7,0.4377
2023-09-18 08:30:00,383.1,0.3831
2023-09-18 09:30:00,391.75,0.39175
2023-09-18 10:30:00,172.5,0.1725
2023-09-18 11:30:00,121.15,0.12115000000000001
2023-09-18 12:30:00,18.0,0.018
2023-09-18 13:30:00,0.0,0.0
2023-09-18 14:30:00,0.0,0.0
2023-09-18 15:30:00,0.0,0.0
2023-09-18 16:30:00,0.0,0.0
2023-09-18 17:30:00,0.0,0.0
2023-09-18 18:30:00,0.0,0.0
2023-09-18 19:30:00,0.0,0.0
2023-09-18 20:30:00,0.0,0.0
2023-09-18 21:30:00,0.0,0.0
2023-09-18 22:30:00,0.0,0.0
2023-09-18 23:30:00,0.0,0.0
2023-09-19 00:30:00,0.0,0.0
2023-09-19 01:30:00,7.85,0.00785
2023-09-19 02:30:00,60.7,0.060700000000000004
2023-09-19 03:30:00,270.2,0.2702
2023-09-19 04:30:00,189.4,0.1894
2023-09-19 05:30:00,362.6,0.36260000000000003
2023-09-19 06:30:00,295.05,0.29505000000000003
2023-09-19 07:30:00,509.3,0.5093
2023-09-19 08:30:00,509.0,0.509
2023-09-19 09:30:00,343.9,0.3439
2023-09-19 10:30:00,230.85,0.23085
2023-09-19 11:30:00,103.75,0.10375
2023-09-19 12:30:00,14.35,0.01435
2023-09-19 13:30:00,0.0,0.0
2023-09-19 14:30:00,0.0,0.0
2023-09-19 15:30:00,0.0,0.0
2023-09-19 16:30:00,0.0,0.0
2023-09-19 17:30:00,0.0,0.0
2023-09-19 18:30:00,0.0,0.0
2023-09-19 19:30:00,0.0,0.0
2023-09-19 20:30:00,0.0,0.0
2023-09-19 21:30:00,0.0,0.0
2023-09-19 22:30:00,0.0,0.0
2023-09-19 23:30:00,0.0,0.0
2023-09-20 00:30:00,0.0,0.0
2023-09-20 01:30:00,5.3,0.0053
2023-09-20 02:30:00,28.25,0.02825
2023-09-20 03:30:00,186.75,0.18675
2023-09-20 04:30:00,263.8,0.26380000000000003
2023-09-20 05:30:00,359.4,0.3594
2023-09-20 06:30:00,495.55,0.49555
2023-09-20 07:30:00,563.05,0.5630499999999999
2023-09-20 08:30:00,437.2,0.4372
2023-09-20 09:30:00,289.65,0.28964999999999996
2023-09-20 10:30:00,87.95,0.08795
2023-09-20 11:30:00,77.45,0.07745
2023-09-20 12:30:00,6.4,0.0064
2023-09-20 13:30:00,0.0,0.0
2023-09-20 14:30:00,0.0,0.0
2023-09-20 15:30:00,0.0,0.0
2023-09-20 16:30:00,0.0,0.0
2023-09-20 17:30:00,0.0,0.0
2023-09-20 18:30:00,0.0,0.0
2023-09-20 19:30:00,0.0,0.0
2023-09-20 20:30:00,0.0,0.0
2023-09-20 21:30:00,0.0,0.0
2023-09-20 22:30:00,0.0,0.0
2023-09-20 23:30:00,0.0,0.0
2023-09-21 00:30:00,0.0,0.0
2023-09-21 01:30:00,8.9,0.0089
2023-09-21 02:30:00,73.5,0.0735
2023-09-21 03:30:00,202.05,0.20205
2023-09-21 04:30:00,220.2,0.22019999999999998
2023-09-21 05:30:00,399.5,0.3995
2023-09-21 06:30:00,282.75,0.28275
2023-09-21 07:30:00,156.45,0.15644999999999998
2023-09-21 08:30:00,98.25,0.09825
2023-09-21 09:30:00,29.75,0.02975
2023-09-21 10:30:00,17.2,0.0172
2023-09-21 11:30:00,10.15,0.010150000000000001
2023-09-21 12:30:00,0.1,0.0001
2023-09-21 13:30:00,0.0,0.0
2023-09-21 14:30:00,0.0,0.0
2023-09-21 15:30:00,0.0,0.0
2023-09-21 16:30:00,0.0,0.0
2023-09-21 17:30:00,0.0,0.0
2023-09-21 18:30:00,0.0,0.0
2023-09-21 19:30:00,0.0,0.0
2023-09-21 20:30:00,0.0,0.0
2023-09-21 21:30:00,0.0,0.0
2023-09-21 22:30:00,0.0,0.0
2023-09-21 23:30:00,0.0,0.0
2023-09-22 00:30:00,0.0,0.0
2023-09-22 01:30:00,0.0,0.0
2023-09-22 02:30:00,3.05,0.0030499999999999998
2023-09-22 03:30:00,28.45,0.02845
2023-09-22 04:30:00,9.15,0.00915
2023-09-22 05:30:00,0.0,0.0
2023-09-22 06:30:00,33.45,0.03345
2023-09-22 07:30:00,151.75,0.15175
2023-09-22 08:30:00,124.75,0.12475
2023-09-22 09:30:00,189.7,0.18969999999999998
2023-09-22 10:30:00,106.05,0.10604999999999999
2023-09-22 11:30:00,33.25,0.03325
2023-09-22 12:30:00,1.75,0.00175
2023-09-22 13:30:00,0.0,0.0
2023-09-22 14:30:00,0.0,0.0
2023-09-22 15:30:00,0.0,0.0
2023-09-22 16:30:00,0.0,0.0
2023-09-22 17:30:00,0.0,0.0
2023-09-22 18:30:00,0.0,0.0
2023-09-22 19:30:00,0.0,0.0
2023-09-22 20:30:00,0.0,0.0
2023-09-22 21:30:00,0.0,0.0
2023-09-22 22:30:00,0.0,0.0
2023-09-22 23:30:00,0.0,0.0
2023-09-23 00:30:00,0.0,0.0
2023-09-23 01:30:00,2.15,0.00215
2023-09-23 02:30:00,2.3,0.0023
2023-09-23 03:30:00,74.4,0.07440000000000001
2023-09-23 04:30:00,47.05,0.047049999999999995
2023-09-23 05:30:00,19.65,0.019649999999999997
2023-09-23 06:30:00,8.0,0.008
2023-09-23 07:30:00,12.9,0.0129
2023-09-23 08:30:00,2.55,0.0025499999999999997
2023-09-23 09:30:00,47.45,0.047450000000000006
2023-09-23 10:30:00,2.75,0.00275
2023-09-23 11:30:00,3.4,0.0034
2023-09-23 12:30:00,1.05,0.0010500000000000002
2023-09-23 13:30:00,0.0,0.0
2023-09-23 14:30:00,0.0,0.0
2023-09-23 15:30:00,0.0,0.0
2023-09-23 16:30:00,0.0,0.0
2023-09-23 17:30:00,0.0,0.0
2023-09-23 18:30:00,0.0,0.0
2023-09-23 19:30:00,0.0,0.0
2023-09-23 20:30:00,0.0,0.0
2023-09-23 21:30:00,0.0,0.0
2023-09-23 22:30:00,0.0,0.0
2023-09-23 23:30:00,0.0,0.0
2023-09-24 00:30:00,0.0,0.0
2023-09-24 01:30:00,0.0,0.0
2023-09-24 02:30:00,1.8,0.0018
2023-09-24 03:30:00,13.15,0.01315
2023-09-24 04:30:00,12.9,0.0129
2023-09-24 05:30:00,29.9,0.0299
2023-09-24 06:30:00,138.85,0.13885
2023-09-24 07:30:00,140.4,0.1404
2023-09-24 08:30:00,333.05,0.33305
2023-09-24 09:30:00,150.85,0.15084999999999998
2023-09-24 10:30:00,32.35,0.032350000000000004
2023-09-24 11:30:00,10.75,0.01075
2023-09-24 12:30:00,0.85,0.00085
2023-09-24 13:30:00,0.0,0.0
2023-09-24 14:30:00,0.0,0.0
2023-09-24 15:30:00,0.0,0.0
2023-09-24 16:30:00,0.0,0.0
2023-09-24 17:30:00,0.0,0.0
2023-09-24 18:30:00,0.0,0.0
2023-09-24 19:30:00,0.0,0.0
2023-09-24 20:30:00,0.0,0.0
2023-09-24 21:30:00,0.0,0.0
2023-09-24 22:30:00,0.0,0.0
2023-09-24 23:30:00,0.0,0.0
2023-09-25 00:30:00,0.0,0.0
2023-09-25 01:30:00,3.45,0.0034500000000000004
2023-09-25 02:30:00,21.6,0.0216
2023-09-25 03:30:00,10.9,0.0109
2023-09-25 04:30:00,26.15,0.02615
2023-09-25 05:30:00,24.35,0.02435
2023-09-25 06:30:00,395.95,0.39594999999999997
2023-09-25 07:30:00,19.5,0.0195
2023-09-25 08:30:00,239.2,0.2392
2023-09-25 09:30:00,37.75,0.03775
2023-09-25 10:30:00,44.5,0.0445
2023-09-25 11:30:00,42.55,0.04255
2023-09-25 12:30:00,4.65,0.0046500000000000005
2023-09-25 13:30:00,0.0,0.0
2023-09-25 14:30:00,0.0,0.0
2023-09-25 15:30:00,0.0,0.0
2023-09-25 16:30:00,0.0,0.0
2023-09-25 17:30:00,0.0,0.0
2023-09-25 18:30:00,0.0,0.0
2023-09-25 19:30:00,0.0,0.0
2023-09-25 20:30:00,0.0,0.0
2023-09-25 21:30:00,0.0,0.0
2023-09-25 22:30:00,0.0,0.0
2023-09-25 23:30:00,0.0,0.0
2023-09-26 00:30:00,0.0,0.0
2023-09-26 01:30:00,11.05,0.01105
2023-09-26 02:30:00,41.9,0.0419
2023-09-26 03:30:00,68.55,0.06855
2023-09-26 04:30:00,278.8,0.2788
2023-09-26 05:30:00,340.9,0.3409
2023-09-26 06:30:00,344.05,0.34405
2023-09-26 07:30:00,264.45,0.26444999999999996
2023-09-26 08:30:00,233.2,0.2332
2023-09-26 09:30:00,150.25,0.15025
2023-09-26 10:30:00,52.35,0.05235
2023-09-26 11:30:00,35.9,0.0359
2023-09-26 12:30:00,1.05,0.0010500000000000002
2023-09-26 13:30:00,0.0,0.0
2023-09-26 14:30:00,0.0,0.0
2023-09-26 15:30:00,0.0,0.0
2023-09-26 16:30:00,0.0,0.0
2023-09-26 17:30:00,0.0,0.0
2023-09-26 18:30:00,0.0,0.0
2023-09-26 19:30:00,0.0,0.0
2023-09-26 20:30:00,0.0,0.0
2023-09-26 21:30:00,0.0,0.0
2023-09-26 22:30:00,0.0,0.0
2023-09-26 23:30:00,0.0,0.0
2023-09-27 00:30:00,0.0,0.0
2023-09-27 01:30:00,1.9,0.0019
2023-09-27 02:30:00,7.45,0.00745
2023-09-27 03:30:00,2.7,0.0027
2023-09-27 04:30:00,3.0,0.003
2023-09-27 05:30:00,44.2,0.0442
2023-09-27 06:30:00,202.75,0.20275
2023-09-27 07:30:00,167.15,0.16715
2023-09-27 08:30:00,208.9,0.2089
2023-09-27 09:30:00,243.1,0.24309999999999998
2023-09-27 10:30:00,82.9,0.0829
2023-09-27 11:30:00,98.5,0.0985
2023-09-27 12:30:00,1.5,0.0015
2023-09-27 13:30:00,0.0,0.0
2023-09-27 14:30:00,0.0,0.0
2023-09-27 15:30:00,0.0,0.0
2023-09-27 16:30:00,0.0,0.0
2023-09-27 17:30:00,0.0,0.0
2023-09-27 18:30:00,0.0,0.0
2023-09-27 19:30:00,0.0,0.0
2023-09-27 20:30:00,0.0,0.0
2023-09-27 21:30:00,0.0,0.0
2023-09-27 22:30:00,0.0,0.0
2023-09-27 23:30:00,0.0,0.0
2023-09-28 00:30:00,0.0,0.0
2023-09-28 01:30:00,22.35,0.022350000000000002
2023-09-28 02:30:00,98.1,0.09809999999999999
2023-09-28 03:30:00,267.05,0.26705
2023-09-28 04:30:00,429.65,0.42965
2023-09-28 05:30:00,556.25,0.55625
2023-09-28 06:30:00,182.1,0.18209999999999998
2023-09-28 07:30:00,210.05,0.21005000000000001
2023-09-28 08:30:00,189.35,0.18935
2023-09-28 09:30:00,95.7,0.09570000000000001
2023-09-28 10:30:00,101.25,0.10125
2023-09-28 11:30:00,25.8,0.0258
2023-09-28 12:30:00,6.6,0.0066
2023-09-28 13:30:00,0.0,0.0
2023-09-28 14:30:00,0.0,0.0
2023-09-28 15:30:00,0.0,0.0
2023-09-28 16:30:00,0.0,0.0
2023-09-28 17:30:00,0.0,0.0
2023-09-28 18:30:00,0.0,0.0
2023-09-28 19:30:00,0.0,0.0
2023-09-28 20:30:00,0.0,0.0
2023-09-28 21:30:00,0.0,0.0
2023-09-28 22:30:00,0.0,0.0
2023-09-28 23:30:00,0.0,0.0
2023-09-29 00:30:00,0.0,0.0
2023-09-29 01:30:00,3.2,0.0032
2023-09-29 02:30:00,70.75,0.07075
2023-09-29 03:30:00,225.1,0.2251
2023-09-29 04:30:00,182.9,0.1829
2023-09-29 05:30:00,249.0,0.249
2023-09-29 06:30:00,494.0,0.494
2023-09-29 07:30:00,287.0,0.287
2023-09-29 08:30:00,266.3,0.26630000000000004
2023-09-29 09:30:00,382.05,0.38205
2023-09-29 10:30:00,158.4,0.1584
2023-09-29 11:30:00,91.1,0.0911
2023-09-29 12:30:00,8.0,0.008
2023-09-29 13:30:00,0.0,0.0
2023-09-29 14:30:00,0.0,0.0
2023-09-29 15:30:00,0.0,0.0
2023-09-29 16:30:00,0.0,0.0
2023-09-29 17:30:00,0.0,0.0
2023-09-29 18:30:00,0.0,0.0
2023-09-29 19:30:00,0.0,0.0
2023-09-29 20:30:00,0.0,0.0
2023-09-29 21:30:00,0.0,0.0
2023-09-29 22:30:00,0.0,0.0
2023-09-29 23:30:00,0.0,0.0
2023-09-30 00:30:00,0.0,0.0
2023-09-30 01:30:00,22.15,0.02215
2023-09-30 02:30:00,126.6,0.1266
2023-09-30 03:30:00,209.5,0.2095
2023-09-30 04:30:00,333.55,0.33355
2023-09-30 05:30:00,469.25,0.46925
2023-09-30 06:30:00,468.2,0.4682
2023-09-30 07:30:00,496.5,0.4965
2023-09-30 08:30:00,313.7,0.3137
2023-09-30 09:30:00,122.9,0.12290000000000001
2023-09-30 10:30:00,138.45,0.13845
2023-09-30 11:30:00,13.65,0.01365
2023-09-30 12:30:00,3.85,0.00385
2023-09-30 13:30:00,0.0,0.0
2023-09-30 14:30:00,0.0,0.0
2023-09-30 15:30:00,0.0,0.0
2023-09-30 16:30:00,0.0,0.0
2023-09-30 17:30:00,0.0,0.0
2023-09-30 18:30:00,0.0,0.0
2023-09-30 19:30:00,0.0,0.0
2023-09-30 20:30:00,0.0,0.0
2023-09-30 21:30:00,0.0,0.0
2023-09-30 22:30:00,0.0,0.0
2023-09-30 23:30:00,0.0,0.0
2023-10-01 00:30:00,0.0,0.0
2023-10-01 01:30:00,2.25,0.00225
2023-10-01 02:30:00,24.6,0.0246
2023-10-01 03:30:00,65.9,0.0659
2023-10-01 04:30:00,97.4,0.0974
2023-10-01 05:30:00,327.75,0.32775
2023-10-01 06:30:00,271.55,0.27155
2023-10-01 07:30:00,41.05,0.041049999999999996
2023-10-01 08:30:00,20.05,0.020050000000000002
2023-10-01 09:30:00,8.35,0.00835
2023-10-01 10:30:00,0.55,0.00055
2023-10-01 11:30:00,0.05,5e-05
2023-10-01 12:30:00,0.0,0.0
2023-10-01 13:30:00,0.0,0.0
2023-10-01 14:30:00,0.0,0.0
2023-10-01 15:30:00,0.0,0.0
2023-10-01 16:30:00,0.0,0.0
2023-10-01 17:30:00,0.0,0.0
2023-10-01 18:30:00,0.0,0.0
2023-10-01 19:30:00,0.0,0.0
2023-10-01 20:30:00,0.0,0.0
2023-10-01 21:30:00,0.0,0.0
2023-10-01 22:30:00,0.0,0.0
2023-10-01 23:30:00,0.0,0.0
2023-10-02 00:30:00,0.0,0.0
2023-10-02 01:30:00,3.7,0.0037
2023-10-02 02:30:00,80.7,0.08070000000000001
2023-10-02 03:30:00,66.35,0.06634999999999999
2023-10-02 04:30:00,229.95,0.22995
2023-10-02 05:30:00,261.3,0.26130000000000003
2023-10-02 06:30:00,63.3,0.0633
2023-10-02 07:30:00,69.95,0.06995
2023-10-02 08:30:00,138.4,0.1384
2023-10-02 09:30:00,110.95,0.11095000000000001
2023-10-02 10:30:00,15.65,0.01565
2023-10-02 11:30:00,8.7,0.0087
2023-10-02 12:30:00,5.85,0.005849999999999999
2023-10-02 13:30:00,0.0,0.0
2023-10-02 14:30:00,0.0,0.0
2023-10-02 15:30:00,0.0,0.0
2023-10-02 16:30:00,0.0,0.0
2023-10-02 17:30:00,0.0,0.0
2023-10-02 18:30:00,0.0,0.0
2023-10-02 19:30:00,0.0,0.0
2023-10-02 20:30:00,0.0,0.0
2023-10-02 21:30:00,0.0,0.0
2023-10-02 22:30:00,0.0,0.0
2023-10-02 23:30:00,0.0,0.0
2023-10-03 00:30:00,0.0,0.0
2023-10-03 01:30:00,0.6,0.0006
2023-10-03 02:30:00,15.85,0.01585
2023-10-03 03:30:00,51.05,0.05105
2023-10-03 04:30:00,125.1,0.1251
2023-10-03 05:30:00,275.85,0.27585000000000004
2023-10-03 06:30:00,459.5,0.4595
2023-10-03 07:30:00,592.55,0.5925499999999999
2023-10-03 08:30:00,382.8,0.38280000000000003
2023-10-03 09:30:00,311.8,0.3118
2023-10-03 10:30:00,183.25,0.18325
2023-10-03 11:30:00,99.75,0.09975
2023-10-03 12:30:00,13.1,0.013099999999999999
2023-10-03 13:30:00,0.0,0.0
2023-10-03 14:30:00,0.0,0.0
2023-10-03 15:30:00,0.0,0.0
2023-10-03 16:30:00,0.0,0.0
2023-10-03 17:30:00,0.0,0.0
2023-10-03 18:30:00,0.0,0.0
2023-10-03 19:30:00,0.0,0.0
2023-10-03 20:30:00,0.0,0.0
2023-10-03 21:30:00,0.0,0.0
2023-10-03 22:30:00,0.0,0.0
2023-10-03 23:30:00,0.0,0.0
2023-10-04 00:30:00,0.0,0.0
2023-10-04 01:30:00,18.85,0.018850000000000002
2023-10-04 02:30:00,100.95,0.10095
2023-10-04 03:30:00,283.15,0.28314999999999996
2023-10-04 04:30:00,402.15,0.40214999999999995
2023-10-04 05:30:00,600.55,0.6005499999999999
2023-10-04 06:30:00,714.46,0.71446
2023-10-04 07:30:00,613.45,0.61345
2023-10-04 08:30:00,544.15,0.54415
2023-10-04 09:30:00,318.5,0.3185
2023-10-04 10:30:00,202.25,0.20225
2023-10-04 11:30:00,133.35,0.13335
2023-10-04 12:30:00,14.9,0.0149
2023-10-04 13:30:00,0.0,0.0
2023-10-04 14:30:00,0.0,0.0
2023-10-04 15:30:00,0.0,0.0
2023-10-04 16:30:00,0.0,0.0
2023-10-04 17:30:00,0.0,0.0
2023-10-04 18:30:00,0.0,0.0
2023-10-04 19:30:00,0.0,0.0
2023-10-04 20:30:00,0.0,0.0
2023-10-04 21:30:00,0.0,0.0
2023-10-04 22:30:00,0.0,0.0
2023-10-04 23:30:00,0.0,0.0
2023-10-05 00:30:00,0.0,0.0
2023-10-05 01:30:00,26.35,0.026350000000000002
2023-10-05 02:30:00,125.3,0.1253
2023-10-05 03:30:00,298.05,0.29805000000000004
2023-10-05 04:30:00,571.2,0.5712
2023-10-05 05:30:00,705.06,0.7050599999999999
2023-10-05 06:30:00,784.56,0.7845599999999999
2023-10-05 07:30:00,764.51,0.76451
2023-10-05 08:30:00,651.55,0.65155
2023-10-05 09:30:00,505.95,0.50595
2023-10-05 10:30:00,334.55,0.33455
2023-10-05 11:30:00,129.85,0.12985
2023-10-05 12:30:00,15.65,0.01565
2023-10-05 13:30:00,0.0,0.0
2023-10-05 14:30:00,0.0,0.0
2023-10-05 15:30:00,0.0,0.0
2023-10-05 16:30:00,0.0,0.0
2023-10-05 17:30:00,0.0,0.0
2023-10-05 18:30:00,0.0,0.0
2023-10-05 19:30:00,0.0,0.0
2023-10-05 20:30:00,0.0,0.0
2023-10-05 21:30:00,0.0,0.0
2023-10-05 22:30:00,0.0,0.0
2023-10-05 23:30:00,0.0,0.0
2023-10-06 00:30:00,0.0,0.0
2023-10-06 01:30:00,31.15,0.031149999999999997
2023-10-06 02:30:00,157.7,0.15769999999999998
2023-10-06 03:30:00,365.5,0.3655
2023-10-06 04:30:00,591.25,0.59125
2023-10-06 05:30:00,723.66,0.72366
2023-10-06 06:30:00,786.56,0.7865599999999999
2023-10-06 07:30:00,765.76,0.76576
2023-10-06 08:30:00,675.16,0.67516
2023-10-06 09:30:00,480.15,0.48014999999999997
2023-10-06 10:30:00,318.95,0.31895
2023-10-06 11:30:00,124.6,0.12459999999999999
2023-10-06 12:30:00,14.0,0.014
2023-10-06 13:30:00,0.0,0.0
2023-10-06 14:30:00,0.0,0.0
2023-10-06 15:30:00,0.0,0.0
2023-10-06 16:30:00,0.0,0.0
2023-10-06 17:30:00,0.0,0.0
2023-10-06 18:30:00,0.0,0.0
2023-10-06 19:30:00,0.0,0.0
2023-10-06 20:30:00,0.0,0.0
2023-10-06 21:30:00,0.0,0.0
2023-10-06 22:30:00,0.0,0.0
2023-10-06 23:30:00,0.0,0.0
2023-10-07 00:30:00,0.0,0.0
2023-10-07 01:30:00,9.15,0.00915
2023-10-07 02:30:00,53.9,0.053899999999999997
2023-10-07 03:30:00,261.6,0.2616
2023-10-07 04:30:00,481.5,0.4815
2023-10-07 05:30:00,708.56,0.70856
2023-10-07 06:30:00,716.56,0.71656
2023-10-07 07:30:00,543.45,0.5434500000000001
2023-10-07 08:30:00,533.3,0.5333
2023-10-07 09:30:00,425.3,0.4253
2023-10-07 10:30:00,239.6,0.2396
2023-10-07 11:30:00,67.15,0.06715
2023-10-07 12:30:00,9.6,0.0096
2023-10-07 13:30:00,0.0,0.0
2023-10-07 14:30:00,0.0,0.0
2023-10-07 15:30:00,0.0,0.0
2023-10-07 16:30:00,0.0,0.0
2023-10-07 17:30:00,0.0,0.0
2023-10-07 18:30:00,0.0,0.0
2023-10-07 19:30:00,0.0,0.0
2023-10-07 20:30:00,0.0,0.0
2023-10-07 21:30:00,0.0,0.0
2023-10-07 22:30:00,0.0,0.0
2023-10-07 23:30:00,0.0,0.0
2023-10-08 00:30:00,0.0,0.0
2023-10-08 01:30:00,31.0,0.031
2023-10-08 02:30:00,182.25,0.18225
2023-10-08 03:30:00,397.5,0.3975
2023-10-08 04:30:00,579.55,0.57955
2023-10-08 05:30:00,699.86,0.69986
2023-10-08 06:30:00,593.25,0.59325
2023-10-08 07:30:00,525.7,0.5257000000000001
2023-10-08 08:30:00,385.55,0.38555
2023-10-08 09:30:00,335.8,0.3358
2023-10-08 10:30:00,171.75,0.17175
2023-10-08 11:30:00,99.5,0.0995
2023-10-08 12:30:00,9.7,0.009699999999999999
2023-10-08 13:30:00,0.0,0.0
2023-10-08 14:30:00,0.0,0.0
2023-10-08 15:30:00,0.0,0.0
2023-10-08 16:30:00,0.0,0.0
2023-10-08 17:30:00,0.0,0.0
2023-10-08 18:30:00,0.0,0.0
2023-10-08 19:30:00,0.0,0.0
2023-10-08 20:30:00,0.0,0.0
2023-10-08 21:30:00,0.0,0.0
2023-10-08 22:30:00,0.0,0.0
2023-10-08 23:30:00,0.0,0.0
2023-10-09 00:30:00,0.0,0.0
2023-10-09 01:30:00,26.7,0.026699999999999998
2023-10-09 02:30:00,124.45,0.12445
2023-10-09 03:30:00,332.4,0.3324
2023-10-09 04:30:00,301.2,0.30119999999999997
2023-10-09 05:30:00,538.65,0.53865
2023-10-09 06:30:00,444.0,0.444
2023-10-09 07:30:00,399.8,0.3998
2023-10-09 08:30:00,268.7,0.2687
2023-10-09 09:30:00,281.35,0.28135000000000004
2023-10-09 10:30:00,178.3,0.17830000000000001
2023-10-09 11:30:00,72.75,0.07275
2023-10-09 12:30:00,11.2,0.0112
2023-10-09 13:30:00,0.0,0.0
2023-10-09 14:30:00,0.0,0.0
2023-10-09 15:30:00,0.0,0.0
2023-10-09 16:30:00,0.0,0.0
2023-10-09 17:30:00,0.0,0.0
2023-10-09 18:30:00,0.0,0.0
2023-10-09 19:30:00,0.0,0.0
2023-10-09 20:30:00,0.0,0.0
2023-10-09 21:30:00,0.0,0.0
2023-10-09 22:30:00,0.0,0.0
2023-10-09 23:30:00,0.0,0.0
2023-10-10 00:30:00,0.0,0.0
2023-10-10 01:30:00,29.15,0.02915
2023-10-10 02:30:00,150.15,0.15015
2023-10-10 03:30:00,317.85,0.31785
2023-10-10 04:30:00,389.25,0.38925
2023-10-10 05:30:00,572.55,0.57255
2023-10-10 06:30:00,621.86,0.62186
2023-10-10 07:30:00,502.45,0.50245
2023-10-10 08:30:00,325.8,0.32580000000000003
2023-10-10 09:30:00,271.7,0.2717
2023-10-10 10:30:00,171.35,0.17135
2023-10-10 11:30:00,113.3,0.1133
2023-10-10 12:30:00,10.15,0.010150000000000001
2023-10-10 13:30:00,0.0,0.0
2023-10-10 14:30:00,0.0,0.0
2023-10-10 15:30:00,0.0,0.0
2023-10-10 16:30:00,0.0,0.0
2023-10-10 17:30:00,0.0,0.0
2023-10-10 18:30:00,0.0,0.0
2023-10-10 19:30:00,0.0,0.0
2023-10-10 20:30:00,0.0,0.0
2023-10-10 21:30:00,0.0,0.0
2023-10-10 22:30:00,0.0,0.0
2023-10-10 23:30:00,0.0,0.0
2023-10-11 00:30:00,0.0,0.0
2023-10-11 01:30:00,33.1,0.033100000000000004
2023-10-11 02:30:00,137.45,0.13745
2023-10-11 03:30:00,326.35,0.32635000000000003
2023-10-11 04:30:00,468.05,0.46805
2023-10-11 05:30:00,514.95,0.51495
2023-10-11 06:30:00,491.45,0.49145
2023-10-11 07:30:00,406.9,0.4069
2023-10-11 08:30:00,528.6,0.5286000000000001
2023-10-11 09:30:00,244.5,0.2445
2023-10-11 10:30:00,156.35,0.15635
2023-10-11 11:30:00,66.55,0.06655
2023-10-11 12:30:00,8.45,0.00845
2023-10-11 13:30:00,0.0,0.0
2023-10-11 14:30:00,0.0,0.0
2023-10-11 15:30:00,0.0,0.0
2023-10-11 16:30:00,0.0,0.0
2023-10-11 17:30:00,0.0,0.0
2023-10-11 18:30:00,0.0,0.0
2023-10-11 19:30:00,0.0,0.0
2023-10-11 20:30:00,0.0,0.0
2023-10-11 21:30:00,0.0,0.0
2023-10-11 22:30:00,0.0,0.0
2023-10-11 23:30:00,0.0,0.0
2023-10-12 00:30:00,0.0,0.0
2023-10-12 01:30:00,13.65,0.01365
2023-10-12 02:30:00,109.35,0.10934999999999999
2023-10-12 03:30:00,194.95,0.19494999999999998
2023-10-12 04:30:00,433.85,0.43385
2023-10-12 05:30:00,532.35,0.53235
2023-10-12 06:30:00,531.45,0.5314500000000001
2023-10-12 07:30:00,528.95,0.52895
2023-10-12 08:30:00,485.05,0.48505000000000004
2023-10-12 09:30:00,330.8,0.33080000000000004
2023-10-12 10:30:00,200.05,0.20005
2023-10-12 11:30:00,93.75,0.09375
2023-10-12 12:30:00,9.9,0.0099
2023-10-12 13:30:00,0.0,0.0
2023-10-12 14:30:00,0.0,0.0
2023-10-12 15:30:00,0.0,0.0
2023-10-12 16:30:00,0.0,0.0
2023-10-12 17:30:00,0.0,0.0
2023-10-12 18:30:00,0.0,0.0
2023-10-12 19:30:00,0.0,0.0
2023-10-12 20:30:00,0.0,0.0
2023-10-12 21:30:00,0.0,0.0
2023-10-12 22:30:00,0.0,0.0
2023-10-12 23:30:00,0.0,0.0
2023-10-13 00:30:00,0.0,0.0
2023-10-13 01:30:00,36.2,0.0362
2023-10-13 02:30:00,192.45,0.19244999999999998
2023-10-13 03:30:00,382.5,0.3825
2023-10-13 04:30:00,535.8,0.5357999999999999
2023-10-13 05:30:00,657.56,0.6575599999999999
2023-10-13 06:30:00,422.85,0.42285
2023-10-13 07:30:00,412.6,0.4126
2023-10-13 08:30:00,470.35,0.47035000000000005
2023-10-13 09:30:00,313.2,0.3132
2023-10-13 10:30:00,186.35,0.18635
2023-10-13 11:30:00,82.5,0.0825
2023-10-13 12:30:00,9.4,0.0094
2023-10-13 13:30:00,0.0,0.0
2023-10-13 14:30:00,0.0,0.0
2023-10-13 15:30:00,0.0,0.0
2023-10-13 16:30:00,0.0,0.0
2023-10-13 17:30:00,0.0,0.0
2023-10-13 18:30:00,0.0,0.0
2023-10-13 19:30:00,0.0,0.0
2023-10-13 20:30:00,0.0,0.0
2023-10-13 21:30:00,0.0,0.0
2023-10-13 22:30:00,0.0,0.0
2023-10-13 23:30:00,0.0,0.0
2023-10-14 00:30:00,0.0,0.0
2023-10-14 01:30:00,35.05,0.03505
2023-10-14 02:30:00,188.6,0.1886
2023-10-14 03:30:00,317.2,0.3172
2023-10-14 04:30:00,505.0,0.505
2023-10-14 05:30:00,604.31,0.6043099999999999
2023-10-14 06:30:00,652.81,0.6528099999999999
2023-10-14 07:30:00,399.65,0.39964999999999995
2023-10-14 08:30:00,425.8,0.4258
2023-10-14 09:30:00,417.65,0.41764999999999997
2023-10-14 10:30:00,245.2,0.2452
2023-10-14 11:30:00,61.45,0.061450000000000005
2023-10-14 12:30:00,0.0,0.0
2023-10-14 13:30:00,0.0,0.0
2023-10-14 14:30:00,0.0,0.0
2023-10-14 15:30:00,0.0,0.0
2023-10-14 16:30:00,0.0,0.0
2023-10-14 17:30:00,0.0,0.0
2023-10-14 18:30:00,0.0,0.0
2023-10-14 19:30:00,0.0,0.0
2023-10-14 20:30:00,0.0,0.0
2023-10-14 21:30:00,0.0,0.0
2023-10-14 22:30:00,0.0,0.0
2023-10-14 23:30:00,0.0,0.0
2023-10-15 00:30:00,0.0,0.0
2023-10-15 01:30:00,32.95,0.03295
2023-10-15 02:30:00,186.45,0.18644999999999998
2023-10-15 03:30:00,376.3,0.3763
2023-10-15 04:30:00,550.11,0.55011
2023-10-15 05:30:00,655.06,0.65506
2023-10-15 06:30:00,460.3,0.4603
2023-10-15 07:30:00,522.45,0.5224500000000001
2023-10-15 08:30:00,432.25,0.43225
2023-10-15 09:30:00,306.5,0.3065
2023-10-15 10:30:00,110.05,0.11005
2023-10-15 11:30:00,81.25,0.08125
2023-10-15 12:30:00,0.0,0.0
2023-10-15 13:30:00,0.0,0.0
2023-10-15 14:30:00,0.0,0.0
2023-10-15 15:30:00,0.0,0.0
2023-10-15 16:30:00,0.0,0.0
2023-10-15 17:30:00,0.0,0.0
2023-10-15 18:30:00,0.0,0.0
2023-10-15 19:30:00,0.0,0.0
2023-10-15 20:30:00,0.0,0.0
2023-10-15 21:30:00,0.0,0.0
2023-10-15 22:30:00,0.0,0.0
2023-10-15 23:30:00,0.0,0.0
2023-10-16 00:30:00,0.0,0.0
2023-10-16 01:30:00,32.45,0.03245
2023-10-16 02:30:00,171.6,0.1716
2023-10-16 03:30:00,340.45,0.34045
2023-10-16 04:30:00,437.6,0.43760000000000004
2023-10-16 05:30:00,575.61,0.5756100000000001
2023-10-16 06:30:00,493.95,0.49395
2023-10-16 07:30:00,533.75,0.53375
2023-10-16 08:30:00,442.85,0.44285
2023-10-16 09:30:00,301.55,0.30155
2023-10-16 10:30:00,143.2,0.1432
2023-10-16 11:30:00,83.95,0.08395
2023-10-16 12:30:00,0.0,0.0
2023-10-16 13:30:00,0.0,0.0
2023-10-16 14:30:00,0.0,0.0
2023-10-16 15:30:00,0.0,0.0
2023-10-16 16:30:00,0.0,0.0
2023-10-16 17:30:00,0.0,0.0
2023-10-16 18:30:00,0.0,0.0
2023-10-16 19:30:00,0.0,0.0
2023-10-16 20:30:00,0.0,0.0
2023-10-16 21:30:00,0.0,0.0
2023-10-16 22:30:00,0.0,0.0
2023-10-16 23:30:00,0.0,0.0
2023-10-17 00:30:00,0.0,0.0
2023-10-17 01:30:00,31.15,0.031149999999999997
2023-10-17 02:30:00,123.9,0.12390000000000001
2023-10-17 03:30:00,349.8,0.3498
2023-10-17 04:30:00,532.51,0.53251
2023-10-17 05:30:00,666.91,0.66691
2023-10-17 06:30:00,488.95,0.48895
2023-10-17 07:30:00,432.7,0.4327
2023-10-17 08:30:00,439.9,0.43989999999999996
2023-10-17 09:30:00,395.05,0.39505
2023-10-17 10:30:00,235.5,0.2355
2023-10-17 11:30:00,61.95,0.061950000000000005
2023-10-17 12:30:00,0.0,0.0
2023-10-17 13:30:00,0.0,0.0
2023-10-17 14:30:00,0.0,0.0
2023-10-17 15:30:00,0.0,0.0
2023-10-17 16:30:00,0.0,0.0
2023-10-17 17:30:00,0.0,0.0
2023-10-17 18:30:00,0.0,0.0
2023-10-17 19:30:00,0.0,0.0
2023-10-17 20:30:00,0.0,0.0
2023-10-17 21:30:00,0.0,0.0
2023-10-17 22:30:00,0.0,0.0
2023-10-17 23:30:00,0.0,0.0
2023-10-18 00:30:00,0.0,0.0
2023-10-18 01:30:00,33.9,0.0339
2023-10-18 02:30:00,184.25,0.18425
2023-10-18 03:30:00,383.3,0.38330000000000003
2023-10-18 04:30:00,562.91,0.56291
2023-10-18 05:30:00,622.11,0.62211
2023-10-18 06:30:00,336.95,0.33694999999999997
2023-10-18 07:30:00,451.5,0.4515
2023-10-18 08:30:00,398.4,0.3984
2023-10-18 09:30:00,359.1,0.35910000000000003
2023-10-18 10:30:00,233.65,0.23365
2023-10-18 11:30:00,92.85,0.09284999999999999
2023-10-18 12:30:00,0.0,0.0
2023-10-18 13:30:00,0.0,0.0
2023-10-18 14:30:00,0.0,0.0
2023-10-18 15:30:00,0.0,0.0
2023-10-18 16:30:00,0.0,0.0
2023-10-18 17:30:00,0.0,0.0
2023-10-18 18:30:00,0.0,0.0
2023-10-18 19:30:00,0.0,0.0
2023-10-18 20:30:00,0.0,0.0
2023-10-18 21:30:00,0.0,0.0
2023-10-18 22:30:00,0.0,0.0
2023-10-18 23:30:00,0.0,0.0
2023-10-19 00:30:00,0.0,0.0
2023-10-19 01:30:00,26.15,0.02615
2023-10-19 02:30:00,152.05,0.15205000000000002
2023-10-19 03:30:00,316.7,0.3167
2023-10-19 04:30:00,442.6,0.44260000000000005
2023-10-19 05:30:00,492.7,0.49269999999999997
2023-10-19 06:30:00,375.5,0.3755
2023-10-19 07:30:00,510.7,0.5107
2023-10-19 08:30:00,310.15,0.31015
2023-10-19 09:30:00,255.8,0.2558
2023-10-19 10:30:00,180.9,0.1809
2023-10-19 11:30:00,84.2,0.0842
2023-10-19 12:30:00,0.0,0.0
2023-10-19 13:30:00,0.0,0.0
2023-10-19 14:30:00,0.0,0.0
2023-10-19 15:30:00,0.0,0.0
2023-10-19 16:30:00,0.0,0.0
2023-10-19 17:30:00,0.0,0.0
2023-10-19 18:30:00,0.0,0.0
2023-10-19 19:30:00,0.0,0.0
2023-10-19 20:30:00,0.0,0.0
2023-10-19 21:30:00,0.0,0.0
2023-10-19 22:30:00,0.0,0.0
2023-10-19 23:30:00,0.0,0.0
2023-10-20 00:30:00,0.0,0.0
2023-10-20 01:30:00,31.1,0.031100000000000003
2023-10-20 02:30:00,167.35,0.16735
2023-10-20 03:30:00,357.15,0.35714999999999997
2023-10-20 04:30:00,502.36,0.50236
2023-10-20 05:30:00,638.21,0.63821
2023-10-20 06:30:00,529.66,0.52966
2023-10-20 07:30:00,314.8,0.3148
2023-10-20 08:30:00,294.5,0.2945
2023-10-20 09:30:00,301.35,0.30135
2023-10-20 10:30:00,170.9,0.1709
2023-10-20 11:30:00,75.7,0.0757
2023-10-20 12:30:00,0.0,0.0
2023-10-20 13:30:00,0.0,0.0
2023-10-20 14:30:00,0.0,0.0
2023-10-20 15:30:00,0.0,0.0
2023-10-20 16:30:00,0.0,0.0
2023-10-20 17:30:00,0.0,0.0
2023-10-20 18:30:00,0.0,0.0
2023-10-20 19:30:00,0.0,0.0
2023-10-20 20:30:00,0.0,0.0
2023-10-20 21:30:00,0.0,0.0
2023-10-20 22:30:00,0.0,0.0
2023-10-20 23:30:00,0.0,0.0
2023-10-21 00:30:00,0.0,0.0
2023-10-21 01:30:00,22.25,0.02225
2023-10-21 02:30:00,132.6,0.1326
2023-10-21 03:30:00,255.85,0.25585
2023-10-21 04:30:00,445.55,0.44555
2023-10-21 05:30:00,577.36,0.57736
2023-10-21 06:30:00,541.01,0.54101
2023-10-21 07:30:00,475.3,0.4753
2023-10-21 08:30:00,419.5,0.4195
2023-10-21 09:30:00,258.25,0.25825
2023-10-21 10:30:00,242.2,0.2422
2023-10-21 11:30:00,76.75,0.07675
2023-10-21 12:30:00,0.0,0.0
2023-10-21 13:30:00,0.0,0.0
2023-10-21 14:30:00,0.0,0.0
2023-10-21 15:30:00,0.0,0.0
2023-10-21 16:30:00,0.0,0.0
2023-10-21 17:30:00,0.0,0.0
2023-10-21 18:30:00,0.0,0.0
2023-10-21 19:30:00,0.0,0.0
2023-10-21 20:30:00,0.0,0.0
2023-10-21 21:30:00,0.0,0.0
2023-10-21 22:30:00,0.0,0.0
2023-10-21 23:30:00,0.0,0.0
2023-10-22 00:30:00,0.0,0.0
2023-10-22 01:30:00,16.95,0.01695
2023-10-22 02:30:00,106.95,0.10695
2023-10-22 03:30:00,230.1,0.2301
2023-10-22 04:30:00,313.85,0.31385
2023-10-22 05:30:00,549.96,0.54996
2023-10-22 06:30:00,661.91,0.66191
2023-10-22 07:30:00,599.66,0.59966
2023-10-22 08:30:00,504.56,0.50456
2023-10-22 09:30:00,425.1,0.42510000000000003
2023-10-22 10:30:00,250.05,0.25005
2023-10-22 11:30:00,98.65,0.09865
2023-10-22 12:30:00,0.0,0.0
2023-10-22 13:30:00,0.0,0.0
2023-10-22 14:30:00,0.0,0.0
2023-10-22 15:30:00,0.0,0.0
2023-10-22 16:30:00,0.0,0.0
2023-10-22 17:30:00,0.0,0.0
2023-10-22 18:30:00,0.0,0.0
2023-10-22 19:30:00,0.0,0.0
2023-10-22 20:30:00,0.0,0.0
2023-10-22 21:30:00,0.0,0.0
2023-10-22 22:30:00,0.0,0.0
2023-10-22 23:30:00,0.0,0.0
2023-10-23 00:30:00,0.0,0.0
2023-10-23 01:30:00,32.45,0.03245
2023-10-23 02:30:00,179.3,0.17930000000000001
2023-10-23 03:30:00,371.5,0.3715
2023-10-23 04:30:00,549.66,0.5496599999999999
2023-10-23 05:30:00,680.26,0.68026
2023-10-23 06:30:00,715.16,0.71516
2023-10-23 07:30:00,583.21,0.58321
2023-10-23 08:30:00,406.85,0.40685000000000004
2023-10-23 09:30:00,291.75,0.29175
2023-10-23 10:30:00,167.0,0.167
2023-10-23 11:30:00,46.65,0.04665
2023-10-23 12:30:00,0.0,0.0
2023-10-23 13:30:00,0.0,0.0
2023-10-23 14:30:00,0.0,0.0
2023-10-23 15:30:00,0.0,0.0
2023-10-23 16:30:00,0.0,0.0
2023-10-23 17:30:00,0.0,0.0
2023-10-23 18:30:00,0.0,0.0
2023-10-23 19:30:00,0.0,0.0
2023-10-23 20:30:00,0.0,0.0
2023-10-23 21:30:00,0.0,0.0
2023-10-23 22:30:00,0.0,0.0
2023-10-23 23:30:00,0.0,0.0
2023-10-24 00:30:00,0.0,0.0
2023-10-24 01:30:00,31.85,0.03185
2023-10-24 02:30:00,179.4,0.1794
2023-10-24 03:30:00,378.75,0.37875
2023-10-24 04:30:00,546.96,0.54696
2023-10-24 05:30:00,661.71,0.66171
2023-10-24 06:30:00,664.01,0.66401
2023-10-24 07:30:00,642.21,0.6422100000000001
2023-10-24 08:30:00,395.8,0.3958
2023-10-24 09:30:00,288.7,0.2887
2023-10-24 10:30:00,161.85,0.16185
2023-10-24 11:30:00,72.85,0.07285
2023-10-24 12:30:00,0.0,0.0
2023-10-24 13:30:00,0.0,0.0
2023-10-24 14:30:00,0.0,0.0
2023-10-24 15:30:00,0.0,0.0
2023-10-24 16:30:00,0.0,0.0
2023-10-24 17:30:00,0.0,0.0
2023-10-24 18:30:00,0.0,0.0
2023-10-24 19:30:00,0.0,0.0
2023-10-24 20:30:00,0.0,0.0
2023-10-24 21:30:00,0.0,0.0
2023-10-24 22:30:00,0.0,0.0
2023-10-24 23:30:00,0.0,0.0
2023-10-25 00:30:00,0.0,0.0
2023-10-25 01:30:00,13.45,0.01345
2023-10-25 02:30:00,75.1,0.0751
2023-10-25 03:30:00,271.7,0.2717
2023-10-25 04:30:00,510.51,0.51051
2023-10-25 05:30:00,668.21,0.6682100000000001
2023-10-25 06:30:00,564.36,0.56436
2023-10-25 07:30:00,559.26,0.55926
2023-10-25 08:30:00,361.95,0.36195
2023-10-25 09:30:00,280.25,0.28025
2023-10-25 10:30:00,188.45,0.18844999999999998
2023-10-25 11:30:00,85.35,0.08535
2023-10-25 12:30:00,0.0,0.0
2023-10-25 13:30:00,0.0,0.0
2023-10-25 14:30:00,0.0,0.0
2023-10-25 15:30:00,0.0,0.0
2023-10-25 16:30:00,0.0,0.0
2023-10-25 17:30:00,0.0,0.0
2023-10-25 18:30:00,0.0,0.0
2023-10-25 19:30:00,0.0,0.0
2023-10-25 20:30:00,0.0,0.0
2023-10-25 21:30:00,0.0,0.0
2023-10-25 22:30:00,0.0,0.0
2023-10-25 23:30:00,0.0,0.0
2023-10-26 00:30:00,0.0,0.0
2023-10-26 01:30:00,22.4,0.0224
2023-10-26 02:30:00,147.15,0.14715
2023-10-26 03:30:00,339.15,0.33914999999999995
2023-10-26 04:30:00,542.86,0.54286
2023-10-26 05:30:00,657.01,0.65701
2023-10-26 06:30:00,723.56,0.72356
2023-10-26 07:30:00,712.26,0.71226
2023-10-26 08:30:00,606.91,0.60691
2023-10-26 09:30:00,433.51,0.43351
2023-10-26 10:30:00,242.95,0.24295
2023-10-26 11:30:00,101.1,0.1011
2023-10-26 12:30:00,0.0,0.0
2023-10-26 13:30:00,0.0,0.0
2023-10-26 14:30:00,0.0,0.0
2023-10-26 15:30:00,0.0,0.0
2023-10-26 16:30:00,0.0,0.0
2023-10-26 17:30:00,0.0,0.0
2023-10-26 18:30:00,0.0,0.0
2023-10-26 19:30:00,0.0,0.0
2023-10-26 20:30:00,0.0,0.0
2023-10-26 21:30:00,0.0,0.0
2023-10-26 22:30:00,0.0,0.0
2023-10-26 23:30:00,0.0,0.0
2023-10-27 00:30:00,0.0,0.0
2023-10-27 01:30:00,31.6,0.0316
2023-10-27 02:30:00,185.5,0.1855
2023-10-27 03:30:00,383.31,0.38331
2023-10-27 04:30:00,551.81,0.5518099999999999
2023-10-27 05:30:00,682.26,0.68226
2023-10-27 06:30:00,743.66,0.74366
2023-10-27 07:30:00,730.51,0.73051
2023-10-27 08:30:00,646.41,0.6464099999999999
2023-10-27 09:30:00,498.76,0.49876
2023-10-27 10:30:00,304.35,0.30435
2023-10-27 11:30:00,109.85,0.10984999999999999
2023-10-27 12:30:00,0.0,0.0
2023-10-27 13:30:00,0.0,0.0
2023-10-27 14:30:00,0.0,0.0
2023-10-27 15:30:00,0.0,0.0
2023-10-27 16:30:00,0.0,0.0
2023-10-27 17:30:00,0.0,0.0
2023-10-27 18:30:00,0.0,0.0
2023-10-27 19:30:00,0.0,0.0
2023-10-27 20:30:00,0.0,0.0
2023-10-27 21:30:00,0.0,0.0
2023-10-27 22:30:00,0.0,0.0
2023-10-27 23:30:00,0.0,0.0
2023-10-28 00:30:00,0.0,0.0
2023-10-28 01:30:00,31.2,0.0312
2023-10-28 02:30:00,185.55,0.18555000000000002
2023-10-28 03:30:00,385.16,0.38516
2023-10-28 04:30:00,559.91,0.55991
2023-10-28 05:30:00,682.66,0.6826599999999999
2023-10-28 06:30:00,742.76,0.74276
2023-10-28 07:30:00,727.46,0.72746
2023-10-28 08:30:00,641.16,0.64116
2023-10-28 09:30:00,493.51,0.49351
2023-10-28 10:30:00,295.8,0.2958
2023-10-28 11:30:00,104.1,0.1041
2023-10-28 12:30:00,0.0,0.0
2023-10-28 13:30:00,0.0,0.0
2023-10-28 14:30:00,0.0,0.0
2023-10-28 15:30:00,0.0,0.0
2023-10-28 16:30:00,0.0,0.0
2023-10-28 17:30:00,0.0,0.0
2023-10-28 18:30:00,0.0,0.0
2023-10-28 19:30:00,0.0,0.0
2023-10-28 20:30:00,0.0,0.0
2023-10-28 21:30:00,0.0,0.0
2023-10-28 22:30:00,0.0,0.0
2023-10-28 23:30:00,0.0,0.0
2023-10-29 00:30:00,0.0,0.0
2023-10-29 01:30:00,30.0,0.03
2023-10-29 02:30:00,180.35,0.18034999999999998
2023-10-29 03:30:00,376.16,0.37616000000000005
2023-10-29 04:30:00,548.26,0.54826
2023-10-29 05:30:00,668.71,0.66871
2023-10-29 06:30:00,724.86,0.7248600000000001
2023-10-29 07:30:00,712.76,0.71276
2023-10-29 08:30:00,568.11,0.56811
2023-10-29 09:30:00,392.95,0.39294999999999997
2023-10-29 10:30:00,243.1,0.24309999999999998
2023-10-29 11:30:00,90.0,0.09
2023-10-29 12:30:00,0.0,0.0
2023-10-29 13:30:00,0.0,0.0
2023-10-29 14:30:00,0.0,0.0
2023-10-29 15:30:00,0.0,0.0
2023-10-29 16:30:00,0.0,0.0
2023-10-29 17:30:00,0.0,0.0
2023-10-29 18:30:00,0.0,0.0
2023-10-29 19:30:00,0.0,0.0
2023-10-29 20:30:00,0.0,0.0
2023-10-29 21:30:00,0.0,0.0
2023-10-29 22:30:00,0.0,0.0
2023-10-29 23:30:00,0.0,0.0
2023-10-30 00:30:00,0.0,0.0
2023-10-30 01:30:00,28.9,0.0289
2023-10-30 02:30:00,177.25,0.17725
2023-10-30 03:30:00,367.46,0.36745999999999995
2023-10-30 04:30:00,535.86,0.53586
2023-10-30 05:30:00,662.11,0.66211
2023-10-30 06:30:00,719.06,0.7190599999999999
2023-10-30 07:30:00,697.71,0.69771
2023-10-30 08:30:00,568.56,0.56856
2023-10-30 09:30:00,406.41,0.40641000000000005
2023-10-30 10:30:00,229.65,0.22965
2023-10-30 11:30:00,80.35,0.08034999999999999
2023-10-30 12:30:00,0.0,0.0
2023-10-30 13:30:00,0.0,0.0
2023-10-30 14:30:00,0.0,0.0
2023-10-30 15:30:00,0.0,0.0
2023-10-30 16:30:00,0.0,0.0
2023-10-30 17:30:00,0.0,0.0
2023-10-30 18:30:00,0.0,0.0
2023-10-30 19:30:00,0.0,0.0
2023-10-30 20:30:00,0.0,0.0
2023-10-30 21:30:00,0.0,0.0
2023-10-30 22:30:00,0.0,0.0
2023-10-30 23:30:00,0.0,0.0
2023-10-31 00:30:00,0.0,0.0
2023-10-31 01:30:00,27.25,0.02725
2023-10-31 02:30:00,173.05,0.17305
2023-10-31 03:30:00,367.46,0.36745999999999995
2023-10-31 04:30:00,537.61,0.53761
2023-10-31 05:30:00,659.76,0.65976
2023-10-31 06:30:00,710.61,0.71061
2023-10-31 07:30:00,678.56,0.6785599999999999
2023-10-31 08:30:00,519.61,0.51961
2023-10-31 09:30:00,103.65,0.10365
2023-10-31 10:30:00,66.85,0.06684999999999999
2023-10-31 11:30:00,24.75,0.02475
2023-10-31 12:30:00,0.0,0.0
2023-10-31 13:30:00,0.0,0.0
2023-10-31 14:30:00,0.0,0.0
2023-10-31 15:30:00,0.0,0.0
2023-10-31 16:30:00,0.0,0.0
2023-10-31 17:30:00,0.0,0.0
2023-10-31 18:30:00,0.0,0.0
2023-10-31 19:30:00,0.0,0.0
2023-10-31 20:30:00,0.0,0.0
2023-10-31 21:30:00,0.0,0.0
2023-10-31 22:30:00,0.0,0.0
2023-10-31 23:30:00,0.0,0.0
2023-11-01 00:30:00,0.0,0.0
2023-11-01 01:30:00,27.85,0.02785
2023-11-01 02:30:00,174.1,0.1741
2023-11-01 03:30:00,367.16,0.36716000000000004
2023-11-01 04:30:00,538.31,0.53831
2023-11-01 05:30:00,659.31,0.65931
2023-11-01 06:30:00,715.21,0.71521
2023-11-01 07:30:00,703.16,0.70316
2023-11-01 08:30:00,620.61,0.62061
2023-11-01 09:30:00,475.26,0.47526
2023-11-01 10:30:00,292.15,0.29214999999999997
2023-11-01 11:30:00,103.65,0.10365
2023-11-01 12:30:00,0.0,0.0
2023-11-01 13:30:00,0.0,0.0
2023-11-01 14:30:00,0.0,0.0
2023-11-01 15:30:00,0.0,0.0
2023-11-01 16:30:00,0.0,0.0
2023-11-01 17:30:00,0.0,0.0
2023-11-01 18:30:00,0.0,0.0
2023-11-01 19:30:00,0.0,0.0
2023-11-01 20:30:00,0.0,0.0
2023-11-01 21:30:00,0.0,0.0
2023-11-01 22:30:00,0.0,0.0
2023-11-01 23:30:00,0.0,0.0
2023-11-02 00:30:00,0.0,0.0
2023-11-02 01:30:00,27.15,0.027149999999999997
2023-11-02 02:30:00,173.15,0.17315
2023-11-02 03:30:00,366.01,0.36601
2023-11-02 04:30:00,536.61,0.53661
2023-11-02 05:30:00,659.16,0.65916
2023-11-02 06:30:00,701.91,0.7019099999999999
2023-11-02 07:30:00,675.06,0.67506
2023-11-02 08:30:00,589.51,0.58951
2023-11-02 09:30:00,416.51,0.41651
2023-11-02 10:30:00,262.95,0.26294999999999996
2023-11-02 11:30:00,96.25,0.09625
2023-11-02 12:30:00,0.0,0.0
2023-11-02 13:30:00,0.0,0.0
2023-11-02 14:30:00,0.0,0.0
2023-11-02 15:30:00,0.0,0.0
2023-11-02 16:30:00,0.0,0.0
2023-11-02 17:30:00,0.0,0.0
2023-11-02 18:30:00,0.0,0.0
2023-11-02 19:30:00,0.0,0.0
2023-11-02 20:30:00,0.0,0.0
2023-11-02 21:30:00,0.0,0.0
2023-11-02 22:30:00,0.0,0.0
2023-11-02 23:30:00,0.0,0.0
2023-11-03 00:30:00,0.0,0.0
2023-11-03 01:30:00,25.15,0.02515
2023-11-03 02:30:00,164.65,0.16465000000000002
2023-11-03 03:30:00,353.01,0.35301
2023-11-03 04:30:00,521.96,0.5219600000000001
2023-11-03 05:30:00,639.16,0.63916
2023-11-03 06:30:00,687.31,0.68731
2023-11-03 07:30:00,605.46,0.60546
2023-11-03 08:30:00,536.11,0.53611
2023-11-03 09:30:00,412.91,0.41291
2023-11-03 10:30:00,268.1,0.2681
2023-11-03 11:30:00,84.15,0.08415
2023-11-03 12:30:00,0.0,0.0
2023-11-03 13:30:00,0.0,0.0
2023-11-03 14:30:00,0.0,0.0
2023-11-03 15:30:00,0.0,0.0
2023-11-03 16:30:00,0.0,0.0
2023-11-03 17:30:00,0.0,0.0
2023-11-03 18:30:00,0.0,0.0
2023-11-03 19:30:00,0.0,0.0
2023-11-03 20:30:00,0.0,0.0
2023-11-03 21:30:00,0.0,0.0
2023-11-03 22:30:00,0.0,0.0
2023-11-03 23:30:00,0.0,0.0
2023-11-04 00:30:00,0.0,0.0
2023-11-04 01:30:00,24.6,0.0246
2023-11-04 02:30:00,163.7,0.16369999999999998
2023-11-04 03:30:00,353.11,0.35311000000000003
2023-11-04 04:30:00,518.61,0.51861
2023-11-04 05:30:00,636.91,0.63691
2023-11-04 06:30:00,620.86,0.62086
2023-11-04 07:30:00,601.36,0.60136
2023-11-04 08:30:00,530.91,0.53091
2023-11-04 09:30:00,425.86,0.42586
2023-11-04 10:30:00,174.2,0.1742
2023-11-04 11:30:00,74.25,0.07425
2023-11-04 12:30:00,0.0,0.0
2023-11-04 13:30:00,0.0,0.0
2023-11-04 14:30:00,0.0,0.0
2023-11-04 15:30:00,0.0,0.0
2023-11-04 16:30:00,0.0,0.0
2023-11-04 17:30:00,0.0,0.0
2023-11-04 18:30:00,0.0,0.0
2023-11-04 19:30:00,0.0,0.0
2023-11-04 20:30:00,0.0,0.0
2023-11-04 21:30:00,0.0,0.0
2023-11-04 22:30:00,0.0,0.0
2023-11-04 23:30:00,0.0,0.0
2023-11-05 00:30:00,0.0,0.0
2023-11-05 01:30:00,13.75,0.01375
2023-11-05 02:30:00,114.05,0.11405
2023-11-05 03:30:00,288.7,0.2887
2023-11-05 04:30:00,443.56,0.44356
2023-11-05 05:30:00,544.31,0.54431
2023-11-05 06:30:00,529.06,0.52906
2023-11-05 07:30:00,577.71,0.5777100000000001
2023-11-05 08:30:00,456.56,0.45656
2023-11-05 09:30:00,371.01,0.37101
2023-11-05 10:30:00,224.0,0.224
2023-11-05 11:30:00,83.65,0.08365
2023-11-05 12:30:00,0.0,0.0
2023-11-05 13:30:00,0.0,0.0
2023-11-05 14:30:00,0.0,0.0
2023-11-05 15:30:00,0.0,0.0
2023-11-05 16:30:00,0.0,0.0
2023-11-05 17:30:00,0.0,0.0
2023-11-05 18:30:00,0.0,0.0
2023-11-05 19:30:00,0.0,0.0
2023-11-05 20:30:00,0.0,0.0
2023-11-05 21:30:00,0.0,0.0
2023-11-05 22:30:00,0.0,0.0
2023-11-05 23:30:00,0.0,0.0
2023-11-06 00:30:00,0.0,0.0
2023-11-06 01:30:00,14.8,0.0148
2023-11-06 02:30:00,101.2,0.1012
2023-11-06 03:30:00,261.25,0.26125
2023-11-06 04:30:00,453.36,0.45336000000000004
2023-11-06 05:30:00,565.41,0.56541
2023-11-06 06:30:00,602.36,0.60236
2023-11-06 07:30:00,603.61,0.60361
2023-11-06 08:30:00,504.91,0.50491
2023-11-06 09:30:00,398.61,0.39861
2023-11-06 10:30:00,243.2,0.2432
2023-11-06 11:30:00,60.45,0.060450000000000004
2023-11-06 12:30:00,0.0,0.0
2023-11-06 13:30:00,0.0,0.0
2023-11-06 14:30:00,0.0,0.0
2023-11-06 15:30:00,0.0,0.0
2023-11-06 16:30:00,0.0,0.0
2023-11-06 17:30:00,0.0,0.0
2023-11-06 18:30:00,0.0,0.0
2023-11-06 19:30:00,0.0,0.0
2023-11-06 20:30:00,0.0,0.0
2023-11-06 21:30:00,0.0,0.0
2023-11-06 22:30:00,0.0,0.0
2023-11-06 23:30:00,0.0,0.0
2023-11-07 00:30:00,0.0,0.0
2023-11-07 01:30:00,19.35,0.019350000000000003
2023-11-07 02:30:00,145.05,0.14505
2023-11-07 03:30:00,315.16,0.31516000000000005
2023-11-07 04:30:00,476.26,0.47626
2023-11-07 05:30:00,526.26,0.52626
2023-11-07 06:30:00,571.31,0.57131
2023-11-07 07:30:00,528.46,0.52846
2023-11-07 08:30:00,479.06,0.47906
2023-11-07 09:30:00,387.11,0.38711
2023-11-07 10:30:00,173.85,0.17385
2023-11-07 11:30:00,43.1,0.0431
2023-11-07 12:30:00,0.0,0.0
2023-11-07 13:30:00,0.0,0.0
2023-11-07 14:30:00,0.0,0.0
2023-11-07 15:30:00,0.0,0.0
2023-11-07 16:30:00,0.0,0.0
2023-11-07 17:30:00,0.0,0.0
2023-11-07 18:30:00,0.0,0.0
2023-11-07 19:30:00,0.0,0.0
2023-11-07 20:30:00,0.0,0.0
2023-11-07 21:30:00,0.0,0.0
2023-11-07 22:30:00,0.0,0.0
2023-11-07 23:30:00,0.0,0.0
2023-11-08 00:30:00,0.0,0.0
2023-11-08 01:30:00,7.25,0.00725
2023-11-08 02:30:00,63.75,0.06375
2023-11-08 03:30:00,212.8,0.21280000000000002
2023-11-08 04:30:00,309.2,0.3092
2023-11-08 05:30:00,436.26,0.43626
2023-11-08 06:30:00,299.9,0.2999
2023-11-08 07:30:00,290.4,0.2904
2023-11-08 08:30:00,241.05,0.24105000000000001
2023-11-08 09:30:00,139.5,0.1395
2023-11-08 10:30:00,79.75,0.07975
2023-11-08 11:30:00,14.6,0.0146
2023-11-08 12:30:00,0.0,0.0
2023-11-08 13:30:00,0.0,0.0
2023-11-08 14:30:00,0.0,0.0
2023-11-08 15:30:00,0.0,0.0
2023-11-08 16:30:00,0.0,0.0
2023-11-08 17:30:00,0.0,0.0
2023-11-08 18:30:00,0.0,0.0
2023-11-08 19:30:00,0.0,0.0
2023-11-08 20:30:00,0.0,0.0
2023-11-08 21:30:00,0.0,0.0
2023-11-08 22:30:00,0.0,0.0
2023-11-08 23:30:00,0.0,0.0
2023-11-09 00:30:00,0.0,0.0
2023-11-09 01:30:00,11.5,0.0115
2023-11-09 02:30:00,109.7,0.1097
2023-11-09 03:30:00,273.7,0.2737
2023-11-09 04:30:00,389.21,0.38921
2023-11-09 05:30:00,538.56,0.5385599999999999
2023-11-09 06:30:00,503.56,0.50356
2023-11-09 07:30:00,438.86,0.43886000000000003
2023-11-09 08:30:00,403.41,0.40341000000000005
2023-11-09 09:30:00,207.2,0.2072
2023-11-09 10:30:00,134.95,0.13495
2023-11-09 11:30:00,40.85,0.040850000000000004
2023-11-09 12:30:00,0.0,0.0
2023-11-09 13:30:00,0.0,0.0
2023-11-09 14:30:00,0.0,0.0
2023-11-09 15:30:00,0.0,0.0
2023-11-09 16:30:00,0.0,0.0
2023-11-09 17:30:00,0.0,0.0
2023-11-09 18:30:00,0.0,0.0
2023-11-09 19:30:00,0.0,0.0
2023-11-09 20:30:00,0.0,0.0
2023-11-09 21:30:00,0.0,0.0
2023-11-09 22:30:00,0.0,0.0
2023-11-09 23:30:00,0.0,0.0
2023-11-10 00:30:00,0.0,0.0
2023-11-10 01:30:00,10.0,0.01
2023-11-10 02:30:00,90.7,0.0907
2023-11-10 03:30:00,242.6,0.24259999999999998
2023-11-10 04:30:00,447.96,0.44795999999999997
2023-11-10 05:30:00,551.66,0.5516599999999999
2023-11-10 06:30:00,571.46,0.5714600000000001
2023-11-10 07:30:00,441.61,0.44161
2023-11-10 08:30:00,392.16,0.39216
2023-11-10 09:30:00,276.05,0.27605
2023-11-10 10:30:00,155.85,0.15585
2023-11-10 11:30:00,58.7,0.0587
2023-11-10 12:30:00,0.0,0.0
2023-11-10 13:30:00,0.0,0.0
2023-11-10 14:30:00,0.0,0.0
2023-11-10 15:30:00,0.0,0.0
2023-11-10 16:30:00,0.0,0.0
2023-11-10 17:30:00,0.0,0.0
2023-11-10 18:30:00,0.0,0.0
2023-11-10 19:30:00,0.0,0.0
2023-11-10 20:30:00,0.0,0.0
2023-11-10 21:30:00,0.0,0.0
2023-11-10 22:30:00,0.0,0.0
2023-11-10 23:30:00,0.0,0.0
2023-11-11 00:30:00,0.0,0.0
2023-11-11 01:30:00,14.65,0.01465
2023-11-11 02:30:00,127.5,0.1275
2023-11-11 03:30:00,304.11,0.30411
2023-11-11 04:30:00,443.11,0.44311
2023-11-11 05:30:00,569.96,0.56996
2023-11-11 06:30:00,518.61,0.51861
2023-11-11 07:30:00,540.31,0.54031
2023-11-11 08:30:00,516.56,0.5165599999999999
2023-11-11 09:30:00,391.71,0.39171
2023-11-11 10:30:00,237.8,0.2378
2023-11-11 11:30:00,64.45,0.06445000000000001
2023-11-11 12:30:00,0.0,0.0
2023-11-11 13:30:00,0.0,0.0
2023-11-11 14:30:00,0.0,0.0
2023-11-11 15:30:00,0.0,0.0
2023-11-11 16:30:00,0.0,0.0
2023-11-11 17:30:00,0.0,0.0
2023-11-11 18:30:00,0.0,0.0
2023-11-11 19:30:00,0.0,0.0
2023-11-11 20:30:00,0.0,0.0
2023-11-11 21:30:00,0.0,0.0
2023-11-11 22:30:00,0.0,0.0
2023-11-11 23:30:00,0.0,0.0
2023-11-12 00:30:00,0.0,0.0
2023-11-12 01:30:00,17.9,0.0179
2023-11-12 02:30:00,141.75,0.14175
2023-11-12 03:30:00,326.61,0.32661
2023-11-12 04:30:00,492.66,0.49266000000000004
2023-11-12 05:30:00,613.91,0.61391
2023-11-12 06:30:00,603.56,0.60356
2023-11-12 07:30:00,548.91,0.54891
2023-11-12 08:30:00,514.16,0.51416
2023-11-12 09:30:00,414.01,0.41401
2023-11-12 10:30:00,235.35,0.23535
2023-11-12 11:30:00,75.15,0.07515000000000001
2023-11-12 12:30:00,0.0,0.0
2023-11-12 13:30:00,0.0,0.0
2023-11-12 14:30:00,0.0,0.0
2023-11-12 15:30:00,0.0,0.0
2023-11-12 16:30:00,0.0,0.0
2023-11-12 17:30:00,0.0,0.0
2023-11-12 18:30:00,0.0,0.0
2023-11-12 19:30:00,0.0,0.0
2023-11-12 20:30:00,0.0,0.0
2023-11-12 21:30:00,0.0,0.0
2023-11-12 22:30:00,0.0,0.0
2023-11-12 23:30:00,0.0,0.0
2023-11-13 00:30:00,0.0,0.0
2023-11-13 01:30:00,13.05,0.01305
2023-11-13 02:30:00,120.35,0.12035
2023-11-13 03:30:00,300.16,0.30016000000000004
2023-11-13 04:30:00,427.66,0.42766000000000004
2023-11-13 05:30:00,571.76,0.57176
2023-11-13 06:30:00,628.11,0.6281100000000001
2023-11-13 07:30:00,610.66,0.61066
2023-11-13 08:30:00,414.51,0.41451
2023-11-13 09:30:00,311.25,0.31125
2023-11-13 10:30:00,209.95,0.20995
2023-11-13 11:30:00,64.45,0.06445000000000001
2023-11-13 12:30:00,0.0,0.0
2023-11-13 13:30:00,0.0,0.0
2023-11-13 14:30:00,0.0,0.0
2023-11-13 15:30:00,0.0,0.0
2023-11-13 16:30:00,0.0,0.0
2023-11-13 17:30:00,0.0,0.0
2023-11-13 18:30:00,0.0,0.0
2023-11-13 19:30:00,0.0,0.0
2023-11-13 20:30:00,0.0,0.0
2023-11-13 21:30:00,0.0,0.0
2023-11-13 22:30:00,0.0,0.0
2023-11-13 23:30:00,0.0,0.0
2023-11-14 00:30:00,0.0,0.0
2023-11-14 01:30:00,17.6,0.0176
2023-11-14 02:30:00,145.0,0.145
2023-11-14 03:30:00,328.56,0.32856
2023-11-14 04:30:00,495.96,0.49595999999999996
2023-11-14 05:30:00,598.56,0.59856
2023-11-14 06:30:00,598.16,0.5981599999999999
2023-11-14 07:30:00,589.06,0.5890599999999999
2023-11-14 08:30:00,492.41,0.49241
2023-11-14 09:30:00,395.76,0.39576
2023-11-14 10:30:00,236.95,0.23695
2023-11-14 11:30:00,68.2,0.0682
2023-11-14 12:30:00,0.0,0.0
2023-11-14 13:30:00,0.0,0.0
2023-11-14 14:30:00,0.0,0.0
2023-11-14 15:30:00,0.0,0.0
2023-11-14 16:30:00,0.0,0.0
2023-11-14 17:30:00,0.0,0.0
2023-11-14 18:30:00,0.0,0.0
2023-11-14 19:30:00,0.0,0.0
2023-11-14 20:30:00,0.0,0.0
2023-11-14 21:30:00,0.0,0.0
2023-11-14 22:30:00,0.0,0.0
2023-11-14 23:30:00,0.0,0.0
2023-11-15 00:30:00,0.0,0.0
2023-11-15 01:30:00,18.65,0.01865
2023-11-15 02:30:00,151.0,0.151
2023-11-15 03:30:00,338.06,0.33806
2023-11-15 04:30:00,505.31,0.50531
2023-11-15 05:30:00,622.96,0.6229600000000001
2023-11-15 06:30:00,667.86,0.66786
2023-11-15 07:30:00,658.81,0.6588099999999999
2023-11-15 08:30:00,546.76,0.54676
2023-11-15 09:30:00,431.01,0.43101
2023-11-15 10:30:00,268.76,0.26876
2023-11-15 11:30:00,82.2,0.08220000000000001
2023-11-15 12:30:00,0.0,0.0
2023-11-15 13:30:00,0.0,0.0
2023-11-15 14:30:00,0.0,0.0
2023-11-15 15:30:00,0.0,0.0
2023-11-15 16:30:00,0.0,0.0
2023-11-15 17:30:00,0.0,0.0
2023-11-15 18:30:00,0.0,0.0
2023-11-15 19:30:00,0.0,0.0
2023-11-15 20:30:00,0.0,0.0
2023-11-15 21:30:00,0.0,0.0
2023-11-15 22:30:00,0.0,0.0
2023-11-15 23:30:00,0.0,0.0
2023-11-16 00:30:00,0.0,0.0
2023-11-16 01:30:00,18.0,0.018
2023-11-16 02:30:00,148.35,0.14834999999999998
2023-11-16 03:30:00,334.61,0.33461
2023-11-16 04:30:00,502.31,0.50231
2023-11-16 05:30:00,614.71,0.6147100000000001
2023-11-16 06:30:00,680.96,0.68096
2023-11-16 07:30:00,666.96,0.66696
2023-11-16 08:30:00,586.46,0.58646
2023-11-16 09:30:00,434.51,0.43451
2023-11-16 10:30:00,256.56,0.25656
2023-11-16 11:30:00,83.25,0.08325
2023-11-16 12:30:00,0.0,0.0
2023-11-16 13:30:00,0.0,0.0
2023-11-16 14:30:00,0.0,0.0
2023-11-16 15:30:00,0.0,0.0
2023-11-16 16:30:00,0.0,0.0
2023-11-16 17:30:00,0.0,0.0
2023-11-16 18:30:00,0.0,0.0
2023-11-16 19:30:00,0.0,0.0
2023-11-16 20:30:00,0.0,0.0
2023-11-16 21:30:00,0.0,0.0
2023-11-16 22:30:00,0.0,0.0
2023-11-16 23:30:00,0.0,0.0
2023-11-17 00:30:00,0.0,0.0
2023-11-17 01:30:00,16.85,0.01685
2023-11-17 02:30:00,143.7,0.1437
2023-11-17 03:30:00,328.26,0.32826
2023-11-17 04:30:00,495.31,0.49531000000000003
2023-11-17 05:30:00,616.11,0.61611
2023-11-17 06:30:00,679.31,0.67931
2023-11-17 07:30:00,666.51,0.6665099999999999
2023-11-17 08:30:00,585.16,0.58516
2023-11-17 09:30:00,444.91,0.44491
2023-11-17 10:30:00,246.86,0.24686000000000002
2023-11-17 11:30:00,78.95,0.07895
2023-11-17 12:30:00,0.0,0.0
2023-11-17 13:30:00,0.0,0.0
2023-11-17 14:30:00,0.0,0.0
2023-11-17 15:30:00,0.0,0.0
2023-11-17 16:30:00,0.0,0.0
2023-11-17 17:30:00,0.0,0.0
2023-11-17 18:30:00,0.0,0.0
2023-11-17 19:30:00,0.0,0.0
2023-11-17 20:30:00,0.0,0.0
2023-11-17 21:30:00,0.0,0.0
2023-11-17 22:30:00,0.0,0.0
2023-11-17 23:30:00,0.0,0.0
2023-11-18 00:30:00,0.0,0.0
2023-11-18 01:30:00,16.55,0.016550000000000002
2023-11-18 02:30:00,144.15,0.14415
2023-11-18 03:30:00,329.01,0.32900999999999997
2023-11-18 04:30:00,496.71,0.49671
2023-11-18 05:30:00,615.71,0.6157100000000001
2023-11-18 06:30:00,667.06,0.66706
2023-11-18 07:30:00,615.56,0.61556
2023-11-18 08:30:00,460.06,0.46006
2023-11-18 09:30:00,280.75,0.28075
2023-11-18 10:30:00,210.4,0.2104
2023-11-18 11:30:00,71.35,0.07135
2023-11-18 12:30:00,0.0,0.0
2023-11-18 13:30:00,0.0,0.0
2023-11-18 14:30:00,0.0,0.0
2023-11-18 15:30:00,0.0,0.0
2023-11-18 16:30:00,0.0,0.0
2023-11-18 17:30:00,0.0,0.0
2023-11-18 18:30:00,0.0,0.0
2023-11-18 19:30:00,0.0,0.0
2023-11-18 20:30:00,0.0,0.0
2023-11-18 21:30:00,0.0,0.0
2023-11-18 22:30:00,0.0,0.0
2023-11-18 23:30:00,0.0,0.0
2023-11-19 00:30:00,0.0,0.0
2023-11-19 01:30:00,12.7,0.0127
2023-11-19 02:30:00,102.75,0.10275
2023-11-19 03:30:00,249.55,0.24955000000000002
2023-11-19 04:30:00,420.46,0.42046
2023-11-19 05:30:00,552.41,0.55241
2023-11-19 06:30:00,567.56,0.56756
2023-11-19 07:30:00,422.16,0.42216000000000004
2023-11-19 08:30:00,334.25,0.33425
2023-11-19 09:30:00,224.5,0.2245
2023-11-19 10:30:00,114.0,0.114
2023-11-19 11:30:00,47.7,0.047700000000000006
2023-11-19 12:30:00,0.0,0.0
2023-11-19 13:30:00,0.0,0.0
2023-11-19 14:30:00,0.0,0.0
2023-11-19 15:30:00,0.0,0.0
2023-11-19 16:30:00,0.0,0.0
2023-11-19 17:30:00,0.0,0.0
2023-11-19 18:30:00,0.0,0.0
2023-11-19 19:30:00,0.0,0.0
2023-11-19 20:30:00,0.0,0.0
2023-11-19 21:30:00,0.0,0.0
2023-11-19 22:30:00,0.0,0.0
2023-11-19 23:30:00,0.0,0.0
2023-11-20 00:30:00,0.0,0.0
2023-11-20 01:30:00,11.55,0.011550000000000001
2023-11-20 02:30:00,106.8,0.10679999999999999
2023-11-20 03:30:00,253.15,0.25315
2023-11-20 04:30:00,374.41,0.37441
2023-11-20 05:30:00,497.16,0.49716000000000005
2023-11-20 06:30:00,514.41,0.5144099999999999
2023-11-20 07:30:00,418.61,0.41861000000000004
2023-11-20 08:30:00,218.8,0.21880000000000002
2023-11-20 09:30:00,287.45,0.28745
2023-11-20 10:30:00,117.75,0.11775
2023-11-20 11:30:00,59.65,0.05965
2023-11-20 12:30:00,0.0,0.0
2023-11-20 13:30:00,0.0,0.0
2023-11-20 14:30:00,0.0,0.0
2023-11-20 15:30:00,0.0,0.0
2023-11-20 16:30:00,0.0,0.0
2023-11-20 17:30:00,0.0,0.0
2023-11-20 18:30:00,0.0,0.0
2023-11-20 19:30:00,0.0,0.0
2023-11-20 20:30:00,0.0,0.0
2023-11-20 21:30:00,0.0,0.0
2023-11-20 22:30:00,0.0,0.0
2023-11-20 23:30:00,0.0,0.0
2023-11-21 00:30:00,0.0,0.0
2023-11-21 01:30:00,6.55,0.006549999999999999
2023-11-21 02:30:00,110.6,0.11059999999999999
2023-11-21 03:30:00,309.76,0.30976
2023-11-21 04:30:00,482.56,0.48256
2023-11-21 05:30:00,603.56,0.60356
2023-11-21 06:30:00,659.11,0.65911
2023-11-21 07:30:00,653.91,0.65391
2023-11-21 08:30:00,577.31,0.57731
2023-11-21 09:30:00,440.61,0.44061
2023-11-21 10:30:00,256.66,0.25666
2023-11-21 11:30:00,80.0,0.08
2023-11-21 12:30:00,0.0,0.0
2023-11-21 13:30:00,0.0,0.0
2023-11-21 14:30:00,0.0,0.0
2023-11-21 15:30:00,0.0,0.0
2023-11-21 16:30:00,0.0,0.0
2023-11-21 17:30:00,0.0,0.0
2023-11-21 18:30:00,0.0,0.0
2023-11-21 19:30:00,0.0,0.0
2023-11-21 20:30:00,0.0,0.0
2023-11-21 21:30:00,0.0,0.0
2023-11-21 22:30:00,0.0,0.0
2023-11-21 23:30:00,0.0,0.0
2023-11-22 00:30:00,0.0,0.0
2023-11-22 01:30:00,13.1,0.013099999999999999
2023-11-22 02:30:00,117.45,0.11745
2023-11-22 03:30:00,296.16,0.29616000000000003
2023-11-22 04:30:00,448.81,0.44881
2023-11-22 05:30:00,587.06,0.5870599999999999
2023-11-22 06:30:00,516.81,0.51681
2023-11-22 07:30:00,516.76,0.51676
2023-11-22 08:30:00,454.96,0.45496
2023-11-22 09:30:00,241.45,0.24145
2023-11-22 10:30:00,140.4,0.1404
2023-11-22 11:30:00,29.1,0.0291
2023-11-22 12:30:00,0.0,0.0
2023-11-22 13:30:00,0.0,0.0
2023-11-22 14:30:00,0.0,0.0
2023-11-22 15:30:00,0.0,0.0
2023-11-22 16:30:00,0.0,0.0
2023-11-22 17:30:00,0.0,0.0
2023-11-22 18:30:00,0.0,0.0
2023-11-22 19:30:00,0.0,0.0
2023-11-22 20:30:00,0.0,0.0
2023-11-22 21:30:00,0.0,0.0
2023-11-22 22:30:00,0.0,0.0
2023-11-22 23:30:00,0.0,0.0
2023-11-23 00:30:00,0.0,0.0
2023-11-23 01:30:00,0.0,0.0
2023-11-23 02:30:00,124.45,0.12445
2023-11-23 03:30:00,296.66,0.29666000000000003
2023-11-23 04:30:00,460.01,0.46001
2023-11-23 05:30:00,570.16,0.57016
2023-11-23 06:30:00,484.56,0.48456
2023-11-23 07:30:00,366.91,0.36691
2023-11-23 08:30:00,295.6,0.29560000000000003
2023-11-23 09:30:00,286.35,0.28635000000000005
2023-11-23 10:30:00,160.4,0.16040000000000001
2023-11-23 11:30:00,50.65,0.05065
2023-11-23 12:30:00,0.0,0.0
2023-11-23 13:30:00,0.0,0.0
2023-11-23 14:30:00,0.0,0.0
2023-11-23 15:30:00,0.0,0.0
2023-11-23 16:30:00,0.0,0.0
2023-11-23 17:30:00,0.0,0.0
2023-11-23 18:30:00,0.0,0.0
2023-11-23 19:30:00,0.0,0.0
2023-11-23 20:30:00,0.0,0.0
2023-11-23 21:30:00,0.0,0.0
2023-11-23 22:30:00,0.0,0.0
2023-11-23 23:30:00,0.0,0.0
2023-11-24 00:30:00,0.0,0.0
2023-11-24 01:30:00,0.0,0.0
2023-11-24 02:30:00,78.3,0.0783
2023-11-24 03:30:00,177.2,0.1772
2023-11-24 04:30:00,237.7,0.2377
2023-11-24 05:30:00,485.26,0.48525999999999997
2023-11-24 06:30:00,386.06,0.38606
2023-11-24 07:30:00,423.71,0.42371
2023-11-24 08:30:00,388.36,0.38836000000000004
2023-11-24 09:30:00,366.86,0.36686
2023-11-24 10:30:00,171.95,0.17195
2023-11-24 11:30:00,69.6,0.0696
2023-11-24 12:30:00,0.0,0.0
2023-11-24 13:30:00,0.0,0.0
2023-11-24 14:30:00,0.0,0.0
2023-11-24 15:30:00,0.0,0.0
2023-11-24 16:30:00,0.0,0.0
2023-11-24 17:30:00,0.0,0.0
2023-11-24 18:30:00,0.0,0.0
2023-11-24 19:30:00,0.0,0.0
2023-11-24 20:30:00,0.0,0.0
2023-11-24 21:30:00,0.0,0.0
2023-11-24 22:30:00,0.0,0.0
2023-11-24 23:30:00,0.0,0.0
2023-11-25 00:30:00,0.0,0.0
2023-11-25 01:30:00,0.0,0.0
2023-11-25 02:30:00,59.05,0.05905
2023-11-25 03:30:00,103.55,0.10355
2023-11-25 04:30:00,216.25,0.21625
2023-11-25 05:30:00,405.06,0.40506
2023-11-25 06:30:00,448.61,0.44861
2023-11-25 07:30:00,446.91,0.44691000000000003
2023-11-25 08:30:00,383.06,0.38306
2023-11-25 09:30:00,253.4,0.2534
2023-11-25 10:30:00,132.3,0.1323
2023-11-25 11:30:00,19.55,0.01955
2023-11-25 12:30:00,0.0,0.0
2023-11-25 13:30:00,0.0,0.0
2023-11-25 14:30:00,0.0,0.0
2023-11-25 15:30:00,0.0,0.0
2023-11-25 16:30:00,0.0,0.0
2023-11-25 17:30:00,0.0,0.0
2023-11-25 18:30:00,0.0,0.0
2023-11-25 19:30:00,0.0,0.0
2023-11-25 20:30:00,0.0,0.0
2023-11-25 21:30:00,0.0,0.0
2023-11-25 22:30:00,0.0,0.0
2023-11-25 23:30:00,0.0,0.0
2023-11-26 00:30:00,0.0,0.0
2023-11-26 01:30:00,0.0,0.0
2023-11-26 02:30:00,73.55,0.07354999999999999
2023-11-26 03:30:00,193.9,0.19390000000000002
2023-11-26 04:30:00,314.06,0.31406
2023-11-26 05:30:00,414.06,0.41406
2023-11-26 06:30:00,364.96,0.36496
2023-11-26 07:30:00,415.96,0.41596
2023-11-26 08:30:00,407.56,0.40756
2023-11-26 09:30:00,312.61,0.31261
2023-11-26 10:30:00,129.55,0.12955
2023-11-26 11:30:00,26.55,0.02655
2023-11-26 12:30:00,0.0,0.0
2023-11-26 13:30:00,0.0,0.0
2023-11-26 14:30:00,0.0,0.0
2023-11-26 15:30:00,0.0,0.0
2023-11-26 16:30:00,0.0,0.0
2023-11-26 17:30:00,0.0,0.0
2023-11-26 18:30:00,0.0,0.0
2023-11-26 19:30:00,0.0,0.0
2023-11-26 20:30:00,0.0,0.0
2023-11-26 21:30:00,0.0,0.0
2023-11-26 22:30:00,0.0,0.0
2023-11-26 23:30:00,0.0,0.0
2023-11-27 00:30:00,0.0,0.0
2023-11-27 01:30:00,0.0,0.0
2023-11-27 02:30:00,76.25,0.07625
2023-11-27 03:30:00,205.95,0.20595
2023-11-27 04:30:00,334.66,0.33466
2023-11-27 05:30:00,430.01,0.43001
2023-11-27 06:30:00,483.11,0.48311000000000004
2023-11-27 07:30:00,410.66,0.41066
2023-11-27 08:30:00,262.3,0.26230000000000003
2023-11-27 09:30:00,252.45,0.25245
2023-11-27 10:30:00,138.15,0.13815
2023-11-27 11:30:00,36.8,0.0368
2023-11-27 12:30:00,0.0,0.0
2023-11-27 13:30:00,0.0,0.0
2023-11-27 14:30:00,0.0,0.0
2023-11-27 15:30:00,0.0,0.0
2023-11-27 16:30:00,0.0,0.0
2023-11-27 17:30:00,0.0,0.0
2023-11-27 18:30:00,0.0,0.0
2023-11-27 19:30:00,0.0,0.0
2023-11-27 20:30:00,0.0,0.0
2023-11-27 21:30:00,0.0,0.0
2023-11-27 22:30:00,0.0,0.0
2023-11-27 23:30:00,0.0,0.0
2023-11-28 00:30:00,0.0,0.0
2023-11-28 01:30:00,0.0,0.0
2023-11-28 02:30:00,80.55,0.08055
2023-11-28 03:30:00,213.45,0.21345
2023-11-28 04:30:00,395.66,0.39566
2023-11-28 05:30:00,471.91,0.47191000000000005
2023-11-28 06:30:00,491.46,0.49145999999999995
2023-11-28 07:30:00,154.2,0.15419999999999998
2023-11-28 08:30:00,257.5,0.2575
2023-11-28 09:30:00,308.56,0.30856
2023-11-28 10:30:00,142.85,0.14285
2023-11-28 11:30:00,56.35,0.056350000000000004
2023-11-28 12:30:00,0.0,0.0
2023-11-28 13:30:00,0.0,0.0
2023-11-28 14:30:00,0.0,0.0
2023-11-28 15:30:00,0.0,0.0
2023-11-28 16:30:00,0.0,0.0
2023-11-28 17:30:00,0.0,0.0
2023-11-28 18:30:00,0.0,0.0
2023-11-28 19:30:00,0.0,0.0
2023-11-28 20:30:00,0.0,0.0
2023-11-28 21:30:00,0.0,0.0
2023-11-28 22:30:00,0.0,0.0
2023-11-28 23:30:00,0.0,0.0
2023-11-29 00:30:00,0.0,0.0
2023-11-29 01:30:00,0.0,0.0
2023-11-29 02:30:00,49.55,0.04955
2023-11-29 03:30:00,123.4,0.12340000000000001
2023-11-29 04:30:00,305.11,0.30511
2023-11-29 05:30:00,460.56,0.46056
2023-11-29 06:30:00,438.01,0.43801
2023-11-29 07:30:00,566.81,0.5668099999999999
2023-11-29 08:30:00,464.81,0.46481
2023-11-29 09:30:00,370.76,0.37076
2023-11-29 10:30:00,203.25,0.20325
2023-11-29 11:30:00,72.1,0.0721
2023-11-29 12:30:00,0.0,0.0
2023-11-29 13:30:00,0.0,0.0
2023-11-29 14:30:00,0.0,0.0
2023-11-29 15:30:00,0.0,0.0
2023-11-29 16:30:00,0.0,0.0
2023-11-29 17:30:00,0.0,0.0
2023-11-29 18:30:00,0.0,0.0
2023-11-29 19:30:00,0.0,0.0
2023-11-29 20:30:00,0.0,0.0
2023-11-29 21:30:00,0.0,0.0
2023-11-29 22:30:00,0.0,0.0
2023-11-29 23:30:00,0.0,0.0
2023-11-30 00:30:00,0.0,0.0
2023-11-30 01:30:00,0.0,0.0
2023-11-30 02:30:00,88.7,0.0887
2023-11-30 03:30:00,228.2,0.2282
2023-11-30 04:30:00,381.51,0.38151
2023-11-30 05:30:00,387.11,0.38711
2023-11-30 06:30:00,455.96,0.45596
2023-11-30 07:30:00,322.85,0.32285
2023-11-30 08:30:00,375.71,0.37571
2023-11-30 09:30:00,283.56,0.28356
2023-11-30 10:30:00,167.7,0.1677
2023-11-30 11:30:00,47.8,0.047799999999999995
2023-11-30 12:30:00,0.0,0.0
2023-11-30 13:30:00,0.0,0.0
2023-11-30 14:30:00,0.0,0.0
2023-11-30 15:30:00,0.0,0.0
2023-11-30 16:30:00,0.0,0.0
2023-11-30 17:30:00,0.0,0.0
2023-11-30 18:30:00,0.0,0.0
2023-11-30 19:30:00,0.0,0.0
2023-11-30 20:30:00,0.0,0.0
2023-11-30 21:30:00,0.0,0.0
2023-11-30 22:30:00,0.0,0.0
2023-11-30 23:30:00,0.0,0.0
2023-12-01 00:30:00,0.0,0.0
2023-12-01 01:30:00,0.0,0.0
2023-12-01 02:30:00,63.15,0.06315
2023-12-01 03:30:00,187.0,0.187
2023-12-01 04:30:00,441.06,0.44106
2023-12-01 05:30:00,456.81,0.45681
2023-12-01 06:30:00,518.66,0.51866
2023-12-01 07:30:00,441.66,0.44166000000000005
2023-12-01 08:30:00,407.71,0.40770999999999996
2023-12-01 09:30:00,365.71,0.36571
2023-12-01 10:30:00,194.85,0.19485
2023-12-01 11:30:00,67.1,0.06709999999999999
2023-12-01 12:30:00,0.0,0.0
2023-12-01 13:30:00,0.0,0.0
2023-12-01 14:30:00,0.0,0.0
2023-12-01 15:30:00,0.0,0.0
2023-12-01 16:30:00,0.0,0.0
2023-12-01 17:30:00,0.0,0.0
2023-12-01 18:30:00,0.0,0.0
2023-12-01 19:30:00,0.0,0.0
2023-12-01 20:30:00,0.0,0.0
2023-12-01 21:30:00,0.0,0.0
2023-12-01 22:30:00,0.0,0.0
2023-12-01 23:30:00,0.0,0.0
2023-12-02 00:30:00,0.0,0.0
2023-12-02 01:30:00,0.0,0.0
2023-12-02 02:30:00,53.3,0.0533
2023-12-02 03:30:00,87.2,0.0872
2023-12-02 04:30:00,226.85,0.22685
2023-12-02 05:30:00,478.96,0.47896
2023-12-02 06:30:00,485.66,0.48566000000000004
2023-12-02 07:30:00,493.16,0.49316000000000004
2023-12-02 08:30:00,444.06,0.44406
2023-12-02 09:30:00,324.01,0.32400999999999996
2023-12-02 10:30:00,166.7,0.1667
2023-12-02 11:30:00,49.7,0.0497
2023-12-02 12:30:00,0.0,0.0
2023-12-02 13:30:00,0.0,0.0
2023-12-02 14:30:00,0.0,0.0
2023-12-02 15:30:00,0.0,0.0
2023-12-02 16:30:00,0.0,0.0
2023-12-02 17:30:00,0.0,0.0
2023-12-02 18:30:00,0.0,0.0
2023-12-02 19:30:00,0.0,0.0
2023-12-02 20:30:00,0.0,0.0
2023-12-02 21:30:00,0.0,0.0
2023-12-02 22:30:00,0.0,0.0
2023-12-02 23:30:00,0.0,0.0
2023-12-03 00:30:00,0.0,0.0
2023-12-03 01:30:00,0.0,0.0
2023-12-03 02:30:00,102.65,0.10265
2023-12-03 03:30:00,268.26,0.26826
2023-12-03 04:30:00,433.26,0.43326
2023-12-03 05:30:00,550.71,0.55071
2023-12-03 06:30:00,583.46,0.5834600000000001
2023-12-03 07:30:00,564.46,0.5644600000000001
2023-12-03 08:30:00,388.41,0.38841000000000003
2023-12-03 09:30:00,362.16,0.36216000000000004
2023-12-03 10:30:00,172.05,0.17205
2023-12-03 11:30:00,61.55,0.06155
2023-12-03 12:30:00,0.0,0.0
2023-12-03 13:30:00,0.0,0.0
2023-12-03 14:30:00,0.0,0.0
2023-12-03 15:30:00,0.0,0.0
2023-12-03 16:30:00,0.0,0.0
2023-12-03 17:30:00,0.0,0.0
2023-12-03 18:30:00,0.0,0.0
2023-12-03 19:30:00,0.0,0.0
2023-12-03 20:30:00,0.0,0.0
2023-12-03 21:30:00,0.0,0.0
2023-12-03 22:30:00,0.0,0.0
2023-12-03 23:30:00,0.0,0.0
2023-12-04 00:30:00,0.0,0.0
2023-12-04 01:30:00,0.0,0.0
2023-12-04 02:30:00,99.8,0.0998
2023-12-04 03:30:00,260.21,0.26021
2023-12-04 04:30:00,422.86,0.42286
2023-12-04 05:30:00,505.11,0.5051100000000001
2023-12-04 06:30:00,538.51,0.53851
2023-12-04 07:30:00,541.56,0.5415599999999999
2023-12-04 08:30:00,475.21,0.47520999999999997
2023-12-04 09:30:00,333.91,0.33391000000000004
2023-12-04 10:30:00,151.05,0.15105000000000002
2023-12-04 11:30:00,38.95,0.038950000000000005
2023-12-04 12:30:00,0.0,0.0
2023-12-04 13:30:00,0.0,0.0
2023-12-04 14:30:00,0.0,0.0
2023-12-04 15:30:00,0.0,0.0
2023-12-04 16:30:00,0.0,0.0
2023-12-04 17:30:00,0.0,0.0
2023-12-04 18:30:00,0.0,0.0
2023-12-04 19:30:00,0.0,0.0
2023-12-04 20:30:00,0.0,0.0
2023-12-04 21:30:00,0.0,0.0
2023-12-04 22:30:00,0.0,0.0
2023-12-04 23:30:00,0.0,0.0
2023-12-05 00:30:00,0.0,0.0
2023-12-05 01:30:00,0.0,0.0
2023-12-05 02:30:00,82.5,0.0825
2023-12-05 03:30:00,250.71,0.25071
2023-12-05 04:30:00,424.06,0.42406
2023-12-05 05:30:00,508.51,0.50851
2023-12-05 06:30:00,516.21,0.5162100000000001
2023-12-05 07:30:00,574.31,0.57431
2023-12-05 08:30:00,514.11,0.5141100000000001
2023-12-05 09:30:00,349.31,0.34931
2023-12-05 10:30:00,148.85,0.14884999999999998
2023-12-05 11:30:00,41.75,0.04175
2023-12-05 12:30:00,0.0,0.0
2023-12-05 13:30:00,0.0,0.0
2023-12-05 14:30:00,0.0,0.0
2023-12-05 15:30:00,0.0,0.0
2023-12-05 16:30:00,0.0,0.0
2023-12-05 17:30:00,0.0,0.0
2023-12-05 18:30:00,0.0,0.0
2023-12-05 19:30:00,0.0,0.0
2023-12-05 20:30:00,0.0,0.0
2023-12-05 21:30:00,0.0,0.0
2023-12-05 22:30:00,0.0,0.0
2023-12-05 23:30:00,0.0,0.0
2023-12-06 00:30:00,0.0,0.0
2023-12-06 01:30:00,0.0,0.0
2023-12-06 02:30:00,74.05,0.07404999999999999
2023-12-06 03:30:00,202.75,0.20275
2023-12-06 04:30:00,241.85,0.24184999999999998
2023-12-06 05:30:00,360.86,0.36086
2023-12-06 06:30:00,356.46,0.35646
2023-12-06 07:30:00,413.26,0.41326
2023-12-06 08:30:00,291.2,0.2912
2023-12-06 09:30:00,197.9,0.1979
2023-12-06 10:30:00,132.2,0.13219999999999998
2023-12-06 11:30:00,53.05,0.05305
2023-12-06 12:30:00,0.0,0.0
2023-12-06 13:30:00,0.0,0.0
2023-12-06 14:30:00,0.0,0.0
2023-12-06 15:30:00,0.0,0.0
2023-12-06 16:30:00,0.0,0.0
2023-12-06 17:30:00,0.0,0.0
2023-12-06 18:30:00,0.0,0.0
2023-12-06 19:30:00,0.0,0.0
2023-12-06 20:30:00,0.0,0.0
2023-12-06 21:30:00,0.0,0.0
2023-12-06 22:30:00,0.0,0.0
2023-12-06 23:30:00,0.0,0.0
2023-12-07 00:30:00,0.0,0.0
2023-12-07 01:30:00,0.0,0.0
2023-12-07 02:30:00,68.35,0.06835
2023-12-07 03:30:00,186.1,0.1861
2023-12-07 04:30:00,327.56,0.32756
2023-12-07 05:30:00,235.85,0.23585
2023-12-07 06:30:00,264.45,0.26444999999999996
2023-12-07 07:30:00,433.11,0.43311
2023-12-07 08:30:00,291.55,0.29155000000000003
2023-12-07 09:30:00,151.45,0.15145
2023-12-07 10:30:00,137.15,0.13715
2023-12-07 11:30:00,31.05,0.03105
2023-12-07 12:30:00,0.0,0.0
2023-12-07 13:30:00,0.0,0.0
2023-12-07 14:30:00,0.0,0.0
2023-12-07 15:30:00,0.0,0.0
2023-12-07 16:30:00,0.0,0.0
2023-12-07 17:30:00,0.0,0.0
2023-12-07 18:30:00,0.0,0.0
2023-12-07 19:30:00,0.0,0.0
2023-12-07 20:30:00,0.0,0.0
2023-12-07 21:30:00,0.0,0.0
2023-12-07 22:30:00,0.0,0.0
2023-12-07 23:30:00,0.0,0.0
2023-12-08 00:30:00,0.0,0.0
2023-12-08 01:30:00,0.0,0.0
2023-12-08 02:30:00,56.15,0.05615
2023-12-08 03:30:00,238.91,0.23890999999999998
2023-12-08 04:30:00,359.46,0.35946
2023-12-08 05:30:00,398.76,0.39876
2023-12-08 06:30:00,504.76,0.50476
2023-12-08 07:30:00,457.66,0.45766
2023-12-08 08:30:00,379.01,0.37901
2023-12-08 09:30:00,285.66,0.28566
2023-12-08 10:30:00,167.15,0.16715
2023-12-08 11:30:00,64.85,0.06484999999999999
2023-12-08 12:30:00,0.0,0.0
2023-12-08 13:30:00,0.0,0.0
2023-12-08 14:30:00,0.0,0.0
2023-12-08 15:30:00,0.0,0.0
2023-12-08 16:30:00,0.0,0.0
2023-12-08 17:30:00,0.0,0.0
2023-12-08 18:30:00,0.0,0.0
2023-12-08 19:30:00,0.0,0.0
2023-12-08 20:30:00,0.0,0.0
2023-12-08 21:30:00,0.0,0.0
2023-12-08 22:30:00,0.0,0.0
2023-12-08 23:30:00,0.0,0.0
2023-12-09 00:30:00,0.0,0.0
2023-12-09 01:30:00,0.0,0.0
2023-12-09 02:30:00,82.8,0.0828
2023-12-09 03:30:00,258.91,0.25891000000000003
2023-12-09 04:30:00,389.76,0.38976
2023-12-09 05:30:00,510.61,0.51061
2023-12-09 06:30:00,429.96,0.42995999999999995
2023-12-09 07:30:00,223.3,0.2233
2023-12-09 08:30:00,282.85,0.28285000000000005
2023-12-09 09:30:00,158.15,0.15815
2023-12-09 10:30:00,129.7,0.12969999999999998
2023-12-09 11:30:00,41.6,0.0416
2023-12-09 12:30:00,0.0,0.0
2023-12-09 13:30:00,0.0,0.0
2023-12-09 14:30:00,0.0,0.0
2023-12-09 15:30:00,0.0,0.0
2023-12-09 16:30:00,0.0,0.0
2023-12-09 17:30:00,0.0,0.0
2023-12-09 18:30:00,0.0,0.0
2023-12-09 19:30:00,0.0,0.0
2023-12-09 20:30:00,0.0,0.0
2023-12-09 21:30:00,0.0,0.0
2023-12-09 22:30:00,0.0,0.0
2023-12-09 23:30:00,0.0,0.0
2023-12-10 00:30:00,0.0,0.0
2023-12-10 01:30:00,0.0,0.0
2023-12-10 02:30:00,81.1,0.08109999999999999
2023-12-10 03:30:00,244.86,0.24486000000000002
2023-12-10 04:30:00,394.11,0.39411
2023-12-10 05:30:00,500.56,0.50056
2023-12-10 06:30:00,477.81,0.47781
2023-12-10 07:30:00,341.31,0.34131
2023-12-10 08:30:00,370.21,0.37021
2023-12-10 09:30:00,320.81,0.32081
2023-12-10 10:30:00,200.1,0.2001
2023-12-10 11:30:00,48.3,0.048299999999999996
2023-12-10 12:30:00,0.0,0.0
2023-12-10 13:30:00,0.0,0.0
2023-12-10 14:30:00,0.0,0.0
2023-12-10 15:30:00,0.0,0.0
2023-12-10 16:30:00,0.0,0.0
2023-12-10 17:30:00,0.0,0.0
2023-12-10 18:30:00,0.0,0.0
2023-12-10 19:30:00,0.0,0.0
2023-12-10 20:30:00,0.0,0.0
2023-12-10 21:30:00,0.0,0.0
2023-12-10 22:30:00,0.0,0.0
2023-12-10 23:30:00,0.0,0.0
2023-12-11 00:30:00,0.0,0.0
2023-12-11 01:30:00,0.0,0.0
2023-12-11 02:30:00,72.8,0.0728
2023-12-11 03:30:00,199.5,0.1995
2023-12-11 04:30:00,318.36,0.31836000000000003
2023-12-11 05:30:00,453.71,0.45371
2023-12-11 06:30:00,532.76,0.53276
2023-12-11 07:30:00,492.71,0.49271
2023-12-11 08:30:00,403.41,0.40341000000000005
2023-12-11 09:30:00,246.45,0.24645
2023-12-11 10:30:00,135.25,0.13525
2023-12-11 11:30:00,64.25,0.06425
2023-12-11 12:30:00,0.0,0.0
2023-12-11 13:30:00,0.0,0.0
2023-12-11 14:30:00,0.0,0.0
2023-12-11 15:30:00,0.0,0.0
2023-12-11 16:30:00,0.0,0.0
2023-12-11 17:30:00,0.0,0.0
2023-12-11 18:30:00,0.0,0.0
2023-12-11 19:30:00,0.0,0.0
2023-12-11 20:30:00,0.0,0.0
2023-12-11 21:30:00,0.0,0.0
2023-12-11 22:30:00,0.0,0.0
2023-12-11 23:30:00,0.0,0.0
2023-12-12 00:30:00,0.0,0.0
2023-12-12 01:30:00,0.0,0.0
2023-12-12 02:30:00,27.6,0.027600000000000003
2023-12-12 03:30:00,78.35,0.07834999999999999
2023-12-12 04:30:00,213.15,0.21315
2023-12-12 05:30:00,334.11,0.33411
2023-12-12 06:30:00,511.56,0.51156
2023-12-12 07:30:00,382.91,0.38291000000000003
2023-12-12 08:30:00,511.61,0.51161
2023-12-12 09:30:00,411.66,0.41166
2023-12-12 10:30:00,245.21,0.24521
2023-12-12 11:30:00,81.1,0.08109999999999999
2023-12-12 12:30:00,0.0,0.0
2023-12-12 13:30:00,0.0,0.0
2023-12-12 14:30:00,0.0,0.0
2023-12-12 15:30:00,0.0,0.0
2023-12-12 16:30:00,0.0,0.0
2023-12-12 17:30:00,0.0,0.0
2023-12-12 18:30:00,0.0,0.0
2023-12-12 19:30:00,0.0,0.0
2023-12-12 20:30:00,0.0,0.0
2023-12-12 21:30:00,0.0,0.0
2023-12-12 22:30:00,0.0,0.0
2023-12-12 23:30:00,0.0,0.0
2023-12-13 00:30:00,0.0,0.0
2023-12-13 01:30:00,0.0,0.0
2023-12-13 02:30:00,70.3,0.0703
2023-12-13 03:30:00,206.7,0.2067
2023-12-13 04:30:00,289.66,0.28966000000000003
2023-12-13 05:30:00,521.66,0.52166
2023-12-13 06:30:00,619.56,0.61956
2023-12-13 07:30:00,576.06,0.5760599999999999
2023-12-13 08:30:00,553.21,0.5532100000000001
2023-12-13 09:30:00,424.81,0.42481
2023-12-13 10:30:00,263.06,0.26306
2023-12-13 11:30:00,85.7,0.0857
2023-12-13 12:30:00,0.0,0.0
2023-12-13 13:30:00,0.0,0.0
2023-12-13 14:30:00,0.0,0.0
2023-12-13 15:30:00,0.0,0.0
2023-12-13 16:30:00,0.0,0.0
2023-12-13 17:30:00,0.0,0.0
2023-12-13 18:30:00,0.0,0.0
2023-12-13 19:30:00,0.0,0.0
2023-12-13 20:30:00,0.0,0.0
2023-12-13 21:30:00,0.0,0.0
2023-12-13 22:30:00,0.0,0.0
2023-12-13 23:30:00,0.0,0.0
2023-12-14 00:30:00,0.0,0.0
2023-12-14 01:30:00,0.0,0.0
2023-12-14 02:30:00,102.2,0.1022
2023-12-14 03:30:00,277.86,0.27786
2023-12-14 04:30:00,450.31,0.45031
2023-12-14 05:30:00,576.61,0.5766100000000001
2023-12-14 06:30:00,647.06,0.64706
2023-12-14 07:30:00,645.76,0.64576
2023-12-14 08:30:00,577.46,0.5774600000000001
2023-12-14 09:30:00,448.11,0.44811
2023-12-14 10:30:00,275.21,0.27520999999999995
2023-12-14 11:30:00,95.95,0.09595000000000001
2023-12-14 12:30:00,0.0,0.0
2023-12-14 13:30:00,0.0,0.0
2023-12-14 14:30:00,0.0,0.0
2023-12-14 15:30:00,0.0,0.0
2023-12-14 16:30:00,0.0,0.0
2023-12-14 17:30:00,0.0,0.0
2023-12-14 18:30:00,0.0,0.0
2023-12-14 19:30:00,0.0,0.0
2023-12-14 20:30:00,0.0,0.0
2023-12-14 21:30:00,0.0,0.0
2023-12-14 22:30:00,0.0,0.0
2023-12-14 23:30:00,0.0,0.0
2023-12-15 00:30:00,0.0,0.0
2023-12-15 01:30:00,0.0,0.0
2023-12-15 02:30:00,103.15,0.10315
2023-12-15 03:30:00,282.51,0.28251
2023-12-15 04:30:00,454.86,0.45486
2023-12-15 05:30:00,582.51,0.58251
2023-12-15 06:30:00,636.96,0.6369600000000001
2023-12-15 07:30:00,637.01,0.63701
2023-12-15 08:30:00,568.06,0.5680599999999999
2023-12-15 09:30:00,444.01,0.44401
2023-12-15 10:30:00,271.16,0.27116
2023-12-15 11:30:00,94.75,0.09475
2023-12-15 12:30:00,0.0,0.0
2023-12-15 13:30:00,0.0,0.0
2023-12-15 14:30:00,0.0,0.0
2023-12-15 15:30:00,0.0,0.0
2023-12-15 16:30:00,0.0,0.0
2023-12-15 17:30:00,0.0,0.0
2023-12-15 18:30:00,0.0,0.0
2023-12-15 19:30:00,0.0,0.0
2023-12-15 20:30:00,0.0,0.0
2023-12-15 21:30:00,0.0,0.0
2023-12-15 22:30:00,0.0,0.0
2023-12-15 23:30:00,0.0,0.0
2023-12-16 00:30:00,0.0,0.0
2023-12-16 01:30:00,0.0,0.0
2023-12-16 02:30:00,97.95,0.09795000000000001
2023-12-16 03:30:00,273.96,0.27396
2023-12-16 04:30:00,442.51,0.44251
2023-12-16 05:30:00,568.46,0.5684600000000001
2023-12-16 06:30:00,631.66,0.63166
2023-12-16 07:30:00,630.76,0.63076
2023-12-16 08:30:00,563.16,0.56316
2023-12-16 09:30:00,419.11,0.41911000000000004
2023-12-16 10:30:00,241.96,0.24196
2023-12-16 11:30:00,72.3,0.0723
2023-12-16 12:30:00,0.0,0.0
2023-12-16 13:30:00,0.0,0.0
2023-12-16 14:30:00,0.0,0.0
2023-12-16 15:30:00,0.0,0.0
2023-12-16 16:30:00,0.0,0.0
2023-12-16 17:30:00,0.0,0.0
2023-12-16 18:30:00,0.0,0.0
2023-12-16 19:30:00,0.0,0.0
2023-12-16 20:30:00,0.0,0.0
2023-12-16 21:30:00,0.0,0.0
2023-12-16 22:30:00,0.0,0.0
2023-12-16 23:30:00,0.0,0.0
2023-12-17 00:30:00,0.0,0.0
2023-12-17 01:30:00,0.0,0.0
2023-12-17 02:30:00,85.45,0.08545
2023-12-17 03:30:00,228.51,0.22851
2023-12-17 04:30:00,412.51,0.41251
2023-12-17 05:30:00,532.91,0.53291
2023-12-17 06:30:00,395.26,0.39526
2023-12-17 07:30:00,387.56,0.38756
2023-12-17 08:30:00,285.45,0.28545
2023-12-17 09:30:00,123.8,0.1238
2023-12-17 10:30:00,52.7,0.052700000000000004
2023-12-17 11:30:00,22.95,0.022949999999999998
2023-12-17 12:30:00,0.0,0.0
2023-12-17 13:30:00,0.0,0.0
2023-12-17 14:30:00,0.0,0.0
2023-12-17 15:30:00,0.0,0.0
2023-12-17 16:30:00,0.0,0.0
2023-12-17 17:30:00,0.0,0.0
2023-12-17 18:30:00,0.0,0.0
2023-12-17 19:30:00,0.0,0.0
2023-12-17 20:30:00,0.0,0.0
2023-12-17 21:30:00,0.0,0.0
2023-12-17 22:30:00,0.0,0.0
2023-12-17 23:30:00,0.0,0.0
2023-12-18 00:30:00,0.0,0.0
2023-12-18 01:30:00,0.0,0.0
2023-12-18 02:30:00,79.5,0.0795
2023-12-18 03:30:00,218.91,0.21891
2023-12-18 04:30:00,352.51,0.35251
2023-12-18 05:30:00,418.21,0.41820999999999997
2023-12-18 06:30:00,567.21,0.56721
2023-12-18 07:30:00,561.46,0.5614600000000001
2023-12-18 08:30:00,446.36,0.44636000000000003
2023-12-18 09:30:00,340.91,0.34091000000000005
2023-12-18 10:30:00,215.31,0.21531
2023-12-18 11:30:00,62.7,0.0627
2023-12-18 12:30:00,0.0,0.0
2023-12-18 13:30:00,0.0,0.0
2023-12-18 14:30:00,0.0,0.0
2023-12-18 15:30:00,0.0,0.0
2023-12-18 16:30:00,0.0,0.0
2023-12-18 17:30:00,0.0,0.0
2023-12-18 18:30:00,0.0,0.0
2023-12-18 19:30:00,0.0,0.0
2023-12-18 20:30:00,0.0,0.0
2023-12-18 21:30:00,0.0,0.0
2023-12-18 22:30:00,0.0,0.0
2023-12-18 23:30:00,0.0,0.0
2023-12-19 00:30:00,0.0,0.0
2023-12-19 01:30:00,0.0,0.0
2023-12-19 02:30:00,19.45,0.01945
2023-12-19 03:30:00,68.8,0.0688
2023-12-19 04:30:00,240.85,0.24084999999999998
2023-12-19 05:30:00,291.75,0.29175
2023-12-19 06:30:00,486.86,0.48686
2023-12-19 07:30:00,510.46,0.51046
2023-12-19 08:30:00,494.91,0.49491
2023-12-19 09:30:00,360.21,0.36021
2023-12-19 10:30:00,232.66,0.23266
2023-12-19 11:30:00,80.3,0.0803
2023-12-19 12:30:00,0.0,0.0
2023-12-19 13:30:00,0.0,0.0
2023-12-19 14:30:00,0.0,0.0
2023-12-19 15:30:00,0.0,0.0
2023-12-19 16:30:00,0.0,0.0
2023-12-19 17:30:00,0.0,0.0
2023-12-19 18:30:00,0.0,0.0
2023-12-19 19:30:00,0.0,0.0
2023-12-19 20:30:00,0.0,0.0
2023-12-19 21:30:00,0.0,0.0
2023-12-19 22:30:00,0.0,0.0
2023-12-19 23:30:00,0.0,0.0
2023-12-20 00:30:00,0.0,0.0
2023-12-20 01:30:00,0.0,0.0
2023-12-20 02:30:00,41.2,0.0412
2023-12-20 03:30:00,262.31,0.26231
2023-12-20 04:30:00,428.41,0.42841
2023-12-20 05:30:00,527.76,0.52776
2023-12-20 06:30:00,583.71,0.5837100000000001
2023-12-20 07:30:00,622.31,0.6223099999999999
2023-12-20 08:30:00,514.11,0.5141100000000001
2023-12-20 09:30:00,378.26,0.37826
2023-12-20 10:30:00,228.26,0.22826
2023-12-20 11:30:00,91.8,0.09179999999999999
2023-12-20 12:30:00,0.0,0.0
2023-12-20 13:30:00,0.0,0.0
2023-12-20 14:30:00,0.0,0.0
2023-12-20 15:30:00,0.0,0.0
2023-12-20 16:30:00,0.0,0.0
2023-12-20 17:30:00,0.0,0.0
2023-12-20 18:30:00,0.0,0.0
2023-12-20 19:30:00,0.0,0.0
2023-12-20 20:30:00,0.0,0.0
2023-12-20 21:30:00,0.0,0.0
2023-12-20 22:30:00,0.0,0.0
2023-12-20 23:30:00,0.0,0.0
2023-12-21 00:30:00,0.0,0.0
2023-12-21 01:30:00,0.0,0.0
2023-12-21 02:30:00,65.7,0.06570000000000001
2023-12-21 03:30:00,185.65,0.18565
2023-12-21 04:30:00,295.41,0.29541
2023-12-21 05:30:00,400.01,0.40001
2023-12-21 06:30:00,615.71,0.6157100000000001
2023-12-21 07:30:00,622.06,0.62206
2023-12-21 08:30:00,549.06,0.54906
2023-12-21 09:30:00,400.11,0.40011
2023-12-21 10:30:00,219.11,0.21911000000000003
2023-12-21 11:30:00,78.3,0.0783
2023-12-21 12:30:00,0.0,0.0
2023-12-21 13:30:00,0.0,0.0
2023-12-21 14:30:00,0.0,0.0
2023-12-21 15:30:00,0.0,0.0
2023-12-21 16:30:00,0.0,0.0
2023-12-21 17:30:00,0.0,0.0
2023-12-21 18:30:00,0.0,0.0
2023-12-21 19:30:00,0.0,0.0
2023-12-21 20:30:00,0.0,0.0
2023-12-21 21:30:00,0.0,0.0
2023-12-21 22:30:00,0.0,0.0
2023-12-21 23:30:00,0.0,0.0
2023-12-22 00:30:00,0.0,0.0
2023-12-22 01:30:00,0.0,0.0
2023-12-22 02:30:00,71.15,0.07115
2023-12-22 03:30:00,248.61,0.24861000000000003
2023-12-22 04:30:00,367.86,0.36786
2023-12-22 05:30:00,488.56,0.48856
2023-12-22 06:30:00,475.06,0.47506
2023-12-22 07:30:00,512.86,0.51286
2023-12-22 08:30:00,305.61,0.30561
2023-12-22 09:30:00,109.8,0.1098
2023-12-22 10:30:00,182.7,0.1827
2023-12-22 11:30:00,66.9,0.0669
2023-12-22 12:30:00,0.0,0.0
2023-12-22 13:30:00,0.0,0.0
2023-12-22 14:30:00,0.0,0.0
2023-12-22 15:30:00,0.0,0.0
2023-12-22 16:30:00,0.0,0.0
2023-12-22 17:30:00,0.0,0.0
2023-12-22 18:30:00,0.0,0.0
2023-12-22 19:30:00,0.0,0.0
2023-12-22 20:30:00,0.0,0.0
2023-12-22 21:30:00,0.0,0.0
2023-12-22 22:30:00,0.0,0.0
2023-12-22 23:30:00,0.0,0.0
2023-12-23 00:30:00,0.0,0.0
2023-12-23 01:30:00,0.0,0.0
2023-12-23 02:30:00,75.5,0.0755
2023-12-23 03:30:00,260.81,0.26081
2023-12-23 04:30:00,435.61,0.43561
2023-12-23 05:30:00,573.11,0.57311
2023-12-23 06:30:00,652.86,0.65286
2023-12-23 07:30:00,656.71,0.65671
2023-12-23 08:30:00,591.56,0.59156
2023-12-23 09:30:00,465.41,0.46541000000000005
2023-12-23 10:30:00,281.16,0.28116
2023-12-23 11:30:00,109.9,0.10990000000000001
2023-12-23 12:30:00,0.0,0.0
2023-12-23 13:30:00,0.0,0.0
2023-12-23 14:30:00,0.0,0.0
2023-12-23 15:30:00,0.0,0.0
2023-12-23 16:30:00,0.0,0.0
2023-12-23 17:30:00,0.0,0.0
2023-12-23 18:30:00,0.0,0.0
2023-12-23 19:30:00,0.0,0.0
2023-12-23 20:30:00,0.0,0.0
2023-12-23 21:30:00,0.0,0.0
2023-12-23 22:30:00,0.0,0.0
2023-12-23 23:30:00,0.0,0.0
2023-12-24 00:30:00,0.0,0.0
2023-12-24 01:30:00,0.0,0.0
2023-12-24 02:30:00,77.7,0.0777
2023-12-24 03:30:00,217.21,0.21721000000000001
2023-12-24 04:30:00,386.96,0.38695999999999997
2023-12-24 05:30:00,530.36,0.53036
2023-12-24 06:30:00,540.76,0.54076
2023-12-24 07:30:00,575.56,0.57556
2023-12-24 08:30:00,520.61,0.52061
2023-12-24 09:30:00,429.61,0.42961
2023-12-24 10:30:00,258.21,0.25821
2023-12-24 11:30:00,95.7,0.09570000000000001
2023-12-24 12:30:00,0.0,0.0
2023-12-24 13:30:00,0.0,0.0
2023-12-24 14:30:00,0.0,0.0
2023-12-24 15:30:00,0.0,0.0
2023-12-24 16:30:00,0.0,0.0
2023-12-24 17:30:00,0.0,0.0
2023-12-24 18:30:00,0.0,0.0
2023-12-24 19:30:00,0.0,0.0
2023-12-24 20:30:00,0.0,0.0
2023-12-24 21:30:00,0.0,0.0
2023-12-24 22:30:00,0.0,0.0
2023-12-24 23:30:00,0.0,0.0
2023-12-25 00:30:00,0.0,0.0
2023-12-25 01:30:00,0.0,0.0
2023-12-25 02:30:00,84.8,0.0848
2023-12-25 03:30:00,260.01,0.26000999999999996
2023-12-25 04:30:00,435.26,0.43526
2023-12-25 05:30:00,558.76,0.55876
2023-12-25 06:30:00,641.26,0.6412599999999999
2023-12-25 07:30:00,650.46,0.65046
2023-12-25 08:30:00,581.26,0.58126
2023-12-25 09:30:00,462.61,0.46261
2023-12-25 10:30:00,290.96,0.29096
2023-12-25 11:30:00,111.0,0.111
2023-12-25 12:30:00,0.0,0.0
2023-12-25 13:30:00,0.0,0.0
2023-12-25 14:30:00,0.0,0.0
2023-12-25 15:30:00,0.0,0.0
2023-12-25 16:30:00,0.0,0.0
2023-12-25 17:30:00,0.0,0.0
2023-12-25 18:30:00,0.0,0.0
2023-12-25 19:30:00,0.0,0.0
2023-12-25 20:30:00,0.0,0.0
2023-12-25 21:30:00,0.0,0.0
2023-12-25 22:30:00,0.0,0.0
2023-12-25 23:30:00,0.0,0.0
2023-12-26 00:30:00,0.0,0.0
2023-12-26 01:30:00,0.0,0.0
2023-12-26 02:30:00,86.4,0.0864
2023-12-26 03:30:00,265.36,0.26536000000000004
2023-12-26 04:30:00,439.56,0.43956
2023-12-26 05:30:00,572.91,0.5729099999999999
2023-12-26 06:30:00,646.21,0.6462100000000001
2023-12-26 07:30:00,652.16,0.65216
2023-12-26 08:30:00,590.01,0.59001
2023-12-26 09:30:00,465.31,0.46531
2023-12-26 10:30:00,295.21,0.29521
2023-12-26 11:30:00,113.15,0.11315
2023-12-26 12:30:00,0.0,0.0
2023-12-26 13:30:00,0.0,0.0
2023-12-26 14:30:00,0.0,0.0
2023-12-26 15:30:00,0.0,0.0
2023-12-26 16:30:00,0.0,0.0
2023-12-26 17:30:00,0.0,0.0
2023-12-26 18:30:00,0.0,0.0
2023-12-26 19:30:00,0.0,0.0
2023-12-26 20:30:00,0.0,0.0
2023-12-26 21:30:00,0.0,0.0
2023-12-26 22:30:00,0.0,0.0
2023-12-26 23:30:00,0.0,0.0
2023-12-27 00:30:00,0.0,0.0
2023-12-27 01:30:00,0.0,0.0
2023-12-27 02:30:00,87.9,0.0879
2023-12-27 03:30:00,264.21,0.26421
2023-12-27 04:30:00,439.51,0.43951
2023-12-27 05:30:00,567.76,0.56776
2023-12-27 06:30:00,635.66,0.63566
2023-12-27 07:30:00,650.86,0.65086
2023-12-27 08:30:00,589.06,0.5890599999999999
2023-12-27 09:30:00,463.81,0.46381
2023-12-27 10:30:00,295.26,0.29525999999999997
2023-12-27 11:30:00,115.2,0.1152
2023-12-27 12:30:00,0.0,0.0
2023-12-27 13:30:00,0.0,0.0
2023-12-27 14:30:00,0.0,0.0
2023-12-27 15:30:00,0.0,0.0
2023-12-27 16:30:00,0.0,0.0
2023-12-27 17:30:00,0.0,0.0
2023-12-27 18:30:00,0.0,0.0
2023-12-27 19:30:00,0.0,0.0
2023-12-27 20:30:00,0.0,0.0
2023-12-27 21:30:00,0.0,0.0
2023-12-27 22:30:00,0.0,0.0
2023-12-27 23:30:00,0.0,0.0
2023-12-28 00:30:00,0.0,0.0
2023-12-28 01:30:00,0.0,0.0
2023-12-28 02:30:00,86.7,0.0867
2023-12-28 03:30:00,263.96,0.26396
2023-12-28 04:30:00,438.31,0.43831
2023-12-28 05:30:00,567.41,0.56741
2023-12-28 06:30:00,616.56,0.61656
2023-12-28 07:30:00,632.71,0.63271
2023-12-28 08:30:00,584.46,0.5844600000000001
2023-12-28 09:30:00,457.66,0.45766
2023-12-28 10:30:00,299.16,0.29916000000000004
2023-12-28 11:30:00,116.9,0.1169
2023-12-28 12:30:00,0.0,0.0
2023-12-28 13:30:00,0.0,0.0
2023-12-28 14:30:00,0.0,0.0
2023-12-28 15:30:00,0.0,0.0
2023-12-28 16:30:00,0.0,0.0
2023-12-28 17:30:00,0.0,0.0
2023-12-28 18:30:00,0.0,0.0
2023-12-28 19:30:00,0.0,0.0
2023-12-28 20:30:00,0.0,0.0
2023-12-28 21:30:00,0.0,0.0
2023-12-28 22:30:00,0.0,0.0
2023-12-28 23:30:00,0.0,0.0
2023-12-29 00:30:00,0.0,0.0
2023-12-29 01:30:00,0.0,0.0
2023-12-29 02:30:00,80.35,0.08034999999999999
2023-12-29 03:30:00,257.46,0.25745999999999997
2023-12-29 04:30:00,418.81,0.41881
2023-12-29 05:30:00,556.56,0.5565599999999999
2023-12-29 06:30:00,639.71,0.63971
2023-12-29 07:30:00,655.41,0.6554099999999999
2023-12-29 08:30:00,583.01,0.58301
2023-12-29 09:30:00,472.31,0.47231
2023-12-29 10:30:00,301.91,0.30191
2023-12-29 11:30:00,118.2,0.1182
2023-12-29 12:30:00,0.0,0.0
2023-12-29 13:30:00,0.0,0.0
2023-12-29 14:30:00,0.0,0.0
2023-12-29 15:30:00,0.0,0.0
2023-12-29 16:30:00,0.0,0.0
2023-12-29 17:30:00,0.0,0.0
2023-12-29 18:30:00,0.0,0.0
2023-12-29 19:30:00,0.0,0.0
2023-12-29 20:30:00,0.0,0.0
2023-12-29 21:30:00,0.0,0.0
2023-12-29 22:30:00,0.0,0.0
2023-12-29 23:30:00,0.0,0.0
2023-12-30 00:30:00,0.0,0.0
2023-12-30 01:30:00,0.0,0.0
2023-12-30 02:30:00,86.75,0.08675
2023-12-30 03:30:00,266.01,0.26600999999999997
2023-12-30 04:30:00,444.06,0.44406
2023-12-30 05:30:00,579.41,0.57941
2023-12-30 06:30:00,651.61,0.65161
2023-12-30 07:30:00,659.76,0.65976
2023-12-30 08:30:00,598.91,0.5989099999999999
2023-12-30 09:30:00,475.26,0.47526
2023-12-30 10:30:00,304.51,0.30451
2023-12-30 11:30:00,120.3,0.12029999999999999
2023-12-30 12:30:00,0.0,0.0
2023-12-30 13:30:00,0.0,0.0
2023-12-30 14:30:00,0.0,0.0
2023-12-30 15:30:00,0.0,0.0
2023-12-30 16:30:00,0.0,0.0
2023-12-30 17:30:00,0.0,0.0
2023-12-30 18:30:00,0.0,0.0
2023-12-30 19:30:00,0.0,0.0
2023-12-30 20:30:00,0.0,0.0
2023-12-30 21:30:00,0.0,0.0
2023-12-30 22:30:00,0.0,0.0
2023-12-30 23:30:00,0.0,0.0
2023-12-31 00:30:00,0.0,0.0
2023-12-31 01:30:00,0.0,0.0
2023-12-31 02:30:00,81.4,0.0814
2023-12-31 03:30:00,254.06,0.25406
2023-12-31 04:30:00,428.56,0.42856
2023-12-31 05:30:00,563.31,0.56331
2023-12-31 06:30:00,647.56,0.6475599999999999
2023-12-31 07:30:00,658.36,0.6583600000000001
2023-12-31 08:30:00,600.01,0.60001
2023-12-31 09:30:00,477.31,0.47731
2023-12-31 10:30:00,306.71,0.30671
2023-12-31 11:30:00,121.85,0.12185
2023-12-31 12:30:00,0.0,0.0
2023-12-31 13:30:00,0.0,0.0
2023-12-31 14:30:00,0.0,0.0
2023-12-31 15:30:00,0.0,0.0
2023-12-31 16:30:00,0.0,0.0
2023-12-31 17:30:00,0.0,0.0
2023-12-31 18:30:00,0.0,0.0
2023-12-31 19:30:00,0.0,0.0
2023-12-31 20:30:00,0.0,0.0
2023-12-31 21:30:00,0.0,0.0
2023-12-31 22:30:00,0.0,0.0
2023-12-31 23:30:00,0.0,0.0
